item_id,pedido_id,data_pedido,mes,loja_id,loja,cidade,canal,produto_id,produto,categoria,quantidade,preco_unitario,custo_unitario,desconto_pct,receita,custo,lucro_bruto
1,1,2025-11-24,11,1,Recife Centro,Recife,Loja,4,Leite 1L,Bebidas,1,5.5,3.7,0.15,4.67,3.7,0.97
2,1,2025-11-24,11,1,Recife Centro,Recife,Loja,10,Shampoo,Higiene,5,19.9,11.3,0.0,99.5,56.5,43.0
3,1,2025-11-24,11,1,Recife Centro,Recife,Loja,3,Feijão 1kg,Alimentos,5,9.9,6.1,0.05,47.02,30.5,16.52
4,2,2025-01-17,1,1,Recife Centro,Recife,Loja,9,Papel higiênico,Higiene,5,15.9,8.7,0.0,79.5,43.5,36.0
5,2,2025-01-17,1,1,Recife Centro,Recife,Loja,1,Café 500g,Alimentos,5,18.9,10.2,0.05,89.77,51.0,38.77
6,3,2025-04-23,4,2,Boa Viagem,Recife,Loja,3,Feijão 1kg,Alimentos,4,9.9,6.1,0.0,39.6,24.4,15.2
7,4,2025-05-23,5,1,Recife Centro,Recife,Loja,2,Arroz 5kg,Alimentos,1,27.5,18.3,0.0,27.5,18.3,9.2
8,4,2025-05-23,5,1,Recife Centro,Recife,Loja,10,Shampoo,Higiene,3,19.9,11.3,0.1,53.73,33.9,19.83
9,4,2025-05-23,5,1,Recife Centro,Recife,Loja,7,Detergente,Limpeza,3,3.9,2.0,0.0,11.7,6.0,5.7
10,5,2025-08-24,8,3,Olinda,Olinda,Loja,2,Arroz 5kg,Alimentos,5,27.5,18.3,0.0,137.5,91.5,46.0
11,5,2025-08-24,8,3,Olinda,Olinda,Loja,9,Papel higiênico,Higiene,5,15.9,8.7,0.0,79.5,43.5,36.0
12,5,2025-08-24,8,3,Olinda,Olinda,Loja,5,Suco 1L,Bebidas,1,8.5,5.2,0.0,8.5,5.2,3.3
13,5,2025-08-24,8,3,Olinda,Olinda,Loja,7,Detergente,Limpeza,2,3.9,2.0,0.0,7.8,4.0,3.8
14,6,2025-02-10,2,1,Recife Centro,Recife,Online,5,Suco 1L,Bebidas,3,8.5,5.2,0.0,25.5,15.6,9.9
15,6,2025-02-10,2,1,Recife Centro,Recife,Online,8,Sabão em pó,Limpeza,2,16.9,9.8,0.15,28.73,19.6,9.13
16,6,2025-02-10,2,1,Recife Centro,Recife,Online,6,Refrigerante 2L,Bebidas,3,11.9,7.0,0.15,30.35,21.0,9.35
17,6,2025-02-10,2,1,Recife Centro,Recife,Online,2,Arroz 5kg,Alimentos,1,27.5,18.3,0.1,24.75,18.3,6.45
18,7,2025-11-22,11,1,Recife Centro,Recife,Loja,3,Feijão 1kg,Alimentos,4,9.9,6.1,0.0,39.6,24.4,15.2
19,7,2025-11-22,11,1,Recife Centro,Recife,Loja,8,Sabão em pó,Limpeza,5,16.9,9.8,0.0,84.5,49.0,35.5
20,8,2025-12-17,12,2,Boa Viagem,Recife,Online,4,Leite 1L,Bebidas,1,5.5,3.7,0.0,5.5,3.7,1.8
21,9,2025-07-25,7,2,Boa Viagem,Recife,Loja,4,Leite 1L,Bebidas,4,5.5,3.7,0.0,22.0,14.8,7.2
22,9,2025-07-25,7,2,Boa Viagem,Recife,Loja,8,Sabão em pó,Limpeza,3,16.9,9.8,0.0,50.7,29.4,21.3
23,9,2025-07-25,7,2,Boa Viagem,Recife,Loja,7,Detergente,Limpeza,2,3.9,2.0,0.15,6.63,4.0,2.63
24,10,2025-10-15,10,3,Olinda,Olinda,Loja,10,Shampoo,Higiene,2,19.9,11.3,0.1,35.82,22.6,13.22
25,10,2025-10-15,10,3,Olinda,Olinda,Loja,7,Detergente,Limpeza,4,3.9,2.0,0.0,15.6,8.0,7.6
26,10,2025-10-15,10,3,Olinda,Olinda,Loja,6,Refrigerante 2L,Bebidas,1,11.9,7.0,0.0,11.9,7.0,4.9
27,10,2025-10-15,10,3,Olinda,Olinda,Loja,2,Arroz 5kg,Alimentos,2,27.5,18.3,0.15,46.75,36.6,10.15
28,11,2025-03-23,3,3,Olinda,Olinda,Loja,7,Detergente,Limpeza,4,3.9,2.0,0.1,14.04,8.0,6.04
29,12,2025-08-28,8,3,Olinda,Olinda,Loja,2,Arroz 5kg,Alimentos,5,27.5,18.3,0.0,137.5,91.5,46.0
30,13,2025-11-25,11,2,Boa Viagem,Recife,Loja,3,Feijão 1kg,Alimentos,3,9.9,6.1,0.1,26.73,18.3,8.43
31,13,2025-11-25,11,2,Boa Viagem,Recife,Loja,8,Sabão em pó,Limpeza,2,16.9,9.8,0.1,30.42,19.6,10.82
32,13,2025-11-25,11,2,Boa Viagem,Recife,Loja,1,Café 500g,Alimentos,1,18.9,10.2,0.15,16.06,10.2,5.86
33,13,2025-11-25,11,2,Boa Viagem,Recife,Loja,6,Refrigerante 2L,Bebidas,3,11.9,7.0,0.15,30.35,21.0,9.35
34,14,2025-09-17,9,3,Olinda,Olinda,Loja,3,Feijão 1kg,Alimentos,5,9.9,6.1,0.0,49.5,30.5,19.0
35,14,2025-09-17,9,3,Olinda,Olinda,Loja,9,Papel higiênico,Higiene,4,15.9,8.7,0.0,63.6,34.8,28.8
36,14,2025-09-17,9,3,Olinda,Olinda,Loja,1,Café 500g,Alimentos,1,18.9,10.2,0.0,18.9,10.2,8.7
37,15,2025-06-07,6,1,Recife Centro,Recife,Loja,2,Arroz 5kg,Alimentos,4,27.5,18.3,0.0,110.0,73.2,36.8
38,16,2025-09-30,9,1,Recife Centro,Recife,Loja,9,Papel higiênico,Higiene,5,15.9,8.7,0.05,75.52,43.5,32.03
39,16,2025-09-30,9,1,Recife Centro,Recife,Loja,3,Feijão 1kg,Alimentos,2,9.9,6.1,0.1,17.82,12.2,5.62
40,16,2025-09-30,9,1,Recife Centro,Recife,Loja,5,Suco 1L,Bebidas,2,8.5,5.2,0.15,14.45,10.4,4.05
41,16,2025-09-30,9,1,Recife Centro,Recife,Loja,8,Sabão em pó,Limpeza,3,16.9,9.8,0.05,48.16,29.4,18.76
42,17,2025-12-10,12,3,Olinda,Olinda,Loja,2,Arroz 5kg,Alimentos,3,27.5,18.3,0.0,82.5,54.9,27.6
43,17,2025-12-10,12,3,Olinda,Olinda,Loja,4,Leite 1L,Bebidas,5,5.5,3.7,0.1,24.75,18.5,6.25
44,17,2025-12-10,12,3,Olinda,Olinda,Loja,9,Papel higiênico,Higiene,2,15.9,8.7,0.1,28.62,17.4,11.22
45,17,2025-12-10,12,3,Olinda,Olinda,Loja,1,Café 500g,Alimentos,2,18.9,10.2,0.0,37.8,20.4,17.4
46,18,2025-02-06,2,3,Olinda,Olinda,Loja,2,Arroz 5kg,Alimentos,3,27.5,18.3,0.0,82.5,54.9,27.6
47,18,2025-02-06,2,3,Olinda,Olinda,Loja,1,Café 500g,Alimentos,5,18.9,10.2,0.0,94.5,51.0,43.5
48,19,2025-05-23,5,3,Olinda,Olinda,Loja,10,Shampoo,Higiene,2,19.9,11.3,0.05,37.81,22.6,15.21
49,19,2025-05-23,5,3,Olinda,Olinda,Loja,8,Sabão em pó,Limpeza,4,16.9,9.8,0.0,67.6,39.2,28.4
50,20,2025-02-18,2,1,Recife Centro,Recife,Loja,7,Detergente,Limpeza,1,3.9,2.0,0.15,3.31,2.0,1.31
51,20,2025-02-18,2,1,Recife Centro,Recife,Loja,10,Shampoo,Higiene,1,19.9,11.3,0.0,19.9,11.3,8.6
52,20,2025-02-18,2,1,Recife Centro,Recife,Loja,8,Sabão em pó,Limpeza,4,16.9,9.8,0.15,57.46,39.2,18.26
53,21,2025-06-23,6,1,Recife Centro,Recife,Loja,9,Papel higiênico,Higiene,2,15.9,8.7,0.05,30.21,17.4,12.81
54,21,2025-06-23,6,1,Recife Centro,Recife,Loja,8,Sabão em pó,Limpeza,2,16.9,9.8,0.0,33.8,19.6,14.2
55,22,2025-08-25,8,1,Recife Centro,Recife,Online,8,Sabão em pó,Limpeza,5,16.9,9.8,0.0,84.5,49.0,35.5
56,23,2025-01-26,1,3,Olinda,Olinda,Online,2,Arroz 5kg,Alimentos,2,27.5,18.3,0.0,55.0,36.6,18.4
57,24,2025-07-28,7,2,Boa Viagem,Recife,Loja,1,Café 500g,Alimentos,4,18.9,10.2,0.0,75.6,40.8,34.8
58,24,2025-07-28,7,2,Boa Viagem,Recife,Loja,3,Feijão 1kg,Alimentos,4,9.9,6.1,0.0,39.6,24.4,15.2
59,24,2025-07-28,7,2,Boa Viagem,Recife,Loja,7,Detergente,Limpeza,4,3.9,2.0,0.15,13.26,8.0,5.26
60,24,2025-07-28,7,2,Boa Viagem,Recife,Loja,10,Shampoo,Higiene,5,19.9,11.3,0.15,84.58,56.5,28.07
61,25,2025-09-07,9,1,Recife Centro,Recife,Loja,1,Café 500g,Alimentos,1,18.9,10.2,0.15,16.06,10.2,5.86
62,25,2025-09-07,9,1,Recife Centro,Recife,Loja,9,Papel higiênico,Higiene,3,15.9,8.7,0.0,47.7,26.1,21.6
63,26,2025-01-26,1,3,Olinda,Olinda,Loja,1,Café 500g,Alimentos,1,18.9,10.2,0.0,18.9,10.2,8.7
64,26,2025-01-26,1,3,Olinda,Olinda,Loja,9,Papel higiênico,Higiene,1,15.9,8.7,0.1,14.31,8.7,5.61
65,27,2025-02-04,2,3,Olinda,Olinda,Online,2,Arroz 5kg,Alimentos,1,27.5,18.3,0.05,26.13,18.3,7.82
66,27,2025-02-04,2,3,Olinda,Olinda,Online,4,Leite 1L,Bebidas,5,5.5,3.7,0.1,24.75,18.5,6.25
67,27,2025-02-04,2,3,Olinda,Olinda,Online,1,Café 500g,Alimentos,5,18.9,10.2,0.0,94.5,51.0,43.5
68,27,2025-02-04,2,3,Olinda,Olinda,Online,5,Suco 1L,Bebidas,3,8.5,5.2,0.0,25.5,15.6,9.9
69,28,2025-12-09,12,3,Olinda,Olinda,Loja,7,Detergente,Limpeza,4,3.9,2.0,0.0,15.6,8.0,7.6
70,28,2025-12-09,12,3,Olinda,Olinda,Loja,3,Feijão 1kg,Alimentos,1,9.9,6.1,0.0,9.9,6.1,3.8
71,28,2025-12-09,12,3,Olinda,Olinda,Loja,5,Suco 1L,Bebidas,4,8.5,5.2,0.1,30.6,20.8,9.8
72,29,2025-10-16,10,1,Recife Centro,Recife,Loja,9,Papel higiênico,Higiene,2,15.9,8.7,0.0,31.8,17.4,14.4
73,29,2025-10-16,10,1,Recife Centro,Recife,Loja,5,Suco 1L,Bebidas,1,8.5,5.2,0.0,8.5,5.2,3.3
74,30,2025-07-09,7,2,Boa Viagem,Recife,Loja,10,Shampoo,Higiene,5,19.9,11.3,0.0,99.5,56.5,43.0
75,30,2025-07-09,7,2,Boa Viagem,Recife,Loja,9,Papel higiênico,Higiene,1,15.9,8.7,0.0,15.9,8.7,7.2
76,30,2025-07-09,7,2,Boa Viagem,Recife,Loja,1,Café 500g,Alimentos,3,18.9,10.2,0.0,56.7,30.6,26.1
77,31,2025-02-24,2,3,Olinda,Olinda,Loja,5,Suco 1L,Bebidas,2,8.5,5.2,0.15,14.45,10.4,4.05
78,31,2025-02-24,2,3,Olinda,Olinda,Loja,4,Leite 1L,Bebidas,3,5.5,3.7,0.1,14.85,11.1,3.75
79,31,2025-02-24,2,3,Olinda,Olinda,Loja,6,Refrigerante 2L,Bebidas,4,11.9,7.0,0.0,47.6,28.0,19.6
80,32,2025-01-27,1,1,Recife Centro,Recife,Loja,1,Café 500g,Alimentos,2,18.9,10.2,0.15,32.13,20.4,11.73
81,32,2025-01-27,1,1,Recife Centro,Recife,Loja,10,Shampoo,Higiene,3,19.9,11.3,0.0,59.7,33.9,25.8
82,32,2025-01-27,1,1,Recife Centro,Recife,Loja,6,Refrigerante 2L,Bebidas,4,11.9,7.0,0.1,42.84,28.0,14.84
83,33,2025-12-28,12,2,Boa Viagem,Recife,Loja,2,Arroz 5kg,Alimentos,2,27.5,18.3,0.1,49.5,36.6,12.9
84,34,2025-01-19,1,2,Boa Viagem,Recife,Loja,7,Detergente,Limpeza,1,3.9,2.0,0.0,3.9,2.0,1.9
85,34,2025-01-19,1,2,Boa Viagem,Recife,Loja,3,Feijão 1kg,Alimentos,3,9.9,6.1,0.0,29.7,18.3,11.4
86,35,2025-07-03,7,1,Recife Centro,Recife,Loja,6,Refrigerante 2L,Bebidas,5,11.9,7.0,0.05,56.52,35.0,21.52
87,36,2025-11-14,11,3,Olinda,Olinda,Loja,3,Feijão 1kg,Alimentos,4,9.9,6.1,0.0,39.6,24.4,15.2
88,36,2025-11-14,11,3,Olinda,Olinda,Loja,10,Shampoo,Higiene,2,19.9,11.3,0.15,33.83,22.6,11.23
89,37,2025-06-20,6,2,Boa Viagem,Recife,Online,5,Suco 1L,Bebidas,1,8.5,5.2,0.05,8.07,5.2,2.87
90,37,2025-06-20,6,2,Boa Viagem,Recife,Online,3,Feijão 1kg,Alimentos,1,9.9,6.1,0.05,9.4,6.1,3.3
91,38,2025-04-24,4,1,Recife Centro,Recife,Online,6,Refrigerante 2L,Bebidas,1,11.9,7.0,0.15,10.12,7.0,3.12
92,38,2025-04-24,4,1,Recife Centro,Recife,Online,5,Suco 1L,Bebidas,2,8.5,5.2,0.05,16.15,10.4,5.75
93,38,2025-04-24,4,1,Recife Centro,Recife,Online,4,Leite 1L,Bebidas,3,5.5,3.7,0.0,16.5,11.1,5.4
94,38,2025-04-24,4,1,Recife Centro,Recife,Online,2,Arroz 5kg,Alimentos,1,27.5,18.3,0.0,27.5,18.3,9.2
95,39,2025-06-29,6,3,Olinda,Olinda,Loja,1,Café 500g,Alimentos,2,18.9,10.2,0.1,34.02,20.4,13.62
96,39,2025-06-29,6,3,Olinda,Olinda,Loja,2,Arroz 5kg,Alimentos,3,27.5,18.3,0.0,82.5,54.9,27.6
97,39,2025-06-29,6,3,Olinda,Olinda,Loja,5,Suco 1L,Bebidas,1,8.5,5.2,0.1,7.65,5.2,2.45
98,40,2025-08-11,8,2,Boa Viagem,Recife,Loja,7,Detergente,Limpeza,4,3.9,2.0,0.1,14.04,8.0,6.04
99,40,2025-08-11,8,2,Boa Viagem,Recife,Loja,9,Papel higiênico,Higiene,2,15.9,8.7,0.0,31.8,17.4,14.4
100,40,2025-08-11,8,2,Boa Viagem,Recife,Loja,2,Arroz 5kg,Alimentos,1,27.5,18.3,0.15,23.38,18.3,5.07
101,41,2025-08-12,8,1,Recife Centro,Recife,Loja,6,Refrigerante 2L,Bebidas,1,11.9,7.0,0.15,10.12,7.0,3.12
102,41,2025-08-12,8,1,Recife Centro,Recife,Loja,7,Detergente,Limpeza,3,3.9,2.0,0.1,10.53,6.0,4.53
103,42,2025-06-10,6,3,Olinda,Olinda,Online,9,Papel higiênico,Higiene,3,15.9,8.7,0.05,45.31,26.1,19.22
104,42,2025-06-10,6,3,Olinda,Olinda,Online,5,Suco 1L,Bebidas,3,8.5,5.2,0.1,22.95,15.6,7.35
105,42,2025-06-10,6,3,Olinda,Olinda,Online,7,Detergente,Limpeza,2,3.9,2.0,0.0,7.8,4.0,3.8
106,43,2025-08-04,8,3,Olinda,Olinda,Online,10,Shampoo,Higiene,4,19.9,11.3,0.1,71.64,45.2,26.44
107,43,2025-08-04,8,3,Olinda,Olinda,Online,5,Suco 1L,Bebidas,1,8.5,5.2,0.0,8.5,5.2,3.3
108,44,2025-05-27,5,1,Recife Centro,Recife,Loja,8,Sabão em pó,Limpeza,2,16.9,9.8,0.1,30.42,19.6,10.82
109,44,2025-05-27,5,1,Recife Centro,Recife,Loja,10,Shampoo,Higiene,4,19.9,11.3,0.15,67.66,45.2,22.46
110,44,2025-05-27,5,1,Recife Centro,Recife,Loja,9,Papel higiênico,Higiene,2,15.9,8.7,0.15,27.03,17.4,9.63
111,45,2025-02-13,2,2,Boa Viagem,Recife,Loja,2,Arroz 5kg,Alimentos,2,27.5,18.3,0.0,55.0,36.6,18.4
112,45,2025-02-13,2,2,Boa Viagem,Recife,Loja,4,Leite 1L,Bebidas,2,5.5,3.7,0.0,11.0,7.4,3.6
113,45,2025-02-13,2,2,Boa Viagem,Recife,Loja,5,Suco 1L,Bebidas,1,8.5,5.2,0.0,8.5,5.2,3.3
114,46,2025-09-01,9,3,Olinda,Olinda,Online,8,Sabão em pó,Limpeza,4,16.9,9.8,0.15,57.46,39.2,18.26
115,47,2025-10-22,10,1,Recife Centro,Recife,Loja,8,Sabão em pó,Limpeza,1,16.9,9.8,0.0,16.9,9.8,7.1
116,47,2025-10-22,10,1,Recife Centro,Recife,Loja,7,Detergente,Limpeza,4,3.9,2.0,0.0,15.6,8.0,7.6
117,47,2025-10-22,10,1,Recife Centro,Recife,Loja,4,Leite 1L,Bebidas,2,5.5,3.7,0.15,9.35,7.4,1.95
118,47,2025-10-22,10,1,Recife Centro,Recife,Loja,2,Arroz 5kg,Alimentos,5,27.5,18.3,0.05,130.63,91.5,39.13
119,48,2025-01-26,1,3,Olinda,Olinda,Loja,8,Sabão em pó,Limpeza,2,16.9,9.8,0.05,32.11,19.6,12.51
120,49,2025-12-08,12,3,Olinda,Olinda,Online,8,Sabão em pó,Limpeza,5,16.9,9.8,0.05,80.27,49.0,31.27
121,49,2025-12-08,12,3,Olinda,Olinda,Online,9,Papel higiênico,Higiene,2,15.9,8.7,0.15,27.03,17.4,9.63
122,49,2025-12-08,12,3,Olinda,Olinda,Online,7,Detergente,Limpeza,4,3.9,2.0,0.05,14.82,8.0,6.82
123,50,2025-05-13,5,1,Recife Centro,Recife,Online,9,Papel higiênico,Higiene,3,15.9,8.7,0.05,45.31,26.1,19.22
124,50,2025-05-13,5,1,Recife Centro,Recife,Online,8,Sabão em pó,Limpeza,1,16.9,9.8,0.15,14.36,9.8,4.56
125,50,2025-05-13,5,1,Recife Centro,Recife,Online,4,Leite 1L,Bebidas,3,5.5,3.7,0.0,16.5,11.1,5.4
126,51,2025-05-20,5,2,Boa Viagem,Recife,Loja,3,Feijão 1kg,Alimentos,2,9.9,6.1,0.0,19.8,12.2,7.6
127,52,2025-07-16,7,3,Olinda,Olinda,Loja,2,Arroz 5kg,Alimentos,4,27.5,18.3,0.0,110.0,73.2,36.8
128,52,2025-07-16,7,3,Olinda,Olinda,Loja,7,Detergente,Limpeza,5,3.9,2.0,0.05,18.52,10.0,8.52
129,53,2025-08-01,8,1,Recife Centro,Recife,Loja,7,Detergente,Limpeza,1,3.9,2.0,0.0,3.9,2.0,1.9
130,53,2025-08-01,8,1,Recife Centro,Recife,Loja,1,Café 500g,Alimentos,3,18.9,10.2,0.05,53.86,30.6,23.26
131,53,2025-08-01,8,1,Recife Centro,Recife,Loja,10,Shampoo,Higiene,4,19.9,11.3,0.1,71.64,45.2,26.44
132,53,2025-08-01,8,1,Recife Centro,Recife,Loja,4,Leite 1L,Bebidas,5,5.5,3.7,0.1,24.75,18.5,6.25
133,54,2025-04-23,4,2,Boa Viagem,Recife,Loja,8,Sabão em pó,Limpeza,4,16.9,9.8,0.15,57.46,39.2,18.26
134,54,2025-04-23,4,2,Boa Viagem,Recife,Loja,1,Café 500g,Alimentos,2,18.9,10.2,0.05,35.91,20.4,15.51
135,54,2025-04-23,4,2,Boa Viagem,Recife,Loja,7,Detergente,Limpeza,2,3.9,2.0,0.1,7.02,4.0,3.02
136,54,2025-04-23,4,2,Boa Viagem,Recife,Loja,3,Feijão 1kg,Alimentos,5,9.9,6.1,0.0,49.5,30.5,19.0
137,55,2025-07-21,7,3,Olinda,Olinda,Loja,2,Arroz 5kg,Alimentos,4,27.5,18.3,0.0,110.0,73.2,36.8
138,56,2025-08-25,8,1,Recife Centro,Recife,Loja,6,Refrigerante 2L,Bebidas,3,11.9,7.0,0.05,33.91,21.0,12.91
139,56,2025-08-25,8,1,Recife Centro,Recife,Loja,4,Leite 1L,Bebidas,3,5.5,3.7,0.05,15.67,11.1,4.57
140,56,2025-08-25,8,1,Recife Centro,Recife,Loja,8,Sabão em pó,Limpeza,3,16.9,9.8,0.0,50.7,29.4,21.3
141,56,2025-08-25,8,1,Recife Centro,Recife,Loja,3,Feijão 1kg,Alimentos,4,9.9,6.1,0.0,39.6,24.4,15.2
142,57,2025-10-04,10,1,Recife Centro,Recife,Online,4,Leite 1L,Bebidas,1,5.5,3.7,0.0,5.5,3.7,1.8
143,57,2025-10-04,10,1,Recife Centro,Recife,Online,2,Arroz 5kg,Alimentos,2,27.5,18.3,0.0,55.0,36.6,18.4
144,57,2025-10-04,10,1,Recife Centro,Recife,Online,1,Café 500g,Alimentos,5,18.9,10.2,0.0,94.5,51.0,43.5
145,58,2025-05-03,5,1,Recife Centro,Recife,Loja,10,Shampoo,Higiene,2,19.9,11.3,0.05,37.81,22.6,15.21
146,59,2025-12-25,12,2,Boa Viagem,Recife,Online,10,Shampoo,Higiene,2,19.9,11.3,0.0,39.8,22.6,17.2
147,59,2025-12-25,12,2,Boa Viagem,Recife,Online,2,Arroz 5kg,Alimentos,1,27.5,18.3,0.1,24.75,18.3,6.45
148,60,2025-01-14,1,2,Boa Viagem,Recife,Loja,7,Detergente,Limpeza,2,3.9,2.0,0.0,7.8,4.0,3.8
149,60,2025-01-14,1,2,Boa Viagem,Recife,Loja,4,Leite 1L,Bebidas,3,5.5,3.7,0.15,14.03,11.1,2.92
150,60,2025-01-14,1,2,Boa Viagem,Recife,Loja,2,Arroz 5kg,Alimentos,5,27.5,18.3,0.0,137.5,91.5,46.0
151,60,2025-01-14,1,2,Boa Viagem,Recife,Loja,5,Suco 1L,Bebidas,5,8.5,5.2,0.0,42.5,26.0,16.5
152,61,2025-06-27,6,3,Olinda,Olinda,Loja,2,Arroz 5kg,Alimentos,1,27.5,18.3,0.05,26.13,18.3,7.82
153,61,2025-06-27,6,3,Olinda,Olinda,Loja,9,Papel higiênico,Higiene,4,15.9,8.7,0.0,63.6,34.8,28.8
154,61,2025-06-27,6,3,Olinda,Olinda,Loja,6,Refrigerante 2L,Bebidas,4,11.9,7.0,0.0,47.6,28.0,19.6
155,62,2025-11-22,11,2,Boa Viagem,Recife,Loja,3,Feijão 1kg,Alimentos,5,9.9,6.1,0.05,47.02,30.5,16.52
156,62,2025-11-22,11,2,Boa Viagem,Recife,Loja,9,Papel higiênico,Higiene,4,15.9,8.7,0.05,60.42,34.8,25.62
157,62,2025-11-22,11,2,Boa Viagem,Recife,Loja,5,Suco 1L,Bebidas,5,8.5,5.2,0.0,42.5,26.0,16.5
158,62,2025-11-22,11,2,Boa Viagem,Recife,Loja,8,Sabão em pó,Limpeza,3,16.9,9.8,0.0,50.7,29.4,21.3
159,63,2025-02-14,2,2,Boa Viagem,Recife,Online,8,Sabão em pó,Limpeza,3,16.9,9.8,0.0,50.7,29.4,21.3
160,63,2025-02-14,2,2,Boa Viagem,Recife,Online,7,Detergente,Limpeza,4,3.9,2.0,0.0,15.6,8.0,7.6
161,64,2025-04-04,4,2,Boa Viagem,Recife,Loja,6,Refrigerante 2L,Bebidas,5,11.9,7.0,0.0,59.5,35.0,24.5
162,64,2025-04-04,4,2,Boa Viagem,Recife,Loja,5,Suco 1L,Bebidas,5,8.5,5.2,0.0,42.5,26.0,16.5
163,64,2025-04-04,4,2,Boa Viagem,Recife,Loja,9,Papel higiênico,Higiene,1,15.9,8.7,0.0,15.9,8.7,7.2
164,65,2025-07-28,7,2,Boa Viagem,Recife,Loja,8,Sabão em pó,Limpeza,4,16.9,9.8,0.0,67.6,39.2,28.4
165,65,2025-07-28,7,2,Boa Viagem,Recife,Loja,10,Shampoo,Higiene,1,19.9,11.3,0.0,19.9,11.3,8.6
166,66,2025-04-24,4,2,Boa Viagem,Recife,Loja,10,Shampoo,Higiene,5,19.9,11.3,0.1,89.55,56.5,33.05
167,66,2025-04-24,4,2,Boa Viagem,Recife,Loja,6,Refrigerante 2L,Bebidas,3,11.9,7.0,0.05,33.91,21.0,12.91
168,66,2025-04-24,4,2,Boa Viagem,Recife,Loja,8,Sabão em pó,Limpeza,5,16.9,9.8,0.0,84.5,49.0,35.5
169,67,2025-06-30,6,3,Olinda,Olinda,Loja,5,Suco 1L,Bebidas,2,8.5,5.2,0.0,17.0,10.4,6.6
170,67,2025-06-30,6,3,Olinda,Olinda,Loja,4,Leite 1L,Bebidas,1,5.5,3.7,0.15,4.67,3.7,0.97
171,67,2025-06-30,6,3,Olinda,Olinda,Loja,2,Arroz 5kg,Alimentos,5,27.5,18.3,0.15,116.88,91.5,25.37
172,68,2025-04-05,4,1,Recife Centro,Recife,Loja,5,Suco 1L,Bebidas,2,8.5,5.2,0.0,17.0,10.4,6.6
173,68,2025-04-05,4,1,Recife Centro,Recife,Loja,9,Papel higiênico,Higiene,2,15.9,8.7,0.0,31.8,17.4,14.4
174,68,2025-04-05,4,1,Recife Centro,Recife,Loja,10,Shampoo,Higiene,2,19.9,11.3,0.0,39.8,22.6,17.2
175,68,2025-04-05,4,1,Recife Centro,Recife,Loja,1,Café 500g,Alimentos,1,18.9,10.2,0.15,16.06,10.2,5.86
176,69,2025-10-01,10,1,Recife Centro,Recife,Loja,9,Papel higiênico,Higiene,3,15.9,8.7,0.15,40.55,26.1,14.45
177,70,2025-03-06,3,3,Olinda,Olinda,Online,2,Arroz 5kg,Alimentos,4,27.5,18.3,0.05,104.5,73.2,31.3
178,70,2025-03-06,3,3,Olinda,Olinda,Online,1,Café 500g,Alimentos,3,18.9,10.2,0.0,56.7,30.6,26.1
179,70,2025-03-06,3,3,Olinda,Olinda,Online,5,Suco 1L,Bebidas,1,8.5,5.2,0.0,8.5,5.2,3.3
180,70,2025-03-06,3,3,Olinda,Olinda,Online,4,Leite 1L,Bebidas,4,5.5,3.7,0.0,22.0,14.8,7.2
181,71,2025-02-03,2,2,Boa Viagem,Recife,Loja,3,Feijão 1kg,Alimentos,2,9.9,6.1,0.1,17.82,12.2,5.62
182,72,2025-06-05,6,1,Recife Centro,Recife,Online,9,Papel higiênico,Higiene,4,15.9,8.7,0.1,57.24,34.8,22.44
183,73,2025-11-02,11,3,Olinda,Olinda,Loja,8,Sabão em pó,Limpeza,5,16.9,9.8,0.05,80.27,49.0,31.27
184,73,2025-11-02,11,3,Olinda,Olinda,Loja,10,Shampoo,Higiene,3,19.9,11.3,0.1,53.73,33.9,19.83
185,73,2025-11-02,11,3,Olinda,Olinda,Loja,5,Suco 1L,Bebidas,5,8.5,5.2,0.0,42.5,26.0,16.5
186,73,2025-11-02,11,3,Olinda,Olinda,Loja,7,Detergente,Limpeza,5,3.9,2.0,0.15,16.57,10.0,6.57
187,74,2025-02-20,2,1,Recife Centro,Recife,Loja,2,Arroz 5kg,Alimentos,2,27.5,18.3,0.1,49.5,36.6,12.9
188,74,2025-02-20,2,1,Recife Centro,Recife,Loja,3,Feijão 1kg,Alimentos,1,9.9,6.1,0.0,9.9,6.1,3.8
189,74,2025-02-20,2,1,Recife Centro,Recife,Loja,4,Leite 1L,Bebidas,1,5.5,3.7,0.05,5.22,3.7,1.52
190,75,2025-08-19,8,3,Olinda,Olinda,Loja,1,Café 500g,Alimentos,3,18.9,10.2,0.15,48.19,30.6,17.59
191,75,2025-08-19,8,3,Olinda,Olinda,Loja,4,Leite 1L,Bebidas,4,5.5,3.7,0.0,22.0,14.8,7.2
192,75,2025-08-19,8,3,Olinda,Olinda,Loja,5,Suco 1L,Bebidas,2,8.5,5.2,0.0,17.0,10.4,6.6
193,76,2025-11-17,11,3,Olinda,Olinda,Loja,7,Detergente,Limpeza,5,3.9,2.0,0.0,19.5,10.0,9.5
194,76,2025-11-17,11,3,Olinda,Olinda,Loja,2,Arroz 5kg,Alimentos,2,27.5,18.3,0.0,55.0,36.6,18.4
195,77,2025-03-14,3,1,Recife Centro,Recife,Loja,10,Shampoo,Higiene,1,19.9,11.3,0.05,18.9,11.3,7.6
196,77,2025-03-14,3,1,Recife Centro,Recife,Loja,5,Suco 1L,Bebidas,3,8.5,5.2,0.15,21.68,15.6,6.07
197,77,2025-03-14,3,1,Recife Centro,Recife,Loja,8,Sabão em pó,Limpeza,4,16.9,9.8,0.0,67.6,39.2,28.4
198,78,2025-09-14,9,3,Olinda,Olinda,Loja,10,Shampoo,Higiene,1,19.9,11.3,0.05,18.9,11.3,7.6
199,79,2025-06-15,6,3,Olinda,Olinda,Loja,4,Leite 1L,Bebidas,5,5.5,3.7,0.1,24.75,18.5,6.25
200,80,2025-01-11,1,3,Olinda,Olinda,Online,3,Feijão 1kg,Alimentos,4,9.9,6.1,0.1,35.64,24.4,11.24
201,81,2025-11-30,11,2,Boa Viagem,Recife,Online,10,Shampoo,Higiene,4,19.9,11.3,0.0,79.6,45.2,34.4
202,81,2025-11-30,11,2,Boa Viagem,Recife,Online,7,Detergente,Limpeza,4,3.9,2.0,0.0,15.6,8.0,7.6
203,82,2025-07-29,7,2,Boa Viagem,Recife,Loja,3,Feijão 1kg,Alimentos,3,9.9,6.1,0.05,28.21,18.3,9.91
204,83,2025-12-22,12,2,Boa Viagem,Recife,Loja,9,Papel higiênico,Higiene,3,15.9,8.7,0.0,47.7,26.1,21.6
205,83,2025-12-22,12,2,Boa Viagem,Recife,Loja,1,Café 500g,Alimentos,3,18.9,10.2,0.0,56.7,30.6,26.1
206,83,2025-12-22,12,2,Boa Viagem,Recife,Loja,8,Sabão em pó,Limpeza,4,16.9,9.8,0.1,60.84,39.2,21.64
207,83,2025-12-22,12,2,Boa Viagem,Recife,Loja,10,Shampoo,Higiene,1,19.9,11.3,0.15,16.91,11.3,5.61
208,84,2025-10-05,10,2,Boa Viagem,Recife,Loja,9,Papel higiênico,Higiene,5,15.9,8.7,0.05,75.52,43.5,32.03
209,84,2025-10-05,10,2,Boa Viagem,Recife,Loja,6,Refrigerante 2L,Bebidas,4,11.9,7.0,0.0,47.6,28.0,19.6
210,85,2025-04-15,4,2,Boa Viagem,Recife,Loja,8,Sabão em pó,Limpeza,1,16.9,9.8,0.15,14.36,9.8,4.56
211,85,2025-04-15,4,2,Boa Viagem,Recife,Loja,10,Shampoo,Higiene,5,19.9,11.3,0.0,99.5,56.5,43.0
212,85,2025-04-15,4,2,Boa Viagem,Recife,Loja,2,Arroz 5kg,Alimentos,2,27.5,18.3,0.0,55.0,36.6,18.4
213,86,2025-10-10,10,1,Recife Centro,Recife,Loja,4,Leite 1L,Bebidas,1,5.5,3.7,0.05,5.22,3.7,1.52
214,87,2025-03-02,3,3,Olinda,Olinda,Online,5,Suco 1L,Bebidas,4,8.5,5.2,0.05,32.3,20.8,11.5
215,87,2025-03-02,3,3,Olinda,Olinda,Online,9,Papel higiênico,Higiene,2,15.9,8.7,0.05,30.21,17.4,12.81
216,87,2025-03-02,3,3,Olinda,Olinda,Online,10,Shampoo,Higiene,5,19.9,11.3,0.0,99.5,56.5,43.0
217,87,2025-03-02,3,3,Olinda,Olinda,Online,4,Leite 1L,Bebidas,4,5.5,3.7,0.0,22.0,14.8,7.2
218,88,2025-11-03,11,3,Olinda,Olinda,Loja,2,Arroz 5kg,Alimentos,4,27.5,18.3,0.0,110.0,73.2,36.8
219,88,2025-11-03,11,3,Olinda,Olinda,Loja,5,Suco 1L,Bebidas,5,8.5,5.2,0.0,42.5,26.0,16.5
220,89,2025-01-02,1,2,Boa Viagem,Recife,Loja,3,Feijão 1kg,Alimentos,3,9.9,6.1,0.1,26.73,18.3,8.43
221,89,2025-01-02,1,2,Boa Viagem,Recife,Loja,8,Sabão em pó,Limpeza,5,16.9,9.8,0.05,80.27,49.0,31.27
222,89,2025-01-02,1,2,Boa Viagem,Recife,Loja,9,Papel higiênico,Higiene,4,15.9,8.7,0.0,63.6,34.8,28.8
223,89,2025-01-02,1,2,Boa Viagem,Recife,Loja,10,Shampoo,Higiene,2,19.9,11.3,0.15,33.83,22.6,11.23
224,90,2025-05-03,5,3,Olinda,Olinda,Loja,1,Café 500g,Alimentos,4,18.9,10.2,0.05,71.82,40.8,31.02
225,90,2025-05-03,5,3,Olinda,Olinda,Loja,6,Refrigerante 2L,Bebidas,2,11.9,7.0,0.05,22.61,14.0,8.61
226,90,2025-05-03,5,3,Olinda,Olinda,Loja,8,Sabão em pó,Limpeza,1,16.9,9.8,0.0,16.9,9.8,7.1
227,90,2025-05-03,5,3,Olinda,Olinda,Loja,9,Papel higiênico,Higiene,5,15.9,8.7,0.1,71.55,43.5,28.05
228,91,2025-06-19,6,1,Recife Centro,Recife,Online,2,Arroz 5kg,Alimentos,2,27.5,18.3,0.05,52.25,36.6,15.65
229,91,2025-06-19,6,1,Recife Centro,Recife,Online,9,Papel higiênico,Higiene,2,15.9,8.7,0.0,31.8,17.4,14.4
230,91,2025-06-19,6,1,Recife Centro,Recife,Online,8,Sabão em pó,Limpeza,4,16.9,9.8,0.0,67.6,39.2,28.4
231,91,2025-06-19,6,1,Recife Centro,Recife,Online,1,Café 500g,Alimentos,3,18.9,10.2,0.1,51.03,30.6,20.43
232,92,2025-12-21,12,2,Boa Viagem,Recife,Loja,9,Papel higiênico,Higiene,4,15.9,8.7,0.1,57.24,34.8,22.44
233,92,2025-12-21,12,2,Boa Viagem,Recife,Loja,7,Detergente,Limpeza,1,3.9,2.0,0.1,3.51,2.0,1.51
234,92,2025-12-21,12,2,Boa Viagem,Recife,Loja,6,Refrigerante 2L,Bebidas,1,11.9,7.0,0.0,11.9,7.0,4.9
235,93,2025-11-20,11,3,Olinda,Olinda,Online,2,Arroz 5kg,Alimentos,1,27.5,18.3,0.15,23.38,18.3,5.07
236,93,2025-11-20,11,3,Olinda,Olinda,Online,7,Detergente,Limpeza,1,3.9,2.0,0.05,3.7,2.0,1.7
237,94,2025-03-27,3,3,Olinda,Olinda,Loja,1,Café 500g,Alimentos,3,18.9,10.2,0.0,56.7,30.6,26.1
238,95,2025-05-31,5,2,Boa Viagem,Recife,Loja,4,Leite 1L,Bebidas,4,5.5,3.7,0.1,19.8,14.8,5.0
239,95,2025-05-31,5,2,Boa Viagem,Recife,Loja,9,Papel higiênico,Higiene,2,15.9,8.7,0.0,31.8,17.4,14.4
240,96,2025-03-31,3,1,Recife Centro,Recife,Loja,10,Shampoo,Higiene,2,19.9,11.3,0.0,39.8,22.6,17.2
241,96,2025-03-31,3,1,Recife Centro,Recife,Loja,4,Leite 1L,Bebidas,4,5.5,3.7,0.15,18.7,14.8,3.9
242,96,2025-03-31,3,1,Recife Centro,Recife,Loja,8,Sabão em pó,Limpeza,3,16.9,9.8,0.05,48.16,29.4,18.76
243,96,2025-03-31,3,1,Recife Centro,Recife,Loja,5,Suco 1L,Bebidas,3,8.5,5.2,0.15,21.68,15.6,6.07
244,97,2025-01-05,1,2,Boa Viagem,Recife,Online,2,Arroz 5kg,Alimentos,3,27.5,18.3,0.1,74.25,54.9,19.35
245,97,2025-01-05,1,2,Boa Viagem,Recife,Online,8,Sabão em pó,Limpeza,3,16.9,9.8,0.15,43.09,29.4,13.69
246,98,2025-08-06,8,3,Olinda,Olinda,Loja,4,Leite 1L,Bebidas,1,5.5,3.7,0.0,5.5,3.7,1.8
247,98,2025-08-06,8,3,Olinda,Olinda,Loja,7,Detergente,Limpeza,4,3.9,2.0,0.1,14.04,8.0,6.04
248,98,2025-08-06,8,3,Olinda,Olinda,Loja,8,Sabão em pó,Limpeza,3,16.9,9.8,0.1,45.63,29.4,16.23
249,99,2025-06-01,6,3,Olinda,Olinda,Loja,5,Suco 1L,Bebidas,4,8.5,5.2,0.0,34.0,20.8,13.2
250,99,2025-06-01,6,3,Olinda,Olinda,Loja,1,Café 500g,Alimentos,2,18.9,10.2,0.1,34.02,20.4,13.62
251,99,2025-06-01,6,3,Olinda,Olinda,Loja,9,Papel higiênico,Higiene,3,15.9,8.7,0.0,47.7,26.1,21.6
252,99,2025-06-01,6,3,Olinda,Olinda,Loja,10,Shampoo,Higiene,2,19.9,11.3,0.1,35.82,22.6,13.22
253,100,2025-05-09,5,3,Olinda,Olinda,Online,2,Arroz 5kg,Alimentos,3,27.5,18.3,0.05,78.38,54.9,23.47
254,100,2025-05-09,5,3,Olinda,Olinda,Online,1,Café 500g,Alimentos,1,18.9,10.2,0.1,17.01,10.2,6.81
255,101,2025-07-06,7,3,Olinda,Olinda,Loja,6,Refrigerante 2L,Bebidas,2,11.9,7.0,0.0,23.8,14.0,9.8
256,101,2025-07-06,7,3,Olinda,Olinda,Loja,7,Detergente,Limpeza,5,3.9,2.0,0.0,19.5,10.0,9.5
257,101,2025-07-06,7,3,Olinda,Olinda,Loja,3,Feijão 1kg,Alimentos,5,9.9,6.1,0.1,44.55,30.5,14.05
258,102,2025-05-20,5,1,Recife Centro,Recife,Loja,5,Suco 1L,Bebidas,1,8.5,5.2,0.0,8.5,5.2,3.3
259,102,2025-05-20,5,1,Recife Centro,Recife,Loja,6,Refrigerante 2L,Bebidas,2,11.9,7.0,0.15,20.23,14.0,6.23
260,102,2025-05-20,5,1,Recife Centro,Recife,Loja,2,Arroz 5kg,Alimentos,4,27.5,18.3,0.1,99.0,73.2,25.8
261,102,2025-05-20,5,1,Recife Centro,Recife,Loja,4,Leite 1L,Bebidas,3,5.5,3.7,0.0,16.5,11.1,5.4
262,103,2025-07-22,7,1,Recife Centro,Recife,Loja,8,Sabão em pó,Limpeza,3,16.9,9.8,0.15,43.09,29.4,13.69
263,104,2025-12-11,12,2,Boa Viagem,Recife,Loja,2,Arroz 5kg,Alimentos,1,27.5,18.3,0.1,24.75,18.3,6.45
264,104,2025-12-11,12,2,Boa Viagem,Recife,Loja,4,Leite 1L,Bebidas,5,5.5,3.7,0.0,27.5,18.5,9.0
265,104,2025-12-11,12,2,Boa Viagem,Recife,Loja,8,Sabão em pó,Limpeza,5,16.9,9.8,0.0,84.5,49.0,35.5
266,105,2025-11-28,11,1,Recife Centro,Recife,Loja,5,Suco 1L,Bebidas,1,8.5,5.2,0.0,8.5,5.2,3.3
267,105,2025-11-28,11,1,Recife Centro,Recife,Loja,7,Detergente,Limpeza,3,3.9,2.0,0.05,11.11,6.0,5.11
268,105,2025-11-28,11,1,Recife Centro,Recife,Loja,2,Arroz 5kg,Alimentos,1,27.5,18.3,0.0,27.5,18.3,9.2
269,105,2025-11-28,11,1,Recife Centro,Recife,Loja,8,Sabão em pó,Limpeza,2,16.9,9.8,0.1,30.42,19.6,10.82
270,106,2025-03-11,3,2,Boa Viagem,Recife,Loja,10,Shampoo,Higiene,1,19.9,11.3,0.05,18.9,11.3,7.6
271,106,2025-03-11,3,2,Boa Viagem,Recife,Loja,3,Feijão 1kg,Alimentos,5,9.9,6.1,0.05,47.02,30.5,16.52
272,106,2025-03-11,3,2,Boa Viagem,Recife,Loja,7,Detergente,Limpeza,3,3.9,2.0,0.0,11.7,6.0,5.7
273,106,2025-03-11,3,2,Boa Viagem,Recife,Loja,6,Refrigerante 2L,Bebidas,3,11.9,7.0,0.0,35.7,21.0,14.7
274,107,2025-08-16,8,2,Boa Viagem,Recife,Online,2,Arroz 5kg,Alimentos,1,27.5,18.3,0.05,26.13,18.3,7.82
275,107,2025-08-16,8,2,Boa Viagem,Recife,Online,6,Refrigerante 2L,Bebidas,3,11.9,7.0,0.0,35.7,21.0,14.7
276,107,2025-08-16,8,2,Boa Viagem,Recife,Online,9,Papel higiênico,Higiene,1,15.9,8.7,0.05,15.11,8.7,6.41
277,108,2025-02-16,2,3,Olinda,Olinda,Loja,1,Café 500g,Alimentos,3,18.9,10.2,0.0,56.7,30.6,26.1
278,109,2025-03-06,3,3,Olinda,Olinda,Loja,10,Shampoo,Higiene,2,19.9,11.3,0.0,39.8,22.6,17.2
279,109,2025-03-06,3,3,Olinda,Olinda,Loja,4,Leite 1L,Bebidas,2,5.5,3.7,0.1,9.9,7.4,2.5
280,110,2025-01-02,1,2,Boa Viagem,Recife,Online,3,Feijão 1kg,Alimentos,3,9.9,6.1,0.0,29.7,18.3,11.4
281,110,2025-01-02,1,2,Boa Viagem,Recife,Online,9,Papel higiênico,Higiene,1,15.9,8.7,0.15,13.52,8.7,4.82
282,111,2025-01-14,1,1,Recife Centro,Recife,Loja,10,Shampoo,Higiene,1,19.9,11.3,0.0,19.9,11.3,8.6
283,111,2025-01-14,1,1,Recife Centro,Recife,Loja,6,Refrigerante 2L,Bebidas,3,11.9,7.0,0.0,35.7,21.0,14.7
284,112,2025-03-06,3,3,Olinda,Olinda,Loja,2,Arroz 5kg,Alimentos,4,27.5,18.3,0.05,104.5,73.2,31.3
285,113,2025-07-05,7,3,Olinda,Olinda,Loja,9,Papel higiênico,Higiene,5,15.9,8.7,0.0,79.5,43.5,36.0
286,113,2025-07-05,7,3,Olinda,Olinda,Loja,4,Leite 1L,Bebidas,4,5.5,3.7,0.15,18.7,14.8,3.9
287,113,2025-07-05,7,3,Olinda,Olinda,Loja,1,Café 500g,Alimentos,1,18.9,10.2,0.0,18.9,10.2,8.7
288,113,2025-07-05,7,3,Olinda,Olinda,Loja,6,Refrigerante 2L,Bebidas,4,11.9,7.0,0.05,45.22,28.0,17.22
289,114,2025-08-07,8,3,Olinda,Olinda,Loja,2,Arroz 5kg,Alimentos,2,27.5,18.3,0.0,55.0,36.6,18.4
290,114,2025-08-07,8,3,Olinda,Olinda,Loja,10,Shampoo,Higiene,2,19.9,11.3,0.0,39.8,22.6,17.2
291,114,2025-08-07,8,3,Olinda,Olinda,Loja,6,Refrigerante 2L,Bebidas,5,11.9,7.0,0.15,50.57,35.0,15.58
292,114,2025-08-07,8,3,Olinda,Olinda,Loja,5,Suco 1L,Bebidas,5,8.5,5.2,0.1,38.25,26.0,12.25
293,115,2025-12-31,12,2,Boa Viagem,Recife,Loja,8,Sabão em pó,Limpeza,1,16.9,9.8,0.15,14.36,9.8,4.56
294,115,2025-12-31,12,2,Boa Viagem,Recife,Loja,9,Papel higiênico,Higiene,1,15.9,8.7,0.15,13.52,8.7,4.82
295,115,2025-12-31,12,2,Boa Viagem,Recife,Loja,7,Detergente,Limpeza,5,3.9,2.0,0.15,16.57,10.0,6.57
296,116,2025-04-21,4,2,Boa Viagem,Recife,Loja,7,Detergente,Limpeza,4,3.9,2.0,0.05,14.82,8.0,6.82
297,116,2025-04-21,4,2,Boa Viagem,Recife,Loja,6,Refrigerante 2L,Bebidas,4,11.9,7.0,0.15,40.46,28.0,12.46
298,117,2025-02-18,2,2,Boa Viagem,Recife,Loja,6,Refrigerante 2L,Bebidas,1,11.9,7.0,0.0,11.9,7.0,4.9
299,117,2025-02-18,2,2,Boa Viagem,Recife,Loja,3,Feijão 1kg,Alimentos,1,9.9,6.1,0.0,9.9,6.1,3.8
300,117,2025-02-18,2,2,Boa Viagem,Recife,Loja,8,Sabão em pó,Limpeza,4,16.9,9.8,0.0,67.6,39.2,28.4
301,118,2025-07-10,7,1,Recife Centro,Recife,Loja,2,Arroz 5kg,Alimentos,4,27.5,18.3,0.15,93.5,73.2,20.3
302,118,2025-07-10,7,1,Recife Centro,Recife,Loja,7,Detergente,Limpeza,1,3.9,2.0,0.0,3.9,2.0,1.9
303,118,2025-07-10,7,1,Recife Centro,Recife,Loja,6,Refrigerante 2L,Bebidas,5,11.9,7.0,0.0,59.5,35.0,24.5
304,119,2025-06-30,6,1,Recife Centro,Recife,Loja,3,Feijão 1kg,Alimentos,2,9.9,6.1,0.0,19.8,12.2,7.6
305,119,2025-06-30,6,1,Recife Centro,Recife,Loja,8,Sabão em pó,Limpeza,3,16.9,9.8,0.1,45.63,29.4,16.23
306,120,2025-07-08,7,1,Recife Centro,Recife,Online,7,Detergente,Limpeza,5,3.9,2.0,0.1,17.55,10.0,7.55
307,120,2025-07-08,7,1,Recife Centro,Recife,Online,9,Papel higiênico,Higiene,5,15.9,8.7,0.0,79.5,43.5,36.0
308,121,2025-11-08,11,3,Olinda,Olinda,Online,1,Café 500g,Alimentos,3,18.9,10.2,0.0,56.7,30.6,26.1
309,121,2025-11-08,11,3,Olinda,Olinda,Online,3,Feijão 1kg,Alimentos,3,9.9,6.1,0.0,29.7,18.3,11.4
310,121,2025-11-08,11,3,Olinda,Olinda,Online,5,Suco 1L,Bebidas,2,8.5,5.2,0.0,17.0,10.4,6.6
311,122,2025-10-17,10,3,Olinda,Olinda,Loja,1,Café 500g,Alimentos,5,18.9,10.2,0.0,94.5,51.0,43.5
312,122,2025-10-17,10,3,Olinda,Olinda,Loja,2,Arroz 5kg,Alimentos,4,27.5,18.3,0.05,104.5,73.2,31.3
313,123,2025-08-21,8,2,Boa Viagem,Recife,Loja,6,Refrigerante 2L,Bebidas,2,11.9,7.0,0.0,23.8,14.0,9.8
314,123,2025-08-21,8,2,Boa Viagem,Recife,Loja,2,Arroz 5kg,Alimentos,5,27.5,18.3,0.0,137.5,91.5,46.0
315,123,2025-08-21,8,2,Boa Viagem,Recife,Loja,1,Café 500g,Alimentos,1,18.9,10.2,0.0,18.9,10.2,8.7
316,124,2025-08-15,8,3,Olinda,Olinda,Loja,7,Detergente,Limpeza,5,3.9,2.0,0.0,19.5,10.0,9.5
317,124,2025-08-15,8,3,Olinda,Olinda,Loja,5,Suco 1L,Bebidas,3,8.5,5.2,0.05,24.22,15.6,8.62
318,124,2025-08-15,8,3,Olinda,Olinda,Loja,4,Leite 1L,Bebidas,1,5.5,3.7,0.0,5.5,3.7,1.8
319,124,2025-08-15,8,3,Olinda,Olinda,Loja,10,Shampoo,Higiene,5,19.9,11.3,0.05,94.52,56.5,38.02
320,125,2025-09-27,9,3,Olinda,Olinda,Loja,7,Detergente,Limpeza,1,3.9,2.0,0.0,3.9,2.0,1.9
321,125,2025-09-27,9,3,Olinda,Olinda,Loja,1,Café 500g,Alimentos,3,18.9,10.2,0.0,56.7,30.6,26.1
322,126,2025-03-12,3,2,Boa Viagem,Recife,Loja,1,Café 500g,Alimentos,4,18.9,10.2,0.15,64.26,40.8,23.46
323,127,2025-08-09,8,1,Recife Centro,Recife,Loja,9,Papel higiênico,Higiene,3,15.9,8.7,0.0,47.7,26.1,21.6
324,127,2025-08-09,8,1,Recife Centro,Recife,Loja,10,Shampoo,Higiene,4,19.9,11.3,0.15,67.66,45.2,22.46
325,128,2025-01-22,1,2,Boa Viagem,Recife,Loja,6,Refrigerante 2L,Bebidas,5,11.9,7.0,0.05,56.52,35.0,21.52
326,129,2025-10-21,10,2,Boa Viagem,Recife,Loja,5,Suco 1L,Bebidas,3,8.5,5.2,0.0,25.5,15.6,9.9
327,129,2025-10-21,10,2,Boa Viagem,Recife,Loja,2,Arroz 5kg,Alimentos,5,27.5,18.3,0.05,130.63,91.5,39.13
328,129,2025-10-21,10,2,Boa Viagem,Recife,Loja,7,Detergente,Limpeza,3,3.9,2.0,0.0,11.7,6.0,5.7
329,129,2025-10-21,10,2,Boa Viagem,Recife,Loja,1,Café 500g,Alimentos,4,18.9,10.2,0.0,75.6,40.8,34.8
330,130,2025-05-05,5,2,Boa Viagem,Recife,Loja,7,Detergente,Limpeza,3,3.9,2.0,0.15,9.94,6.0,3.94
331,131,2025-06-23,6,1,Recife Centro,Recife,Loja,2,Arroz 5kg,Alimentos,1,27.5,18.3,0.1,24.75,18.3,6.45
332,131,2025-06-23,6,1,Recife Centro,Recife,Loja,9,Papel higiênico,Higiene,5,15.9,8.7,0.0,79.5,43.5,36.0
333,132,2025-06-28,6,2,Boa Viagem,Recife,Loja,4,Leite 1L,Bebidas,2,5.5,3.7,0.0,11.0,7.4,3.6
334,132,2025-06-28,6,2,Boa Viagem,Recife,Loja,2,Arroz 5kg,Alimentos,2,27.5,18.3,0.0,55.0,36.6,18.4
335,133,2025-11-05,11,1,Recife Centro,Recife,Online,3,Feijão 1kg,Alimentos,4,9.9,6.1,0.05,37.62,24.4,13.22
336,134,2025-10-16,10,3,Olinda,Olinda,Loja,6,Refrigerante 2L,Bebidas,1,11.9,7.0,0.05,11.3,7.0,4.3
337,134,2025-10-16,10,3,Olinda,Olinda,Loja,3,Feijão 1kg,Alimentos,4,9.9,6.1,0.15,33.66,24.4,9.26
338,134,2025-10-16,10,3,Olinda,Olinda,Loja,8,Sabão em pó,Limpeza,3,16.9,9.8,0.0,50.7,29.4,21.3
339,135,2025-10-30,10,1,Recife Centro,Recife,Loja,5,Suco 1L,Bebidas,4,8.5,5.2,0.05,32.3,20.8,11.5
340,136,2025-01-20,1,1,Recife Centro,Recife,Loja,2,Arroz 5kg,Alimentos,4,27.5,18.3,0.1,99.0,73.2,25.8
341,136,2025-01-20,1,1,Recife Centro,Recife,Loja,10,Shampoo,Higiene,5,19.9,11.3,0.15,84.58,56.5,28.07
342,136,2025-01-20,1,1,Recife Centro,Recife,Loja,7,Detergente,Limpeza,1,3.9,2.0,0.05,3.7,2.0,1.7
343,137,2025-10-20,10,3,Olinda,Olinda,Loja,9,Papel higiênico,Higiene,1,15.9,8.7,0.0,15.9,8.7,7.2
344,137,2025-10-20,10,3,Olinda,Olinda,Loja,3,Feijão 1kg,Alimentos,1,9.9,6.1,0.1,8.91,6.1,2.81
345,137,2025-10-20,10,3,Olinda,Olinda,Loja,1,Café 500g,Alimentos,2,18.9,10.2,0.0,37.8,20.4,17.4
346,137,2025-10-20,10,3,Olinda,Olinda,Loja,4,Leite 1L,Bebidas,2,5.5,3.7,0.15,9.35,7.4,1.95
347,138,2025-08-13,8,2,Boa Viagem,Recife,Loja,6,Refrigerante 2L,Bebidas,3,11.9,7.0,0.05,33.91,21.0,12.91
348,138,2025-08-13,8,2,Boa Viagem,Recife,Loja,10,Shampoo,Higiene,4,19.9,11.3,0.0,79.6,45.2,34.4
349,139,2025-12-14,12,3,Olinda,Olinda,Loja,2,Arroz 5kg,Alimentos,5,27.5,18.3,0.15,116.88,91.5,25.37
350,139,2025-12-14,12,3,Olinda,Olinda,Loja,6,Refrigerante 2L,Bebidas,4,11.9,7.0,0.0,47.6,28.0,19.6
351,139,2025-12-14,12,3,Olinda,Olinda,Loja,10,Shampoo,Higiene,3,19.9,11.3,0.15,50.74,33.9,16.84
352,140,2025-12-03,12,3,Olinda,Olinda,Online,2,Arroz 5kg,Alimentos,3,27.5,18.3,0.15,70.13,54.9,15.22
353,140,2025-12-03,12,3,Olinda,Olinda,Online,3,Feijão 1kg,Alimentos,4,9.9,6.1,0.0,39.6,24.4,15.2
354,140,2025-12-03,12,3,Olinda,Olinda,Online,6,Refrigerante 2L,Bebidas,5,11.9,7.0,0.15,50.57,35.0,15.58
355,141,2025-02-13,2,2,Boa Viagem,Recife,Loja,3,Feijão 1kg,Alimentos,4,9.9,6.1,0.1,35.64,24.4,11.24
356,141,2025-02-13,2,2,Boa Viagem,Recife,Loja,9,Papel higiênico,Higiene,3,15.9,8.7,0.0,47.7,26.1,21.6
357,141,2025-02-13,2,2,Boa Viagem,Recife,Loja,2,Arroz 5kg,Alimentos,3,27.5,18.3,0.0,82.5,54.9,27.6
358,142,2025-04-03,4,1,Recife Centro,Recife,Loja,4,Leite 1L,Bebidas,1,5.5,3.7,0.0,5.5,3.7,1.8
359,142,2025-04-03,4,1,Recife Centro,Recife,Loja,10,Shampoo,Higiene,1,19.9,11.3,0.1,17.91,11.3,6.61
360,142,2025-04-03,4,1,Recife Centro,Recife,Loja,3,Feijão 1kg,Alimentos,5,9.9,6.1,0.15,42.07,30.5,11.58
361,142,2025-04-03,4,1,Recife Centro,Recife,Loja,2,Arroz 5kg,Alimentos,5,27.5,18.3,0.0,137.5,91.5,46.0
362,143,2025-12-05,12,2,Boa Viagem,Recife,Online,10,Shampoo,Higiene,2,19.9,11.3,0.0,39.8,22.6,17.2
363,143,2025-12-05,12,2,Boa Viagem,Recife,Online,7,Detergente,Limpeza,2,3.9,2.0,0.15,6.63,4.0,2.63
364,144,2025-11-16,11,1,Recife Centro,Recife,Loja,7,Detergente,Limpeza,3,3.9,2.0,0.15,9.94,6.0,3.94
365,145,2025-05-02,5,2,Boa Viagem,Recife,Loja,4,Leite 1L,Bebidas,4,5.5,3.7,0.0,22.0,14.8,7.2
366,145,2025-05-02,5,2,Boa Viagem,Recife,Loja,9,Papel higiênico,Higiene,3,15.9,8.7,0.15,40.55,26.1,14.45
367,145,2025-05-02,5,2,Boa Viagem,Recife,Loja,10,Shampoo,Higiene,5,19.9,11.3,0.05,94.52,56.5,38.02
368,145,2025-05-02,5,2,Boa Viagem,Recife,Loja,3,Feijão 1kg,Alimentos,4,9.9,6.1,0.0,39.6,24.4,15.2
369,146,2025-07-15,7,3,Olinda,Olinda,Loja,4,Leite 1L,Bebidas,3,5.5,3.7,0.0,16.5,11.1,5.4
370,146,2025-07-15,7,3,Olinda,Olinda,Loja,3,Feijão 1kg,Alimentos,4,9.9,6.1,0.0,39.6,24.4,15.2
371,147,2025-10-11,10,1,Recife Centro,Recife,Loja,5,Suco 1L,Bebidas,1,8.5,5.2,0.0,8.5,5.2,3.3
372,148,2025-05-20,5,2,Boa Viagem,Recife,Online,7,Detergente,Limpeza,2,3.9,2.0,0.05,7.41,4.0,3.41
373,148,2025-05-20,5,2,Boa Viagem,Recife,Online,2,Arroz 5kg,Alimentos,3,27.5,18.3,0.0,82.5,54.9,27.6
374,149,2025-08-01,8,1,Recife Centro,Recife,Loja,4,Leite 1L,Bebidas,3,5.5,3.7,0.0,16.5,11.1,5.4
375,149,2025-08-01,8,1,Recife Centro,Recife,Loja,7,Detergente,Limpeza,1,3.9,2.0,0.0,3.9,2.0,1.9
376,149,2025-08-01,8,1,Recife Centro,Recife,Loja,2,Arroz 5kg,Alimentos,1,27.5,18.3,0.15,23.38,18.3,5.07
377,150,2025-11-29,11,2,Boa Viagem,Recife,Online,1,Café 500g,Alimentos,4,18.9,10.2,0.15,64.26,40.8,23.46
378,150,2025-11-29,11,2,Boa Viagem,Recife,Online,5,Suco 1L,Bebidas,2,8.5,5.2,0.15,14.45,10.4,4.05
379,151,2025-08-29,8,2,Boa Viagem,Recife,Loja,1,Café 500g,Alimentos,3,18.9,10.2,0.0,56.7,30.6,26.1
380,152,2025-03-18,3,3,Olinda,Olinda,Online,2,Arroz 5kg,Alimentos,1,27.5,18.3,0.0,27.5,18.3,9.2
381,152,2025-03-18,3,3,Olinda,Olinda,Online,5,Suco 1L,Bebidas,2,8.5,5.2,0.05,16.15,10.4,5.75
382,152,2025-03-18,3,3,Olinda,Olinda,Online,4,Leite 1L,Bebidas,5,5.5,3.7,0.05,26.13,18.5,7.62
383,152,2025-03-18,3,3,Olinda,Olinda,Online,3,Feijão 1kg,Alimentos,1,9.9,6.1,0.0,9.9,6.1,3.8
384,153,2025-09-13,9,3,Olinda,Olinda,Loja,3,Feijão 1kg,Alimentos,4,9.9,6.1,0.0,39.6,24.4,15.2
385,153,2025-09-13,9,3,Olinda,Olinda,Loja,5,Suco 1L,Bebidas,5,8.5,5.2,0.0,42.5,26.0,16.5
386,154,2025-05-04,5,3,Olinda,Olinda,Loja,9,Papel higiênico,Higiene,3,15.9,8.7,0.0,47.7,26.1,21.6
387,155,2025-09-27,9,3,Olinda,Olinda,Loja,7,Detergente,Limpeza,4,3.9,2.0,0.0,15.6,8.0,7.6
388,156,2025-11-22,11,2,Boa Viagem,Recife,Online,1,Café 500g,Alimentos,3,18.9,10.2,0.0,56.7,30.6,26.1
389,156,2025-11-22,11,2,Boa Viagem,Recife,Online,6,Refrigerante 2L,Bebidas,1,11.9,7.0,0.1,10.71,7.0,3.71
390,156,2025-11-22,11,2,Boa Viagem,Recife,Online,2,Arroz 5kg,Alimentos,3,27.5,18.3,0.0,82.5,54.9,27.6
391,157,2025-01-23,1,2,Boa Viagem,Recife,Loja,8,Sabão em pó,Limpeza,2,16.9,9.8,0.0,33.8,19.6,14.2
392,157,2025-01-23,1,2,Boa Viagem,Recife,Loja,10,Shampoo,Higiene,1,19.9,11.3,0.15,16.91,11.3,5.61
393,158,2025-08-23,8,1,Recife Centro,Recife,Loja,4,Leite 1L,Bebidas,1,5.5,3.7,0.0,5.5,3.7,1.8
394,159,2025-06-08,6,3,Olinda,Olinda,Loja,5,Suco 1L,Bebidas,3,8.5,5.2,0.0,25.5,15.6,9.9
395,159,2025-06-08,6,3,Olinda,Olinda,Loja,1,Café 500g,Alimentos,3,18.9,10.2,0.0,56.7,30.6,26.1
396,159,2025-06-08,6,3,Olinda,Olinda,Loja,4,Leite 1L,Bebidas,1,5.5,3.7,0.0,5.5,3.7,1.8
397,159,2025-06-08,6,3,Olinda,Olinda,Loja,3,Feijão 1kg,Alimentos,4,9.9,6.1,0.05,37.62,24.4,13.22
398,160,2025-08-14,8,2,Boa Viagem,Recife,Loja,8,Sabão em pó,Limpeza,3,16.9,9.8,0.1,45.63,29.4,16.23
399,160,2025-08-14,8,2,Boa Viagem,Recife,Loja,10,Shampoo,Higiene,3,19.9,11.3,0.0,59.7,33.9,25.8
400,161,2025-08-06,8,1,Recife Centro,Recife,Loja,9,Papel higiênico,Higiene,3,15.9,8.7,0.0,47.7,26.1,21.6
401,161,2025-08-06,8,1,Recife Centro,Recife,Loja,5,Suco 1L,Bebidas,1,8.5,5.2,0.0,8.5,5.2,3.3
402,162,2025-12-05,12,2,Boa Viagem,Recife,Loja,3,Feijão 1kg,Alimentos,1,9.9,6.1,0.15,8.42,6.1,2.32
403,162,2025-12-05,12,2,Boa Viagem,Recife,Loja,8,Sabão em pó,Limpeza,3,16.9,9.8,0.1,45.63,29.4,16.23
404,162,2025-12-05,12,2,Boa Viagem,Recife,Loja,6,Refrigerante 2L,Bebidas,4,11.9,7.0,0.0,47.6,28.0,19.6
405,162,2025-12-05,12,2,Boa Viagem,Recife,Loja,4,Leite 1L,Bebidas,1,5.5,3.7,0.0,5.5,3.7,1.8
406,163,2025-12-10,12,3,Olinda,Olinda,Loja,1,Café 500g,Alimentos,5,18.9,10.2,0.15,80.33,51.0,29.32
407,163,2025-12-10,12,3,Olinda,Olinda,Loja,3,Feijão 1kg,Alimentos,4,9.9,6.1,0.0,39.6,24.4,15.2
408,164,2025-03-06,3,1,Recife Centro,Recife,Loja,6,Refrigerante 2L,Bebidas,5,11.9,7.0,0.0,59.5,35.0,24.5
409,164,2025-03-06,3,1,Recife Centro,Recife,Loja,7,Detergente,Limpeza,4,3.9,2.0,0.0,15.6,8.0,7.6
410,164,2025-03-06,3,1,Recife Centro,Recife,Loja,1,Café 500g,Alimentos,3,18.9,10.2,0.05,53.86,30.6,23.26
411,165,2025-02-09,2,3,Olinda,Olinda,Loja,7,Detergente,Limpeza,2,3.9,2.0,0.0,7.8,4.0,3.8
412,165,2025-02-09,2,3,Olinda,Olinda,Loja,6,Refrigerante 2L,Bebidas,1,11.9,7.0,0.15,10.12,7.0,3.12
413,165,2025-02-09,2,3,Olinda,Olinda,Loja,5,Suco 1L,Bebidas,2,8.5,5.2,0.05,16.15,10.4,5.75
414,166,2025-09-23,9,2,Boa Viagem,Recife,Online,5,Suco 1L,Bebidas,3,8.5,5.2,0.15,21.68,15.6,6.07
415,167,2025-08-17,8,1,Recife Centro,Recife,Online,8,Sabão em pó,Limpeza,2,16.9,9.8,0.0,33.8,19.6,14.2
416,167,2025-08-17,8,1,Recife Centro,Recife,Online,4,Leite 1L,Bebidas,4,5.5,3.7,0.0,22.0,14.8,7.2
417,167,2025-08-17,8,1,Recife Centro,Recife,Online,2,Arroz 5kg,Alimentos,4,27.5,18.3,0.0,110.0,73.2,36.8
418,168,2025-12-16,12,2,Boa Viagem,Recife,Loja,9,Papel higiênico,Higiene,5,15.9,8.7,0.0,79.5,43.5,36.0
419,169,2025-06-03,6,1,Recife Centro,Recife,Loja,6,Refrigerante 2L,Bebidas,2,11.9,7.0,0.0,23.8,14.0,9.8
420,169,2025-06-03,6,1,Recife Centro,Recife,Loja,9,Papel higiênico,Higiene,2,15.9,8.7,0.0,31.8,17.4,14.4
421,170,2025-05-02,5,2,Boa Viagem,Recife,Loja,8,Sabão em pó,Limpeza,5,16.9,9.8,0.0,84.5,49.0,35.5
422,170,2025-05-02,5,2,Boa Viagem,Recife,Loja,9,Papel higiênico,Higiene,1,15.9,8.7,0.0,15.9,8.7,7.2
423,170,2025-05-02,5,2,Boa Viagem,Recife,Loja,3,Feijão 1kg,Alimentos,4,9.9,6.1,0.15,33.66,24.4,9.26
424,171,2025-09-03,9,3,Olinda,Olinda,Loja,10,Shampoo,Higiene,1,19.9,11.3,0.05,18.9,11.3,7.6
425,171,2025-09-03,9,3,Olinda,Olinda,Loja,2,Arroz 5kg,Alimentos,4,27.5,18.3,0.15,93.5,73.2,20.3
426,171,2025-09-03,9,3,Olinda,Olinda,Loja,3,Feijão 1kg,Alimentos,5,9.9,6.1,0.0,49.5,30.5,19.0
427,171,2025-09-03,9,3,Olinda,Olinda,Loja,8,Sabão em pó,Limpeza,2,16.9,9.8,0.1,30.42,19.6,10.82
428,172,2025-11-24,11,3,Olinda,Olinda,Loja,7,Detergente,Limpeza,1,3.9,2.0,0.0,3.9,2.0,1.9
429,172,2025-11-24,11,3,Olinda,Olinda,Loja,9,Papel higiênico,Higiene,5,15.9,8.7,0.0,79.5,43.5,36.0
430,173,2025-06-05,6,1,Recife Centro,Recife,Loja,6,Refrigerante 2L,Bebidas,3,11.9,7.0,0.0,35.7,21.0,14.7
431,173,2025-06-05,6,1,Recife Centro,Recife,Loja,9,Papel higiênico,Higiene,3,15.9,8.7,0.0,47.7,26.1,21.6
432,174,2025-11-22,11,3,Olinda,Olinda,Loja,10,Shampoo,Higiene,5,19.9,11.3,0.15,84.58,56.5,28.07
433,174,2025-11-22,11,3,Olinda,Olinda,Loja,9,Papel higiênico,Higiene,2,15.9,8.7,0.1,28.62,17.4,11.22
434,174,2025-11-22,11,3,Olinda,Olinda,Loja,2,Arroz 5kg,Alimentos,5,27.5,18.3,0.0,137.5,91.5,46.0
435,175,2025-03-29,3,3,Olinda,Olinda,Loja,10,Shampoo,Higiene,1,19.9,11.3,0.0,19.9,11.3,8.6
436,175,2025-03-29,3,3,Olinda,Olinda,Loja,1,Café 500g,Alimentos,5,18.9,10.2,0.0,94.5,51.0,43.5
437,175,2025-03-29,3,3,Olinda,Olinda,Loja,9,Papel higiênico,Higiene,2,15.9,8.7,0.1,28.62,17.4,11.22
438,176,2025-08-02,8,3,Olinda,Olinda,Loja,9,Papel higiênico,Higiene,2,15.9,8.7,0.15,27.03,17.4,9.63
439,176,2025-08-02,8,3,Olinda,Olinda,Loja,5,Suco 1L,Bebidas,4,8.5,5.2,0.0,34.0,20.8,13.2
440,176,2025-08-02,8,3,Olinda,Olinda,Loja,10,Shampoo,Higiene,4,19.9,11.3,0.0,79.6,45.2,34.4
441,176,2025-08-02,8,3,Olinda,Olinda,Loja,4,Leite 1L,Bebidas,1,5.5,3.7,0.0,5.5,3.7,1.8
442,177,2025-08-14,8,2,Boa Viagem,Recife,Loja,6,Refrigerante 2L,Bebidas,3,11.9,7.0,0.15,30.35,21.0,9.35
443,177,2025-08-14,8,2,Boa Viagem,Recife,Loja,3,Feijão 1kg,Alimentos,3,9.9,6.1,0.15,25.25,18.3,6.95
444,178,2025-06-26,6,2,Boa Viagem,Recife,Loja,9,Papel higiênico,Higiene,3,15.9,8.7,0.0,47.7,26.1,21.6
445,178,2025-06-26,6,2,Boa Viagem,Recife,Loja,10,Shampoo,Higiene,4,19.9,11.3,0.0,79.6,45.2,34.4
446,178,2025-06-26,6,2,Boa Viagem,Recife,Loja,2,Arroz 5kg,Alimentos,3,27.5,18.3,0.05,78.38,54.9,23.47
447,179,2025-05-07,5,1,Recife Centro,Recife,Loja,7,Detergente,Limpeza,2,3.9,2.0,0.0,7.8,4.0,3.8
448,179,2025-05-07,5,1,Recife Centro,Recife,Loja,10,Shampoo,Higiene,5,19.9,11.3,0.15,84.58,56.5,28.07
449,179,2025-05-07,5,1,Recife Centro,Recife,Loja,4,Leite 1L,Bebidas,3,5.5,3.7,0.0,16.5,11.1,5.4
450,180,2025-03-23,3,2,Boa Viagem,Recife,Online,8,Sabão em pó,Limpeza,1,16.9,9.8,0.05,16.05,9.8,6.25
451,180,2025-03-23,3,2,Boa Viagem,Recife,Online,5,Suco 1L,Bebidas,5,8.5,5.2,0.05,40.38,26.0,14.37
452,180,2025-03-23,3,2,Boa Viagem,Recife,Online,10,Shampoo,Higiene,2,19.9,11.3,0.0,39.8,22.6,17.2
453,180,2025-03-23,3,2,Boa Viagem,Recife,Online,1,Café 500g,Alimentos,5,18.9,10.2,0.0,94.5,51.0,43.5
454,181,2025-01-25,1,1,Recife Centro,Recife,Loja,5,Suco 1L,Bebidas,1,8.5,5.2,0.05,8.07,5.2,2.87
455,181,2025-01-25,1,1,Recife Centro,Recife,Loja,9,Papel higiênico,Higiene,2,15.9,8.7,0.0,31.8,17.4,14.4
456,181,2025-01-25,1,1,Recife Centro,Recife,Loja,1,Café 500g,Alimentos,3,18.9,10.2,0.05,53.86,30.6,23.26
457,181,2025-01-25,1,1,Recife Centro,Recife,Loja,7,Detergente,Limpeza,3,3.9,2.0,0.0,11.7,6.0,5.7
458,182,2025-07-25,7,1,Recife Centro,Recife,Loja,6,Refrigerante 2L,Bebidas,3,11.9,7.0,0.0,35.7,21.0,14.7
459,182,2025-07-25,7,1,Recife Centro,Recife,Loja,9,Papel higiênico,Higiene,4,15.9,8.7,0.1,57.24,34.8,22.44
460,183,2025-08-19,8,3,Olinda,Olinda,Loja,3,Feijão 1kg,Alimentos,1,9.9,6.1,0.05,9.4,6.1,3.3
461,184,2025-07-11,7,2,Boa Viagem,Recife,Loja,3,Feijão 1kg,Alimentos,5,9.9,6.1,0.0,49.5,30.5,19.0
462,184,2025-07-11,7,2,Boa Viagem,Recife,Loja,4,Leite 1L,Bebidas,1,5.5,3.7,0.0,5.5,3.7,1.8
463,184,2025-07-11,7,2,Boa Viagem,Recife,Loja,7,Detergente,Limpeza,2,3.9,2.0,0.15,6.63,4.0,2.63
464,185,2025-06-20,6,2,Boa Viagem,Recife,Loja,10,Shampoo,Higiene,2,19.9,11.3,0.0,39.8,22.6,17.2
465,185,2025-06-20,6,2,Boa Viagem,Recife,Loja,9,Papel higiênico,Higiene,5,15.9,8.7,0.0,79.5,43.5,36.0
466,186,2025-03-25,3,2,Boa Viagem,Recife,Online,10,Shampoo,Higiene,5,19.9,11.3,0.0,99.5,56.5,43.0
467,186,2025-03-25,3,2,Boa Viagem,Recife,Online,6,Refrigerante 2L,Bebidas,4,11.9,7.0,0.0,47.6,28.0,19.6
468,186,2025-03-25,3,2,Boa Viagem,Recife,Online,8,Sabão em pó,Limpeza,3,16.9,9.8,0.0,50.7,29.4,21.3
469,187,2025-12-11,12,1,Recife Centro,Recife,Online,1,Café 500g,Alimentos,5,18.9,10.2,0.1,85.05,51.0,34.05
470,187,2025-12-11,12,1,Recife Centro,Recife,Online,8,Sabão em pó,Limpeza,2,16.9,9.8,0.15,28.73,19.6,9.13
471,187,2025-12-11,12,1,Recife Centro,Recife,Online,5,Suco 1L,Bebidas,1,8.5,5.2,0.1,7.65,5.2,2.45
472,188,2025-09-03,9,1,Recife Centro,Recife,Loja,3,Feijão 1kg,Alimentos,1,9.9,6.1,0.0,9.9,6.1,3.8
473,188,2025-09-03,9,1,Recife Centro,Recife,Loja,4,Leite 1L,Bebidas,1,5.5,3.7,0.05,5.22,3.7,1.52
474,188,2025-09-03,9,1,Recife Centro,Recife,Loja,1,Café 500g,Alimentos,3,18.9,10.2,0.05,53.86,30.6,23.26
475,188,2025-09-03,9,1,Recife Centro,Recife,Loja,5,Suco 1L,Bebidas,2,8.5,5.2,0.05,16.15,10.4,5.75
476,189,2025-12-20,12,1,Recife Centro,Recife,Loja,1,Café 500g,Alimentos,3,18.9,10.2,0.15,48.19,30.6,17.59
477,189,2025-12-20,12,1,Recife Centro,Recife,Loja,3,Feijão 1kg,Alimentos,4,9.9,6.1,0.1,35.64,24.4,11.24
478,189,2025-12-20,12,1,Recife Centro,Recife,Loja,4,Leite 1L,Bebidas,4,5.5,3.7,0.0,22.0,14.8,7.2
479,189,2025-12-20,12,1,Recife Centro,Recife,Loja,5,Suco 1L,Bebidas,2,8.5,5.2,0.05,16.15,10.4,5.75
480,190,2025-09-30,9,2,Boa Viagem,Recife,Loja,10,Shampoo,Higiene,2,19.9,11.3,0.0,39.8,22.6,17.2
481,190,2025-09-30,9,2,Boa Viagem,Recife,Loja,8,Sabão em pó,Limpeza,5,16.9,9.8,0.0,84.5,49.0,35.5
482,190,2025-09-30,9,2,Boa Viagem,Recife,Loja,4,Leite 1L,Bebidas,2,5.5,3.7,0.0,11.0,7.4,3.6
483,191,2025-05-28,5,3,Olinda,Olinda,Loja,6,Refrigerante 2L,Bebidas,3,11.9,7.0,0.0,35.7,21.0,14.7
484,191,2025-05-28,5,3,Olinda,Olinda,Loja,8,Sabão em pó,Limpeza,1,16.9,9.8,0.1,15.21,9.8,5.41
485,191,2025-05-28,5,3,Olinda,Olinda,Loja,10,Shampoo,Higiene,5,19.9,11.3,0.05,94.52,56.5,38.02
486,191,2025-05-28,5,3,Olinda,Olinda,Loja,5,Suco 1L,Bebidas,4,8.5,5.2,0.0,34.0,20.8,13.2
487,192,2025-03-16,3,2,Boa Viagem,Recife,Loja,6,Refrigerante 2L,Bebidas,4,11.9,7.0,0.15,40.46,28.0,12.46
488,193,2025-05-12,5,3,Olinda,Olinda,Loja,9,Papel higiênico,Higiene,5,15.9,8.7,0.15,67.58,43.5,24.08
489,193,2025-05-12,5,3,Olinda,Olinda,Loja,5,Suco 1L,Bebidas,3,8.5,5.2,0.0,25.5,15.6,9.9
490,194,2025-02-25,2,3,Olinda,Olinda,Loja,4,Leite 1L,Bebidas,5,5.5,3.7,0.0,27.5,18.5,9.0
491,194,2025-02-25,2,3,Olinda,Olinda,Loja,1,Café 500g,Alimentos,2,18.9,10.2,0.0,37.8,20.4,17.4
492,195,2025-02-21,2,2,Boa Viagem,Recife,Loja,2,Arroz 5kg,Alimentos,2,27.5,18.3,0.05,52.25,36.6,15.65
493,195,2025-02-21,2,2,Boa Viagem,Recife,Loja,3,Feijão 1kg,Alimentos,4,9.9,6.1,0.05,37.62,24.4,13.22
494,195,2025-02-21,2,2,Boa Viagem,Recife,Loja,1,Café 500g,Alimentos,2,18.9,10.2,0.0,37.8,20.4,17.4
495,195,2025-02-21,2,2,Boa Viagem,Recife,Loja,5,Suco 1L,Bebidas,3,8.5,5.2,0.0,25.5,15.6,9.9
496,196,2025-11-27,11,1,Recife Centro,Recife,Online,10,Shampoo,Higiene,2,19.9,11.3,0.1,35.82,22.6,13.22
497,197,2025-01-20,1,1,Recife Centro,Recife,Loja,1,Café 500g,Alimentos,4,18.9,10.2,0.0,75.6,40.8,34.8
498,197,2025-01-20,1,1,Recife Centro,Recife,Loja,7,Detergente,Limpeza,3,3.9,2.0,0.0,11.7,6.0,5.7
499,198,2025-01-05,1,2,Boa Viagem,Recife,Loja,6,Refrigerante 2L,Bebidas,3,11.9,7.0,0.05,33.91,21.0,12.91
500,199,2025-11-25,11,3,Olinda,Olinda,Loja,9,Papel higiênico,Higiene,3,15.9,8.7,0.0,47.7,26.1,21.6
501,199,2025-11-25,11,3,Olinda,Olinda,Loja,8,Sabão em pó,Limpeza,1,16.9,9.8,0.0,16.9,9.8,7.1
502,200,2025-03-25,3,3,Olinda,Olinda,Loja,3,Feijão 1kg,Alimentos,3,9.9,6.1,0.1,26.73,18.3,8.43
503,200,2025-03-25,3,3,Olinda,Olinda,Loja,1,Café 500g,Alimentos,2,18.9,10.2,0.0,37.8,20.4,17.4
504,200,2025-03-25,3,3,Olinda,Olinda,Loja,6,Refrigerante 2L,Bebidas,5,11.9,7.0,0.15,50.57,35.0,15.58
505,201,2025-07-27,7,2,Boa Viagem,Recife,Loja,7,Detergente,Limpeza,1,3.9,2.0,0.0,3.9,2.0,1.9
506,202,2025-03-13,3,2,Boa Viagem,Recife,Loja,1,Café 500g,Alimentos,4,18.9,10.2,0.0,75.6,40.8,34.8
507,202,2025-03-13,3,2,Boa Viagem,Recife,Loja,5,Suco 1L,Bebidas,4,8.5,5.2,0.0,34.0,20.8,13.2
508,203,2025-06-18,6,2,Boa Viagem,Recife,Loja,5,Suco 1L,Bebidas,3,8.5,5.2,0.15,21.68,15.6,6.07
509,204,2025-05-01,5,1,Recife Centro,Recife,Loja,5,Suco 1L,Bebidas,5,8.5,5.2,0.15,36.13,26.0,10.12
510,204,2025-05-01,5,1,Recife Centro,Recife,Loja,3,Feijão 1kg,Alimentos,3,9.9,6.1,0.15,25.25,18.3,6.95
511,204,2025-05-01,5,1,Recife Centro,Recife,Loja,7,Detergente,Limpeza,1,3.9,2.0,0.15,3.31,2.0,1.31
512,204,2025-05-01,5,1,Recife Centro,Recife,Loja,6,Refrigerante 2L,Bebidas,3,11.9,7.0,0.0,35.7,21.0,14.7
513,205,2025-11-11,11,1,Recife Centro,Recife,Loja,8,Sabão em pó,Limpeza,4,16.9,9.8,0.15,57.46,39.2,18.26
514,205,2025-11-11,11,1,Recife Centro,Recife,Loja,3,Feijão 1kg,Alimentos,5,9.9,6.1,0.0,49.5,30.5,19.0
515,206,2025-08-01,8,3,Olinda,Olinda,Loja,9,Papel higiênico,Higiene,5,15.9,8.7,0.0,79.5,43.5,36.0
516,206,2025-08-01,8,3,Olinda,Olinda,Loja,4,Leite 1L,Bebidas,5,5.5,3.7,0.05,26.13,18.5,7.62
517,206,2025-08-01,8,3,Olinda,Olinda,Loja,10,Shampoo,Higiene,5,19.9,11.3,0.15,84.58,56.5,28.07
518,206,2025-08-01,8,3,Olinda,Olinda,Loja,6,Refrigerante 2L,Bebidas,3,11.9,7.0,0.0,35.7,21.0,14.7
519,207,2025-10-16,10,1,Recife Centro,Recife,Loja,10,Shampoo,Higiene,2,19.9,11.3,0.0,39.8,22.6,17.2
520,207,2025-10-16,10,1,Recife Centro,Recife,Loja,9,Papel higiênico,Higiene,3,15.9,8.7,0.1,42.93,26.1,16.83
521,208,2025-08-15,8,1,Recife Centro,Recife,Loja,2,Arroz 5kg,Alimentos,1,27.5,18.3,0.05,26.13,18.3,7.82
522,208,2025-08-15,8,1,Recife Centro,Recife,Loja,9,Papel higiênico,Higiene,2,15.9,8.7,0.1,28.62,17.4,11.22
523,208,2025-08-15,8,1,Recife Centro,Recife,Loja,8,Sabão em pó,Limpeza,4,16.9,9.8,0.05,64.22,39.2,25.02
524,208,2025-08-15,8,1,Recife Centro,Recife,Loja,7,Detergente,Limpeza,5,3.9,2.0,0.0,19.5,10.0,9.5
525,209,2025-10-14,10,2,Boa Viagem,Recife,Loja,1,Café 500g,Alimentos,1,18.9,10.2,0.15,16.06,10.2,5.86
526,209,2025-10-14,10,2,Boa Viagem,Recife,Loja,7,Detergente,Limpeza,2,3.9,2.0,0.1,7.02,4.0,3.02
527,209,2025-10-14,10,2,Boa Viagem,Recife,Loja,5,Suco 1L,Bebidas,1,8.5,5.2,0.0,8.5,5.2,3.3
528,210,2025-08-05,8,2,Boa Viagem,Recife,Loja,2,Arroz 5kg,Alimentos,4,27.5,18.3,0.0,110.0,73.2,36.8
529,211,2025-05-27,5,2,Boa Viagem,Recife,Loja,7,Detergente,Limpeza,4,3.9,2.0,0.05,14.82,8.0,6.82
530,211,2025-05-27,5,2,Boa Viagem,Recife,Loja,6,Refrigerante 2L,Bebidas,4,11.9,7.0,0.05,45.22,28.0,17.22
531,212,2025-02-11,2,3,Olinda,Olinda,Online,6,Refrigerante 2L,Bebidas,2,11.9,7.0,0.1,21.42,14.0,7.42
532,212,2025-02-11,2,3,Olinda,Olinda,Online,2,Arroz 5kg,Alimentos,4,27.5,18.3,0.1,99.0,73.2,25.8
533,213,2025-03-07,3,3,Olinda,Olinda,Online,1,Café 500g,Alimentos,3,18.9,10.2,0.05,53.86,30.6,23.26
534,214,2025-12-11,12,3,Olinda,Olinda,Loja,4,Leite 1L,Bebidas,2,5.5,3.7,0.0,11.0,7.4,3.6
535,214,2025-12-11,12,3,Olinda,Olinda,Loja,10,Shampoo,Higiene,2,19.9,11.3,0.15,33.83,22.6,11.23
536,214,2025-12-11,12,3,Olinda,Olinda,Loja,8,Sabão em pó,Limpeza,1,16.9,9.8,0.0,16.9,9.8,7.1
537,214,2025-12-11,12,3,Olinda,Olinda,Loja,3,Feijão 1kg,Alimentos,4,9.9,6.1,0.1,35.64,24.4,11.24
538,215,2025-01-09,1,1,Recife Centro,Recife,Loja,10,Shampoo,Higiene,1,19.9,11.3,0.05,18.9,11.3,7.6
539,216,2025-11-03,11,3,Olinda,Olinda,Loja,4,Leite 1L,Bebidas,1,5.5,3.7,0.05,5.22,3.7,1.52
540,217,2025-08-13,8,1,Recife Centro,Recife,Loja,3,Feijão 1kg,Alimentos,5,9.9,6.1,0.0,49.5,30.5,19.0
541,218,2025-04-30,4,3,Olinda,Olinda,Loja,4,Leite 1L,Bebidas,5,5.5,3.7,0.0,27.5,18.5,9.0
542,218,2025-04-30,4,3,Olinda,Olinda,Loja,5,Suco 1L,Bebidas,4,8.5,5.2,0.0,34.0,20.8,13.2
543,218,2025-04-30,4,3,Olinda,Olinda,Loja,3,Feijão 1kg,Alimentos,3,9.9,6.1,0.0,29.7,18.3,11.4
544,219,2025-10-13,10,3,Olinda,Olinda,Online,7,Detergente,Limpeza,4,3.9,2.0,0.0,15.6,8.0,7.6
545,219,2025-10-13,10,3,Olinda,Olinda,Online,9,Papel higiênico,Higiene,3,15.9,8.7,0.15,40.55,26.1,14.45
546,220,2025-12-10,12,2,Boa Viagem,Recife,Online,7,Detergente,Limpeza,3,3.9,2.0,0.05,11.11,6.0,5.11
547,220,2025-12-10,12,2,Boa Viagem,Recife,Online,10,Shampoo,Higiene,2,19.9,11.3,0.1,35.82,22.6,13.22
548,220,2025-12-10,12,2,Boa Viagem,Recife,Online,3,Feijão 1kg,Alimentos,4,9.9,6.1,0.0,39.6,24.4,15.2
549,221,2025-04-26,4,2,Boa Viagem,Recife,Online,8,Sabão em pó,Limpeza,5,16.9,9.8,0.05,80.27,49.0,31.27
550,221,2025-04-26,4,2,Boa Viagem,Recife,Online,1,Café 500g,Alimentos,4,18.9,10.2,0.1,68.04,40.8,27.24
551,222,2025-09-29,9,1,Recife Centro,Recife,Loja,4,Leite 1L,Bebidas,4,5.5,3.7,0.0,22.0,14.8,7.2
552,222,2025-09-29,9,1,Recife Centro,Recife,Loja,6,Refrigerante 2L,Bebidas,1,11.9,7.0,0.1,10.71,7.0,3.71
553,222,2025-09-29,9,1,Recife Centro,Recife,Loja,2,Arroz 5kg,Alimentos,2,27.5,18.3,0.0,55.0,36.6,18.4
554,223,2025-05-18,5,2,Boa Viagem,Recife,Loja,2,Arroz 5kg,Alimentos,2,27.5,18.3,0.1,49.5,36.6,12.9
555,224,2025-12-10,12,3,Olinda,Olinda,Loja,6,Refrigerante 2L,Bebidas,1,11.9,7.0,0.0,11.9,7.0,4.9
556,224,2025-12-10,12,3,Olinda,Olinda,Loja,5,Suco 1L,Bebidas,2,8.5,5.2,0.15,14.45,10.4,4.05
557,225,2025-03-02,3,3,Olinda,Olinda,Online,4,Leite 1L,Bebidas,5,5.5,3.7,0.0,27.5,18.5,9.0
558,225,2025-03-02,3,3,Olinda,Olinda,Online,10,Shampoo,Higiene,3,19.9,11.3,0.05,56.71,33.9,22.81
559,225,2025-03-02,3,3,Olinda,Olinda,Online,7,Detergente,Limpeza,4,3.9,2.0,0.1,14.04,8.0,6.04
560,225,2025-03-02,3,3,Olinda,Olinda,Online,2,Arroz 5kg,Alimentos,3,27.5,18.3,0.0,82.5,54.9,27.6
561,226,2025-05-14,5,2,Boa Viagem,Recife,Loja,8,Sabão em pó,Limpeza,3,16.9,9.8,0.0,50.7,29.4,21.3
562,226,2025-05-14,5,2,Boa Viagem,Recife,Loja,2,Arroz 5kg,Alimentos,3,27.5,18.3,0.0,82.5,54.9,27.6
563,226,2025-05-14,5,2,Boa Viagem,Recife,Loja,10,Shampoo,Higiene,4,19.9,11.3,0.0,79.6,45.2,34.4
564,226,2025-05-14,5,2,Boa Viagem,Recife,Loja,7,Detergente,Limpeza,5,3.9,2.0,0.0,19.5,10.0,9.5
565,227,2025-03-16,3,1,Recife Centro,Recife,Loja,5,Suco 1L,Bebidas,2,8.5,5.2,0.05,16.15,10.4,5.75
566,227,2025-03-16,3,1,Recife Centro,Recife,Loja,3,Feijão 1kg,Alimentos,5,9.9,6.1,0.0,49.5,30.5,19.0
567,227,2025-03-16,3,1,Recife Centro,Recife,Loja,4,Leite 1L,Bebidas,4,5.5,3.7,0.1,19.8,14.8,5.0
568,227,2025-03-16,3,1,Recife Centro,Recife,Loja,9,Papel higiênico,Higiene,3,15.9,8.7,0.0,47.7,26.1,21.6
569,228,2025-09-08,9,3,Olinda,Olinda,Loja,8,Sabão em pó,Limpeza,2,16.9,9.8,0.15,28.73,19.6,9.13
570,228,2025-09-08,9,3,Olinda,Olinda,Loja,3,Feijão 1kg,Alimentos,5,9.9,6.1,0.05,47.02,30.5,16.52
571,228,2025-09-08,9,3,Olinda,Olinda,Loja,6,Refrigerante 2L,Bebidas,2,11.9,7.0,0.1,21.42,14.0,7.42
572,228,2025-09-08,9,3,Olinda,Olinda,Loja,2,Arroz 5kg,Alimentos,1,27.5,18.3,0.1,24.75,18.3,6.45
573,229,2025-01-18,1,1,Recife Centro,Recife,Online,1,Café 500g,Alimentos,4,18.9,10.2,0.0,75.6,40.8,34.8
574,230,2025-11-19,11,1,Recife Centro,Recife,Loja,1,Café 500g,Alimentos,5,18.9,10.2,0.05,89.77,51.0,38.77
575,230,2025-11-19,11,1,Recife Centro,Recife,Loja,4,Leite 1L,Bebidas,3,5.5,3.7,0.0,16.5,11.1,5.4
576,231,2025-11-13,11,3,Olinda,Olinda,Loja,8,Sabão em pó,Limpeza,5,16.9,9.8,0.05,80.27,49.0,31.27
577,231,2025-11-13,11,3,Olinda,Olinda,Loja,1,Café 500g,Alimentos,1,18.9,10.2,0.0,18.9,10.2,8.7
578,231,2025-11-13,11,3,Olinda,Olinda,Loja,9,Papel higiênico,Higiene,5,15.9,8.7,0.15,67.58,43.5,24.08
579,231,2025-11-13,11,3,Olinda,Olinda,Loja,5,Suco 1L,Bebidas,3,8.5,5.2,0.1,22.95,15.6,7.35
580,232,2025-05-27,5,1,Recife Centro,Recife,Loja,3,Feijão 1kg,Alimentos,2,9.9,6.1,0.0,19.8,12.2,7.6
581,232,2025-05-27,5,1,Recife Centro,Recife,Loja,2,Arroz 5kg,Alimentos,2,27.5,18.3,0.1,49.5,36.6,12.9
582,232,2025-05-27,5,1,Recife Centro,Recife,Loja,9,Papel higiênico,Higiene,5,15.9,8.7,0.0,79.5,43.5,36.0
583,232,2025-05-27,5,1,Recife Centro,Recife,Loja,5,Suco 1L,Bebidas,3,8.5,5.2,0.0,25.5,15.6,9.9
584,233,2025-07-23,7,1,Recife Centro,Recife,Loja,8,Sabão em pó,Limpeza,1,16.9,9.8,0.15,14.36,9.8,4.56
585,233,2025-07-23,7,1,Recife Centro,Recife,Loja,4,Leite 1L,Bebidas,1,5.5,3.7,0.0,5.5,3.7,1.8
586,233,2025-07-23,7,1,Recife Centro,Recife,Loja,9,Papel higiênico,Higiene,4,15.9,8.7,0.05,60.42,34.8,25.62
587,233,2025-07-23,7,1,Recife Centro,Recife,Loja,3,Feijão 1kg,Alimentos,4,9.9,6.1,0.1,35.64,24.4,11.24
588,234,2025-09-01,9,1,Recife Centro,Recife,Loja,2,Arroz 5kg,Alimentos,4,27.5,18.3,0.15,93.5,73.2,20.3
589,234,2025-09-01,9,1,Recife Centro,Recife,Loja,8,Sabão em pó,Limpeza,3,16.9,9.8,0.1,45.63,29.4,16.23
590,235,2025-02-18,2,3,Olinda,Olinda,Online,4,Leite 1L,Bebidas,3,5.5,3.7,0.0,16.5,11.1,5.4
591,235,2025-02-18,2,3,Olinda,Olinda,Online,8,Sabão em pó,Limpeza,1,16.9,9.8,0.15,14.36,9.8,4.56
592,236,2025-05-24,5,3,Olinda,Olinda,Loja,3,Feijão 1kg,Alimentos,3,9.9,6.1,0.0,29.7,18.3,11.4
593,237,2025-04-17,4,3,Olinda,Olinda,Loja,2,Arroz 5kg,Alimentos,2,27.5,18.3,0.1,49.5,36.6,12.9
594,237,2025-04-17,4,3,Olinda,Olinda,Loja,5,Suco 1L,Bebidas,4,8.5,5.2,0.15,28.9,20.8,8.1
595,237,2025-04-17,4,3,Olinda,Olinda,Loja,3,Feijão 1kg,Alimentos,5,9.9,6.1,0.0,49.5,30.5,19.0
596,237,2025-04-17,4,3,Olinda,Olinda,Loja,9,Papel higiênico,Higiene,4,15.9,8.7,0.15,54.06,34.8,19.26
597,238,2025-03-13,3,3,Olinda,Olinda,Loja,1,Café 500g,Alimentos,2,18.9,10.2,0.0,37.8,20.4,17.4
598,238,2025-03-13,3,3,Olinda,Olinda,Loja,2,Arroz 5kg,Alimentos,3,27.5,18.3,0.1,74.25,54.9,19.35
599,238,2025-03-13,3,3,Olinda,Olinda,Loja,7,Detergente,Limpeza,5,3.9,2.0,0.1,17.55,10.0,7.55
600,239,2025-07-23,7,2,Boa Viagem,Recife,Loja,8,Sabão em pó,Limpeza,3,16.9,9.8,0.1,45.63,29.4,16.23
601,239,2025-07-23,7,2,Boa Viagem,Recife,Loja,10,Shampoo,Higiene,4,19.9,11.3,0.05,75.62,45.2,30.42
602,239,2025-07-23,7,2,Boa Viagem,Recife,Loja,4,Leite 1L,Bebidas,2,5.5,3.7,0.15,9.35,7.4,1.95
603,240,2025-10-27,10,3,Olinda,Olinda,Loja,4,Leite 1L,Bebidas,3,5.5,3.7,0.0,16.5,11.1,5.4
604,240,2025-10-27,10,3,Olinda,Olinda,Loja,2,Arroz 5kg,Alimentos,4,27.5,18.3,0.15,93.5,73.2,20.3
605,240,2025-10-27,10,3,Olinda,Olinda,Loja,9,Papel higiênico,Higiene,2,15.9,8.7,0.15,27.03,17.4,9.63
606,241,2025-07-19,7,2,Boa Viagem,Recife,Loja,1,Café 500g,Alimentos,3,18.9,10.2,0.05,53.86,30.6,23.26
607,242,2025-07-04,7,2,Boa Viagem,Recife,Loja,3,Feijão 1kg,Alimentos,4,9.9,6.1,0.05,37.62,24.4,13.22
608,243,2025-10-13,10,3,Olinda,Olinda,Loja,1,Café 500g,Alimentos,1,18.9,10.2,0.0,18.9,10.2,8.7
609,244,2025-10-11,10,1,Recife Centro,Recife,Loja,7,Detergente,Limpeza,4,3.9,2.0,0.05,14.82,8.0,6.82
610,244,2025-10-11,10,1,Recife Centro,Recife,Loja,1,Café 500g,Alimentos,1,18.9,10.2,0.15,16.06,10.2,5.86
611,244,2025-10-11,10,1,Recife Centro,Recife,Loja,5,Suco 1L,Bebidas,5,8.5,5.2,0.0,42.5,26.0,16.5
612,245,2025-10-20,10,3,Olinda,Olinda,Loja,3,Feijão 1kg,Alimentos,3,9.9,6.1,0.05,28.21,18.3,9.91
613,245,2025-10-20,10,3,Olinda,Olinda,Loja,10,Shampoo,Higiene,2,19.9,11.3,0.0,39.8,22.6,17.2
614,245,2025-10-20,10,3,Olinda,Olinda,Loja,5,Suco 1L,Bebidas,2,8.5,5.2,0.05,16.15,10.4,5.75
615,245,2025-10-20,10,3,Olinda,Olinda,Loja,9,Papel higiênico,Higiene,3,15.9,8.7,0.05,45.31,26.1,19.22
616,246,2025-06-03,6,2,Boa Viagem,Recife,Online,5,Suco 1L,Bebidas,5,8.5,5.2,0.1,38.25,26.0,12.25
617,246,2025-06-03,6,2,Boa Viagem,Recife,Online,4,Leite 1L,Bebidas,2,5.5,3.7,0.05,10.45,7.4,3.05
618,246,2025-06-03,6,2,Boa Viagem,Recife,Online,8,Sabão em pó,Limpeza,1,16.9,9.8,0.0,16.9,9.8,7.1
619,247,2025-06-05,6,1,Recife Centro,Recife,Online,10,Shampoo,Higiene,4,19.9,11.3,0.0,79.6,45.2,34.4
620,247,2025-06-05,6,1,Recife Centro,Recife,Online,7,Detergente,Limpeza,4,3.9,2.0,0.15,13.26,8.0,5.26
621,247,2025-06-05,6,1,Recife Centro,Recife,Online,6,Refrigerante 2L,Bebidas,5,11.9,7.0,0.0,59.5,35.0,24.5
622,248,2025-06-03,6,2,Boa Viagem,Recife,Loja,8,Sabão em pó,Limpeza,2,16.9,9.8,0.05,32.11,19.6,12.51
623,248,2025-06-03,6,2,Boa Viagem,Recife,Loja,6,Refrigerante 2L,Bebidas,3,11.9,7.0,0.0,35.7,21.0,14.7
624,249,2025-12-22,12,3,Olinda,Olinda,Loja,6,Refrigerante 2L,Bebidas,3,11.9,7.0,0.05,33.91,21.0,12.91
625,249,2025-12-22,12,3,Olinda,Olinda,Loja,7,Detergente,Limpeza,3,3.9,2.0,0.0,11.7,6.0,5.7
626,250,2025-10-16,10,1,Recife Centro,Recife,Loja,9,Papel higiênico,Higiene,4,15.9,8.7,0.15,54.06,34.8,19.26
627,250,2025-10-16,10,1,Recife Centro,Recife,Loja,1,Café 500g,Alimentos,2,18.9,10.2,0.05,35.91,20.4,15.51
628,251,2025-05-30,5,3,Olinda,Olinda,Loja,8,Sabão em pó,Limpeza,3,16.9,9.8,0.15,43.09,29.4,13.69
629,251,2025-05-30,5,3,Olinda,Olinda,Loja,3,Feijão 1kg,Alimentos,2,9.9,6.1,0.15,16.83,12.2,4.63
630,251,2025-05-30,5,3,Olinda,Olinda,Loja,5,Suco 1L,Bebidas,4,8.5,5.2,0.05,32.3,20.8,11.5
631,251,2025-05-30,5,3,Olinda,Olinda,Loja,2,Arroz 5kg,Alimentos,1,27.5,18.3,0.05,26.13,18.3,7.82
632,252,2025-11-03,11,2,Boa Viagem,Recife,Loja,9,Papel higiênico,Higiene,5,15.9,8.7,0.1,71.55,43.5,28.05
633,252,2025-11-03,11,2,Boa Viagem,Recife,Loja,1,Café 500g,Alimentos,1,18.9,10.2,0.0,18.9,10.2,8.7
634,252,2025-11-03,11,2,Boa Viagem,Recife,Loja,6,Refrigerante 2L,Bebidas,2,11.9,7.0,0.15,20.23,14.0,6.23
635,252,2025-11-03,11,2,Boa Viagem,Recife,Loja,8,Sabão em pó,Limpeza,3,16.9,9.8,0.0,50.7,29.4,21.3
636,253,2025-11-28,11,3,Olinda,Olinda,Loja,6,Refrigerante 2L,Bebidas,1,11.9,7.0,0.0,11.9,7.0,4.9
637,253,2025-11-28,11,3,Olinda,Olinda,Loja,7,Detergente,Limpeza,2,3.9,2.0,0.1,7.02,4.0,3.02
638,253,2025-11-28,11,3,Olinda,Olinda,Loja,2,Arroz 5kg,Alimentos,5,27.5,18.3,0.1,123.75,91.5,32.25
639,253,2025-11-28,11,3,Olinda,Olinda,Loja,1,Café 500g,Alimentos,5,18.9,10.2,0.15,80.33,51.0,29.32
640,254,2025-10-22,10,1,Recife Centro,Recife,Loja,8,Sabão em pó,Limpeza,1,16.9,9.8,0.05,16.05,9.8,6.25
641,254,2025-10-22,10,1,Recife Centro,Recife,Loja,9,Papel higiênico,Higiene,1,15.9,8.7,0.0,15.9,8.7,7.2
642,254,2025-10-22,10,1,Recife Centro,Recife,Loja,3,Feijão 1kg,Alimentos,4,9.9,6.1,0.0,39.6,24.4,15.2
643,254,2025-10-22,10,1,Recife Centro,Recife,Loja,10,Shampoo,Higiene,1,19.9,11.3,0.15,16.91,11.3,5.61
644,255,2025-03-14,3,2,Boa Viagem,Recife,Loja,4,Leite 1L,Bebidas,4,5.5,3.7,0.0,22.0,14.8,7.2
645,255,2025-03-14,3,2,Boa Viagem,Recife,Loja,9,Papel higiênico,Higiene,4,15.9,8.7,0.15,54.06,34.8,19.26
646,255,2025-03-14,3,2,Boa Viagem,Recife,Loja,8,Sabão em pó,Limpeza,4,16.9,9.8,0.0,67.6,39.2,28.4
647,255,2025-03-14,3,2,Boa Viagem,Recife,Loja,3,Feijão 1kg,Alimentos,1,9.9,6.1,0.0,9.9,6.1,3.8
648,256,2025-01-23,1,3,Olinda,Olinda,Loja,2,Arroz 5kg,Alimentos,5,27.5,18.3,0.0,137.5,91.5,46.0
649,256,2025-01-23,1,3,Olinda,Olinda,Loja,3,Feijão 1kg,Alimentos,5,9.9,6.1,0.0,49.5,30.5,19.0
650,256,2025-01-23,1,3,Olinda,Olinda,Loja,4,Leite 1L,Bebidas,3,5.5,3.7,0.1,14.85,11.1,3.75
651,257,2025-08-07,8,2,Boa Viagem,Recife,Loja,3,Feijão 1kg,Alimentos,1,9.9,6.1,0.15,8.42,6.1,2.32
652,257,2025-08-07,8,2,Boa Viagem,Recife,Loja,10,Shampoo,Higiene,5,19.9,11.3,0.0,99.5,56.5,43.0
653,257,2025-08-07,8,2,Boa Viagem,Recife,Loja,7,Detergente,Limpeza,4,3.9,2.0,0.1,14.04,8.0,6.04
654,257,2025-08-07,8,2,Boa Viagem,Recife,Loja,4,Leite 1L,Bebidas,4,5.5,3.7,0.05,20.9,14.8,6.1
655,258,2025-01-03,1,3,Olinda,Olinda,Loja,2,Arroz 5kg,Alimentos,3,27.5,18.3,0.0,82.5,54.9,27.6
656,258,2025-01-03,1,3,Olinda,Olinda,Loja,10,Shampoo,Higiene,2,19.9,11.3,0.05,37.81,22.6,15.21
657,258,2025-01-03,1,3,Olinda,Olinda,Loja,3,Feijão 1kg,Alimentos,1,9.9,6.1,0.0,9.9,6.1,3.8
658,259,2025-12-10,12,2,Boa Viagem,Recife,Loja,10,Shampoo,Higiene,5,19.9,11.3,0.0,99.5,56.5,43.0
659,259,2025-12-10,12,2,Boa Viagem,Recife,Loja,7,Detergente,Limpeza,3,3.9,2.0,0.0,11.7,6.0,5.7
660,259,2025-12-10,12,2,Boa Viagem,Recife,Loja,9,Papel higiênico,Higiene,4,15.9,8.7,0.1,57.24,34.8,22.44
661,260,2025-03-30,3,3,Olinda,Olinda,Loja,10,Shampoo,Higiene,3,19.9,11.3,0.0,59.7,33.9,25.8
662,260,2025-03-30,3,3,Olinda,Olinda,Loja,2,Arroz 5kg,Alimentos,2,27.5,18.3,0.0,55.0,36.6,18.4
663,260,2025-03-30,3,3,Olinda,Olinda,Loja,3,Feijão 1kg,Alimentos,1,9.9,6.1,0.0,9.9,6.1,3.8
664,261,2025-07-11,7,3,Olinda,Olinda,Loja,7,Detergente,Limpeza,2,3.9,2.0,0.05,7.41,4.0,3.41
665,261,2025-07-11,7,3,Olinda,Olinda,Loja,3,Feijão 1kg,Alimentos,5,9.9,6.1,0.15,42.07,30.5,11.58
666,261,2025-07-11,7,3,Olinda,Olinda,Loja,10,Shampoo,Higiene,2,19.9,11.3,0.1,35.82,22.6,13.22
667,261,2025-07-11,7,3,Olinda,Olinda,Loja,4,Leite 1L,Bebidas,2,5.5,3.7,0.05,10.45,7.4,3.05
668,262,2025-05-28,5,1,Recife Centro,Recife,Loja,10,Shampoo,Higiene,4,19.9,11.3,0.0,79.6,45.2,34.4
669,262,2025-05-28,5,1,Recife Centro,Recife,Loja,1,Café 500g,Alimentos,2,18.9,10.2,0.05,35.91,20.4,15.51
670,262,2025-05-28,5,1,Recife Centro,Recife,Loja,6,Refrigerante 2L,Bebidas,5,11.9,7.0,0.1,53.55,35.0,18.55
671,262,2025-05-28,5,1,Recife Centro,Recife,Loja,9,Papel higiênico,Higiene,4,15.9,8.7,0.05,60.42,34.8,25.62
672,263,2025-12-17,12,2,Boa Viagem,Recife,Loja,8,Sabão em pó,Limpeza,1,16.9,9.8,0.0,16.9,9.8,7.1
673,263,2025-12-17,12,2,Boa Viagem,Recife,Loja,3,Feijão 1kg,Alimentos,3,9.9,6.1,0.0,29.7,18.3,11.4
674,263,2025-12-17,12,2,Boa Viagem,Recife,Loja,2,Arroz 5kg,Alimentos,3,27.5,18.3,0.0,82.5,54.9,27.6
675,263,2025-12-17,12,2,Boa Viagem,Recife,Loja,5,Suco 1L,Bebidas,5,8.5,5.2,0.0,42.5,26.0,16.5
676,264,2025-03-28,3,2,Boa Viagem,Recife,Loja,9,Papel higiênico,Higiene,1,15.9,8.7,0.0,15.9,8.7,7.2
677,264,2025-03-28,3,2,Boa Viagem,Recife,Loja,10,Shampoo,Higiene,5,19.9,11.3,0.0,99.5,56.5,43.0
678,264,2025-03-28,3,2,Boa Viagem,Recife,Loja,2,Arroz 5kg,Alimentos,5,27.5,18.3,0.0,137.5,91.5,46.0
679,264,2025-03-28,3,2,Boa Viagem,Recife,Loja,5,Suco 1L,Bebidas,4,8.5,5.2,0.1,30.6,20.8,9.8
680,265,2025-04-22,4,2,Boa Viagem,Recife,Loja,5,Suco 1L,Bebidas,4,8.5,5.2,0.0,34.0,20.8,13.2
681,265,2025-04-22,4,2,Boa Viagem,Recife,Loja,1,Café 500g,Alimentos,3,18.9,10.2,0.0,56.7,30.6,26.1
682,266,2025-08-13,8,1,Recife Centro,Recife,Online,4,Leite 1L,Bebidas,5,5.5,3.7,0.15,23.38,18.5,4.87
683,266,2025-08-13,8,1,Recife Centro,Recife,Online,6,Refrigerante 2L,Bebidas,4,11.9,7.0,0.0,47.6,28.0,19.6
684,267,2025-11-12,11,1,Recife Centro,Recife,Online,1,Café 500g,Alimentos,5,18.9,10.2,0.0,94.5,51.0,43.5
685,267,2025-11-12,11,1,Recife Centro,Recife,Online,6,Refrigerante 2L,Bebidas,5,11.9,7.0,0.1,53.55,35.0,18.55
686,268,2025-03-28,3,2,Boa Viagem,Recife,Online,5,Suco 1L,Bebidas,2,8.5,5.2,0.05,16.15,10.4,5.75
687,268,2025-03-28,3,2,Boa Viagem,Recife,Online,10,Shampoo,Higiene,1,19.9,11.3,0.0,19.9,11.3,8.6
688,268,2025-03-28,3,2,Boa Viagem,Recife,Online,2,Arroz 5kg,Alimentos,2,27.5,18.3,0.15,46.75,36.6,10.15
689,269,2025-03-09,3,1,Recife Centro,Recife,Loja,4,Leite 1L,Bebidas,2,5.5,3.7,0.1,9.9,7.4,2.5
690,269,2025-03-09,3,1,Recife Centro,Recife,Loja,7,Detergente,Limpeza,3,3.9,2.0,0.15,9.94,6.0,3.94
691,269,2025-03-09,3,1,Recife Centro,Recife,Loja,8,Sabão em pó,Limpeza,4,16.9,9.8,0.05,64.22,39.2,25.02
692,270,2025-08-20,8,1,Recife Centro,Recife,Loja,7,Detergente,Limpeza,5,3.9,2.0,0.15,16.57,10.0,6.57
693,271,2025-05-23,5,3,Olinda,Olinda,Online,8,Sabão em pó,Limpeza,5,16.9,9.8,0.0,84.5,49.0,35.5
694,271,2025-05-23,5,3,Olinda,Olinda,Online,10,Shampoo,Higiene,1,19.9,11.3,0.15,16.91,11.3,5.61
695,271,2025-05-23,5,3,Olinda,Olinda,Online,6,Refrigerante 2L,Bebidas,4,11.9,7.0,0.15,40.46,28.0,12.46
696,272,2025-12-07,12,3,Olinda,Olinda,Loja,9,Papel higiênico,Higiene,4,15.9,8.7,0.0,63.6,34.8,28.8
697,273,2025-08-08,8,1,Recife Centro,Recife,Loja,5,Suco 1L,Bebidas,5,8.5,5.2,0.05,40.38,26.0,14.37
698,273,2025-08-08,8,1,Recife Centro,Recife,Loja,6,Refrigerante 2L,Bebidas,3,11.9,7.0,0.15,30.35,21.0,9.35
699,273,2025-08-08,8,1,Recife Centro,Recife,Loja,3,Feijão 1kg,Alimentos,1,9.9,6.1,0.0,9.9,6.1,3.8
700,274,2025-02-20,2,3,Olinda,Olinda,Online,1,Café 500g,Alimentos,4,18.9,10.2,0.0,75.6,40.8,34.8
701,274,2025-02-20,2,3,Olinda,Olinda,Online,2,Arroz 5kg,Alimentos,4,27.5,18.3,0.0,110.0,73.2,36.8
702,274,2025-02-20,2,3,Olinda,Olinda,Online,3,Feijão 1kg,Alimentos,2,9.9,6.1,0.15,16.83,12.2,4.63
703,274,2025-02-20,2,3,Olinda,Olinda,Online,4,Leite 1L,Bebidas,3,5.5,3.7,0.0,16.5,11.1,5.4
704,275,2025-05-21,5,1,Recife Centro,Recife,Loja,2,Arroz 5kg,Alimentos,1,27.5,18.3,0.05,26.13,18.3,7.82
705,275,2025-05-21,5,1,Recife Centro,Recife,Loja,6,Refrigerante 2L,Bebidas,3,11.9,7.0,0.15,30.35,21.0,9.35
706,275,2025-05-21,5,1,Recife Centro,Recife,Loja,3,Feijão 1kg,Alimentos,2,9.9,6.1,0.05,18.81,12.2,6.61
707,276,2025-12-02,12,1,Recife Centro,Recife,Loja,4,Leite 1L,Bebidas,4,5.5,3.7,0.0,22.0,14.8,7.2
708,277,2025-03-09,3,3,Olinda,Olinda,Loja,1,Café 500g,Alimentos,1,18.9,10.2,0.05,17.95,10.2,7.75
709,277,2025-03-09,3,3,Olinda,Olinda,Loja,10,Shampoo,Higiene,2,19.9,11.3,0.05,37.81,22.6,15.21
710,277,2025-03-09,3,3,Olinda,Olinda,Loja,6,Refrigerante 2L,Bebidas,1,11.9,7.0,0.0,11.9,7.0,4.9
711,277,2025-03-09,3,3,Olinda,Olinda,Loja,7,Detergente,Limpeza,4,3.9,2.0,0.0,15.6,8.0,7.6
712,278,2025-02-22,2,1,Recife Centro,Recife,Loja,3,Feijão 1kg,Alimentos,2,9.9,6.1,0.0,19.8,12.2,7.6
713,278,2025-02-22,2,1,Recife Centro,Recife,Loja,7,Detergente,Limpeza,5,3.9,2.0,0.1,17.55,10.0,7.55
714,278,2025-02-22,2,1,Recife Centro,Recife,Loja,10,Shampoo,Higiene,1,19.9,11.3,0.1,17.91,11.3,6.61
715,279,2025-11-29,11,1,Recife Centro,Recife,Loja,3,Feijão 1kg,Alimentos,5,9.9,6.1,0.15,42.07,30.5,11.58
716,279,2025-11-29,11,1,Recife Centro,Recife,Loja,7,Detergente,Limpeza,4,3.9,2.0,0.0,15.6,8.0,7.6
717,280,2025-02-14,2,1,Recife Centro,Recife,Loja,10,Shampoo,Higiene,4,19.9,11.3,0.0,79.6,45.2,34.4
718,281,2025-08-08,8,2,Boa Viagem,Recife,Online,5,Suco 1L,Bebidas,2,8.5,5.2,0.1,15.3,10.4,4.9
719,281,2025-08-08,8,2,Boa Viagem,Recife,Online,2,Arroz 5kg,Alimentos,5,27.5,18.3,0.1,123.75,91.5,32.25
720,282,2025-11-08,11,2,Boa Viagem,Recife,Online,5,Suco 1L,Bebidas,2,8.5,5.2,0.1,15.3,10.4,4.9
721,283,2025-11-07,11,3,Olinda,Olinda,Loja,5,Suco 1L,Bebidas,4,8.5,5.2,0.0,34.0,20.8,13.2
722,283,2025-11-07,11,3,Olinda,Olinda,Loja,1,Café 500g,Alimentos,2,18.9,10.2,0.05,35.91,20.4,15.51
723,283,2025-11-07,11,3,Olinda,Olinda,Loja,4,Leite 1L,Bebidas,5,5.5,3.7,0.0,27.5,18.5,9.0
724,283,2025-11-07,11,3,Olinda,Olinda,Loja,8,Sabão em pó,Limpeza,5,16.9,9.8,0.0,84.5,49.0,35.5
725,284,2025-07-04,7,2,Boa Viagem,Recife,Loja,6,Refrigerante 2L,Bebidas,4,11.9,7.0,0.0,47.6,28.0,19.6
726,284,2025-07-04,7,2,Boa Viagem,Recife,Loja,9,Papel higiênico,Higiene,1,15.9,8.7,0.1,14.31,8.7,5.61
727,284,2025-07-04,7,2,Boa Viagem,Recife,Loja,3,Feijão 1kg,Alimentos,1,9.9,6.1,0.0,9.9,6.1,3.8
728,284,2025-07-04,7,2,Boa Viagem,Recife,Loja,7,Detergente,Limpeza,3,3.9,2.0,0.0,11.7,6.0,5.7
729,285,2025-01-21,1,1,Recife Centro,Recife,Online,9,Papel higiênico,Higiene,4,15.9,8.7,0.0,63.6,34.8,28.8
730,285,2025-01-21,1,1,Recife Centro,Recife,Online,5,Suco 1L,Bebidas,5,8.5,5.2,0.1,38.25,26.0,12.25
731,285,2025-01-21,1,1,Recife Centro,Recife,Online,7,Detergente,Limpeza,5,3.9,2.0,0.0,19.5,10.0,9.5
732,285,2025-01-21,1,1,Recife Centro,Recife,Online,4,Leite 1L,Bebidas,3,5.5,3.7,0.0,16.5,11.1,5.4
733,286,2025-06-08,6,1,Recife Centro,Recife,Loja,3,Feijão 1kg,Alimentos,3,9.9,6.1,0.05,28.21,18.3,9.91
734,286,2025-06-08,6,1,Recife Centro,Recife,Loja,9,Papel higiênico,Higiene,5,15.9,8.7,0.15,67.58,43.5,24.08
735,287,2025-11-29,11,3,Olinda,Olinda,Loja,7,Detergente,Limpeza,2,3.9,2.0,0.0,7.8,4.0,3.8
736,287,2025-11-29,11,3,Olinda,Olinda,Loja,4,Leite 1L,Bebidas,4,5.5,3.7,0.0,22.0,14.8,7.2
737,287,2025-11-29,11,3,Olinda,Olinda,Loja,1,Café 500g,Alimentos,4,18.9,10.2,0.1,68.04,40.8,27.24
738,288,2025-11-08,11,1,Recife Centro,Recife,Loja,2,Arroz 5kg,Alimentos,2,27.5,18.3,0.15,46.75,36.6,10.15
739,288,2025-11-08,11,1,Recife Centro,Recife,Loja,1,Café 500g,Alimentos,1,18.9,10.2,0.0,18.9,10.2,8.7
740,289,2025-09-12,9,2,Boa Viagem,Recife,Loja,3,Feijão 1kg,Alimentos,3,9.9,6.1,0.15,25.25,18.3,6.95
741,289,2025-09-12,9,2,Boa Viagem,Recife,Loja,6,Refrigerante 2L,Bebidas,1,11.9,7.0,0.0,11.9,7.0,4.9
742,289,2025-09-12,9,2,Boa Viagem,Recife,Loja,10,Shampoo,Higiene,3,19.9,11.3,0.05,56.71,33.9,22.81
743,290,2025-05-20,5,3,Olinda,Olinda,Loja,8,Sabão em pó,Limpeza,4,16.9,9.8,0.1,60.84,39.2,21.64
744,291,2025-07-04,7,1,Recife Centro,Recife,Loja,6,Refrigerante 2L,Bebidas,3,11.9,7.0,0.0,35.7,21.0,14.7
745,291,2025-07-04,7,1,Recife Centro,Recife,Loja,3,Feijão 1kg,Alimentos,5,9.9,6.1,0.15,42.07,30.5,11.58
746,292,2025-03-01,3,1,Recife Centro,Recife,Loja,1,Café 500g,Alimentos,1,18.9,10.2,0.0,18.9,10.2,8.7
747,293,2025-01-24,1,2,Boa Viagem,Recife,Loja,3,Feijão 1kg,Alimentos,5,9.9,6.1,0.15,42.07,30.5,11.58
748,293,2025-01-24,1,2,Boa Viagem,Recife,Loja,1,Café 500g,Alimentos,4,18.9,10.2,0.0,75.6,40.8,34.8
749,294,2025-06-14,6,1,Recife Centro,Recife,Loja,5,Suco 1L,Bebidas,1,8.5,5.2,0.1,7.65,5.2,2.45
750,294,2025-06-14,6,1,Recife Centro,Recife,Loja,2,Arroz 5kg,Alimentos,1,27.5,18.3,0.0,27.5,18.3,9.2
751,294,2025-06-14,6,1,Recife Centro,Recife,Loja,6,Refrigerante 2L,Bebidas,2,11.9,7.0,0.1,21.42,14.0,7.42
752,295,2025-01-24,1,2,Boa Viagem,Recife,Loja,5,Suco 1L,Bebidas,5,8.5,5.2,0.05,40.38,26.0,14.37
753,295,2025-01-24,1,2,Boa Viagem,Recife,Loja,10,Shampoo,Higiene,1,19.9,11.3,0.0,19.9,11.3,8.6
754,295,2025-01-24,1,2,Boa Viagem,Recife,Loja,6,Refrigerante 2L,Bebidas,2,11.9,7.0,0.0,23.8,14.0,9.8
755,295,2025-01-24,1,2,Boa Viagem,Recife,Loja,1,Café 500g,Alimentos,5,18.9,10.2,0.0,94.5,51.0,43.5
756,296,2025-11-15,11,1,Recife Centro,Recife,Loja,4,Leite 1L,Bebidas,1,5.5,3.7,0.05,5.22,3.7,1.52
757,296,2025-11-15,11,1,Recife Centro,Recife,Loja,9,Papel higiênico,Higiene,1,15.9,8.7,0.0,15.9,8.7,7.2
758,296,2025-11-15,11,1,Recife Centro,Recife,Loja,10,Shampoo,Higiene,5,19.9,11.3,0.0,99.5,56.5,43.0
759,296,2025-11-15,11,1,Recife Centro,Recife,Loja,2,Arroz 5kg,Alimentos,1,27.5,18.3,0.0,27.5,18.3,9.2
760,297,2025-01-01,1,3,Olinda,Olinda,Loja,2,Arroz 5kg,Alimentos,4,27.5,18.3,0.05,104.5,73.2,31.3
761,297,2025-01-01,1,3,Olinda,Olinda,Loja,4,Leite 1L,Bebidas,1,5.5,3.7,0.0,5.5,3.7,1.8
762,297,2025-01-01,1,3,Olinda,Olinda,Loja,9,Papel higiênico,Higiene,3,15.9,8.7,0.0,47.7,26.1,21.6
763,298,2025-01-23,1,1,Recife Centro,Recife,Online,6,Refrigerante 2L,Bebidas,1,11.9,7.0,0.1,10.71,7.0,3.71
764,298,2025-01-23,1,1,Recife Centro,Recife,Online,8,Sabão em pó,Limpeza,2,16.9,9.8,0.15,28.73,19.6,9.13
765,298,2025-01-23,1,1,Recife Centro,Recife,Online,2,Arroz 5kg,Alimentos,4,27.5,18.3,0.0,110.0,73.2,36.8
766,298,2025-01-23,1,1,Recife Centro,Recife,Online,5,Suco 1L,Bebidas,5,8.5,5.2,0.1,38.25,26.0,12.25
767,299,2025-02-01,2,2,Boa Viagem,Recife,Loja,4,Leite 1L,Bebidas,3,5.5,3.7,0.0,16.5,11.1,5.4
768,299,2025-02-01,2,2,Boa Viagem,Recife,Loja,5,Suco 1L,Bebidas,4,8.5,5.2,0.15,28.9,20.8,8.1
769,300,2025-06-17,6,2,Boa Viagem,Recife,Loja,2,Arroz 5kg,Alimentos,2,27.5,18.3,0.1,49.5,36.6,12.9
770,300,2025-06-17,6,2,Boa Viagem,Recife,Loja,4,Leite 1L,Bebidas,1,5.5,3.7,0.0,5.5,3.7,1.8
771,301,2025-02-24,2,1,Recife Centro,Recife,Loja,7,Detergente,Limpeza,2,3.9,2.0,0.05,7.41,4.0,3.41
772,301,2025-02-24,2,1,Recife Centro,Recife,Loja,2,Arroz 5kg,Alimentos,3,27.5,18.3,0.05,78.38,54.9,23.47
773,301,2025-02-24,2,1,Recife Centro,Recife,Loja,6,Refrigerante 2L,Bebidas,3,11.9,7.0,0.0,35.7,21.0,14.7
774,302,2025-02-16,2,1,Recife Centro,Recife,Online,10,Shampoo,Higiene,3,19.9,11.3,0.0,59.7,33.9,25.8
775,302,2025-02-16,2,1,Recife Centro,Recife,Online,1,Café 500g,Alimentos,1,18.9,10.2,0.15,16.06,10.2,5.86
776,302,2025-02-16,2,1,Recife Centro,Recife,Online,4,Leite 1L,Bebidas,2,5.5,3.7,0.0,11.0,7.4,3.6
777,303,2025-07-22,7,3,Olinda,Olinda,Loja,5,Suco 1L,Bebidas,4,8.5,5.2,0.05,32.3,20.8,11.5
778,303,2025-07-22,7,3,Olinda,Olinda,Loja,3,Feijão 1kg,Alimentos,5,9.9,6.1,0.15,42.07,30.5,11.58
779,303,2025-07-22,7,3,Olinda,Olinda,Loja,1,Café 500g,Alimentos,5,18.9,10.2,0.0,94.5,51.0,43.5
780,304,2025-02-18,2,2,Boa Viagem,Recife,Loja,2,Arroz 5kg,Alimentos,1,27.5,18.3,0.0,27.5,18.3,9.2
781,304,2025-02-18,2,2,Boa Viagem,Recife,Loja,1,Café 500g,Alimentos,2,18.9,10.2,0.0,37.8,20.4,17.4
782,305,2025-07-25,7,2,Boa Viagem,Recife,Loja,10,Shampoo,Higiene,5,19.9,11.3,0.0,99.5,56.5,43.0
783,306,2025-02-08,2,1,Recife Centro,Recife,Online,8,Sabão em pó,Limpeza,1,16.9,9.8,0.0,16.9,9.8,7.1
784,306,2025-02-08,2,1,Recife Centro,Recife,Online,3,Feijão 1kg,Alimentos,1,9.9,6.1,0.0,9.9,6.1,3.8
785,307,2025-08-25,8,1,Recife Centro,Recife,Loja,7,Detergente,Limpeza,4,3.9,2.0,0.0,15.6,8.0,7.6
786,307,2025-08-25,8,1,Recife Centro,Recife,Loja,8,Sabão em pó,Limpeza,3,16.9,9.8,0.0,50.7,29.4,21.3
787,307,2025-08-25,8,1,Recife Centro,Recife,Loja,1,Café 500g,Alimentos,2,18.9,10.2,0.0,37.8,20.4,17.4
788,307,2025-08-25,8,1,Recife Centro,Recife,Loja,4,Leite 1L,Bebidas,3,5.5,3.7,0.05,15.67,11.1,4.57
789,308,2025-03-18,3,1,Recife Centro,Recife,Loja,5,Suco 1L,Bebidas,4,8.5,5.2,0.1,30.6,20.8,9.8
790,308,2025-03-18,3,1,Recife Centro,Recife,Loja,8,Sabão em pó,Limpeza,4,16.9,9.8,0.0,67.6,39.2,28.4
791,309,2025-02-14,2,2,Boa Viagem,Recife,Loja,4,Leite 1L,Bebidas,5,5.5,3.7,0.0,27.5,18.5,9.0
792,309,2025-02-14,2,2,Boa Viagem,Recife,Loja,9,Papel higiênico,Higiene,4,15.9,8.7,0.15,54.06,34.8,19.26
793,309,2025-02-14,2,2,Boa Viagem,Recife,Loja,10,Shampoo,Higiene,3,19.9,11.3,0.05,56.71,33.9,22.81
794,309,2025-02-14,2,2,Boa Viagem,Recife,Loja,6,Refrigerante 2L,Bebidas,5,11.9,7.0,0.05,56.52,35.0,21.52
795,310,2025-06-26,6,3,Olinda,Olinda,Loja,5,Suco 1L,Bebidas,5,8.5,5.2,0.0,42.5,26.0,16.5
796,310,2025-06-26,6,3,Olinda,Olinda,Loja,3,Feijão 1kg,Alimentos,1,9.9,6.1,0.0,9.9,6.1,3.8
797,310,2025-06-26,6,3,Olinda,Olinda,Loja,1,Café 500g,Alimentos,1,18.9,10.2,0.05,17.95,10.2,7.75
798,310,2025-06-26,6,3,Olinda,Olinda,Loja,9,Papel higiênico,Higiene,5,15.9,8.7,0.0,79.5,43.5,36.0
799,311,2025-10-27,10,1,Recife Centro,Recife,Online,4,Leite 1L,Bebidas,2,5.5,3.7,0.0,11.0,7.4,3.6
800,312,2025-10-01,10,3,Olinda,Olinda,Loja,10,Shampoo,Higiene,3,19.9,11.3,0.0,59.7,33.9,25.8
801,312,2025-10-01,10,3,Olinda,Olinda,Loja,7,Detergente,Limpeza,2,3.9,2.0,0.0,7.8,4.0,3.8
802,313,2025-10-31,10,2,Boa Viagem,Recife,Online,10,Shampoo,Higiene,5,19.9,11.3,0.1,89.55,56.5,33.05
803,313,2025-10-31,10,2,Boa Viagem,Recife,Online,1,Café 500g,Alimentos,2,18.9,10.2,0.1,34.02,20.4,13.62
804,313,2025-10-31,10,2,Boa Viagem,Recife,Online,6,Refrigerante 2L,Bebidas,2,11.9,7.0,0.05,22.61,14.0,8.61
805,314,2025-10-05,10,2,Boa Viagem,Recife,Loja,2,Arroz 5kg,Alimentos,1,27.5,18.3,0.0,27.5,18.3,9.2
806,315,2025-11-05,11,1,Recife Centro,Recife,Loja,1,Café 500g,Alimentos,2,18.9,10.2,0.0,37.8,20.4,17.4
807,315,2025-11-05,11,1,Recife Centro,Recife,Loja,6,Refrigerante 2L,Bebidas,2,11.9,7.0,0.0,23.8,14.0,9.8
808,315,2025-11-05,11,1,Recife Centro,Recife,Loja,4,Leite 1L,Bebidas,1,5.5,3.7,0.0,5.5,3.7,1.8
809,315,2025-11-05,11,1,Recife Centro,Recife,Loja,7,Detergente,Limpeza,2,3.9,2.0,0.1,7.02,4.0,3.02
810,316,2025-12-27,12,1,Recife Centro,Recife,Online,2,Arroz 5kg,Alimentos,5,27.5,18.3,0.0,137.5,91.5,46.0
811,316,2025-12-27,12,1,Recife Centro,Recife,Online,6,Refrigerante 2L,Bebidas,3,11.9,7.0,0.0,35.7,21.0,14.7
812,316,2025-12-27,12,1,Recife Centro,Recife,Online,7,Detergente,Limpeza,3,3.9,2.0,0.0,11.7,6.0,5.7
813,317,2025-03-22,3,3,Olinda,Olinda,Online,6,Refrigerante 2L,Bebidas,5,11.9,7.0,0.0,59.5,35.0,24.5
814,317,2025-03-22,3,3,Olinda,Olinda,Online,3,Feijão 1kg,Alimentos,4,9.9,6.1,0.0,39.6,24.4,15.2
815,317,2025-03-22,3,3,Olinda,Olinda,Online,10,Shampoo,Higiene,3,19.9,11.3,0.0,59.7,33.9,25.8
816,317,2025-03-22,3,3,Olinda,Olinda,Online,2,Arroz 5kg,Alimentos,2,27.5,18.3,0.15,46.75,36.6,10.15
817,318,2025-01-01,1,3,Olinda,Olinda,Online,10,Shampoo,Higiene,3,19.9,11.3,0.1,53.73,33.9,19.83
818,318,2025-01-01,1,3,Olinda,Olinda,Online,1,Café 500g,Alimentos,2,18.9,10.2,0.15,32.13,20.4,11.73
819,318,2025-01-01,1,3,Olinda,Olinda,Online,3,Feijão 1kg,Alimentos,5,9.9,6.1,0.0,49.5,30.5,19.0
820,318,2025-01-01,1,3,Olinda,Olinda,Online,5,Suco 1L,Bebidas,4,8.5,5.2,0.0,34.0,20.8,13.2
821,319,2025-06-19,6,3,Olinda,Olinda,Loja,6,Refrigerante 2L,Bebidas,3,11.9,7.0,0.05,33.91,21.0,12.91
822,319,2025-06-19,6,3,Olinda,Olinda,Loja,3,Feijão 1kg,Alimentos,1,9.9,6.1,0.0,9.9,6.1,3.8
823,319,2025-06-19,6,3,Olinda,Olinda,Loja,2,Arroz 5kg,Alimentos,2,27.5,18.3,0.0,55.0,36.6,18.4
824,320,2025-12-21,12,1,Recife Centro,Recife,Loja,1,Café 500g,Alimentos,1,18.9,10.2,0.05,17.95,10.2,7.75
825,321,2025-08-13,8,3,Olinda,Olinda,Loja,7,Detergente,Limpeza,4,3.9,2.0,0.0,15.6,8.0,7.6
826,321,2025-08-13,8,3,Olinda,Olinda,Loja,8,Sabão em pó,Limpeza,5,16.9,9.8,0.05,80.27,49.0,31.27
827,322,2025-02-21,2,2,Boa Viagem,Recife,Online,3,Feijão 1kg,Alimentos,1,9.9,6.1,0.0,9.9,6.1,3.8
828,322,2025-02-21,2,2,Boa Viagem,Recife,Online,8,Sabão em pó,Limpeza,3,16.9,9.8,0.0,50.7,29.4,21.3
829,323,2025-06-13,6,2,Boa Viagem,Recife,Online,6,Refrigerante 2L,Bebidas,2,11.9,7.0,0.05,22.61,14.0,8.61
830,324,2025-03-24,3,3,Olinda,Olinda,Loja,6,Refrigerante 2L,Bebidas,5,11.9,7.0,0.1,53.55,35.0,18.55
831,325,2025-09-05,9,3,Olinda,Olinda,Loja,10,Shampoo,Higiene,2,19.9,11.3,0.0,39.8,22.6,17.2
832,325,2025-09-05,9,3,Olinda,Olinda,Loja,7,Detergente,Limpeza,1,3.9,2.0,0.0,3.9,2.0,1.9
833,326,2025-04-16,4,1,Recife Centro,Recife,Loja,5,Suco 1L,Bebidas,1,8.5,5.2,0.0,8.5,5.2,3.3
834,326,2025-04-16,4,1,Recife Centro,Recife,Loja,10,Shampoo,Higiene,4,19.9,11.3,0.1,71.64,45.2,26.44
835,326,2025-04-16,4,1,Recife Centro,Recife,Loja,4,Leite 1L,Bebidas,5,5.5,3.7,0.05,26.13,18.5,7.62
836,327,2025-03-20,3,1,Recife Centro,Recife,Loja,2,Arroz 5kg,Alimentos,1,27.5,18.3,0.0,27.5,18.3,9.2
837,327,2025-03-20,3,1,Recife Centro,Recife,Loja,5,Suco 1L,Bebidas,2,8.5,5.2,0.0,17.0,10.4,6.6
838,327,2025-03-20,3,1,Recife Centro,Recife,Loja,8,Sabão em pó,Limpeza,3,16.9,9.8,0.0,50.7,29.4,21.3
839,327,2025-03-20,3,1,Recife Centro,Recife,Loja,10,Shampoo,Higiene,4,19.9,11.3,0.0,79.6,45.2,34.4
840,328,2025-06-07,6,2,Boa Viagem,Recife,Loja,2,Arroz 5kg,Alimentos,2,27.5,18.3,0.0,55.0,36.6,18.4
841,328,2025-06-07,6,2,Boa Viagem,Recife,Loja,9,Papel higiênico,Higiene,4,15.9,8.7,0.0,63.6,34.8,28.8
842,328,2025-06-07,6,2,Boa Viagem,Recife,Loja,7,Detergente,Limpeza,2,3.9,2.0,0.05,7.41,4.0,3.41
843,329,2025-01-23,1,2,Boa Viagem,Recife,Loja,4,Leite 1L,Bebidas,2,5.5,3.7,0.15,9.35,7.4,1.95
844,329,2025-01-23,1,2,Boa Viagem,Recife,Loja,5,Suco 1L,Bebidas,1,8.5,5.2,0.0,8.5,5.2,3.3
845,329,2025-01-23,1,2,Boa Viagem,Recife,Loja,1,Café 500g,Alimentos,3,18.9,10.2,0.1,51.03,30.6,20.43
846,330,2025-07-31,7,3,Olinda,Olinda,Loja,7,Detergente,Limpeza,5,3.9,2.0,0.05,18.52,10.0,8.52
847,331,2025-10-02,10,3,Olinda,Olinda,Online,10,Shampoo,Higiene,1,19.9,11.3,0.05,18.9,11.3,7.6
848,331,2025-10-02,10,3,Olinda,Olinda,Online,4,Leite 1L,Bebidas,1,5.5,3.7,0.1,4.95,3.7,1.25
849,331,2025-10-02,10,3,Olinda,Olinda,Online,8,Sabão em pó,Limpeza,5,16.9,9.8,0.1,76.05,49.0,27.05
850,331,2025-10-02,10,3,Olinda,Olinda,Online,3,Feijão 1kg,Alimentos,5,9.9,6.1,0.15,42.07,30.5,11.58
851,332,2025-11-14,11,1,Recife Centro,Recife,Loja,3,Feijão 1kg,Alimentos,2,9.9,6.1,0.0,19.8,12.2,7.6
852,332,2025-11-14,11,1,Recife Centro,Recife,Loja,10,Shampoo,Higiene,1,19.9,11.3,0.05,18.9,11.3,7.6
853,332,2025-11-14,11,1,Recife Centro,Recife,Loja,4,Leite 1L,Bebidas,1,5.5,3.7,0.15,4.67,3.7,0.97
854,332,2025-11-14,11,1,Recife Centro,Recife,Loja,7,Detergente,Limpeza,4,3.9,2.0,0.0,15.6,8.0,7.6
855,333,2025-11-18,11,1,Recife Centro,Recife,Online,6,Refrigerante 2L,Bebidas,4,11.9,7.0,0.1,42.84,28.0,14.84
856,333,2025-11-18,11,1,Recife Centro,Recife,Online,2,Arroz 5kg,Alimentos,4,27.5,18.3,0.1,99.0,73.2,25.8
857,333,2025-11-18,11,1,Recife Centro,Recife,Online,9,Papel higiênico,Higiene,3,15.9,8.7,0.0,47.7,26.1,21.6
858,334,2025-09-24,9,2,Boa Viagem,Recife,Online,10,Shampoo,Higiene,5,19.9,11.3,0.1,89.55,56.5,33.05
859,335,2025-08-03,8,1,Recife Centro,Recife,Loja,10,Shampoo,Higiene,1,19.9,11.3,0.1,17.91,11.3,6.61
860,335,2025-08-03,8,1,Recife Centro,Recife,Loja,2,Arroz 5kg,Alimentos,1,27.5,18.3,0.0,27.5,18.3,9.2
861,336,2025-10-02,10,2,Boa Viagem,Recife,Online,7,Detergente,Limpeza,1,3.9,2.0,0.0,3.9,2.0,1.9
862,336,2025-10-02,10,2,Boa Viagem,Recife,Online,8,Sabão em pó,Limpeza,3,16.9,9.8,0.05,48.16,29.4,18.76
863,336,2025-10-02,10,2,Boa Viagem,Recife,Online,9,Papel higiênico,Higiene,2,15.9,8.7,0.1,28.62,17.4,11.22
864,337,2025-11-08,11,3,Olinda,Olinda,Loja,7,Detergente,Limpeza,3,3.9,2.0,0.15,9.94,6.0,3.94
865,338,2025-05-02,5,1,Recife Centro,Recife,Loja,6,Refrigerante 2L,Bebidas,3,11.9,7.0,0.0,35.7,21.0,14.7
866,338,2025-05-02,5,1,Recife Centro,Recife,Loja,1,Café 500g,Alimentos,3,18.9,10.2,0.05,53.86,30.6,23.26
867,338,2025-05-02,5,1,Recife Centro,Recife,Loja,10,Shampoo,Higiene,1,19.9,11.3,0.0,19.9,11.3,8.6
868,339,2025-03-10,3,2,Boa Viagem,Recife,Online,6,Refrigerante 2L,Bebidas,1,11.9,7.0,0.0,11.9,7.0,4.9
869,339,2025-03-10,3,2,Boa Viagem,Recife,Online,5,Suco 1L,Bebidas,4,8.5,5.2,0.0,34.0,20.8,13.2
870,339,2025-03-10,3,2,Boa Viagem,Recife,Online,7,Detergente,Limpeza,4,3.9,2.0,0.15,13.26,8.0,5.26
871,339,2025-03-10,3,2,Boa Viagem,Recife,Online,9,Papel higiênico,Higiene,4,15.9,8.7,0.1,57.24,34.8,22.44
872,340,2025-07-11,7,1,Recife Centro,Recife,Loja,2,Arroz 5kg,Alimentos,5,27.5,18.3,0.05,130.63,91.5,39.13
873,340,2025-07-11,7,1,Recife Centro,Recife,Loja,5,Suco 1L,Bebidas,2,8.5,5.2,0.1,15.3,10.4,4.9
874,341,2025-10-19,10,1,Recife Centro,Recife,Loja,1,Café 500g,Alimentos,1,18.9,10.2,0.05,17.95,10.2,7.75
875,341,2025-10-19,10,1,Recife Centro,Recife,Loja,4,Leite 1L,Bebidas,1,5.5,3.7,0.0,5.5,3.7,1.8
876,342,2025-12-27,12,1,Recife Centro,Recife,Loja,9,Papel higiênico,Higiene,1,15.9,8.7,0.0,15.9,8.7,7.2
877,342,2025-12-27,12,1,Recife Centro,Recife,Loja,7,Detergente,Limpeza,3,3.9,2.0,0.05,11.11,6.0,5.11
878,342,2025-12-27,12,1,Recife Centro,Recife,Loja,2,Arroz 5kg,Alimentos,5,27.5,18.3,0.05,130.63,91.5,39.13
879,342,2025-12-27,12,1,Recife Centro,Recife,Loja,6,Refrigerante 2L,Bebidas,2,11.9,7.0,0.05,22.61,14.0,8.61
880,343,2025-10-28,10,3,Olinda,Olinda,Loja,5,Suco 1L,Bebidas,3,8.5,5.2,0.0,25.5,15.6,9.9
881,343,2025-10-28,10,3,Olinda,Olinda,Loja,2,Arroz 5kg,Alimentos,4,27.5,18.3,0.0,110.0,73.2,36.8
882,344,2025-03-25,3,3,Olinda,Olinda,Online,4,Leite 1L,Bebidas,2,5.5,3.7,0.0,11.0,7.4,3.6
883,344,2025-03-25,3,3,Olinda,Olinda,Online,10,Shampoo,Higiene,4,19.9,11.3,0.1,71.64,45.2,26.44
884,345,2025-01-11,1,3,Olinda,Olinda,Loja,3,Feijão 1kg,Alimentos,2,9.9,6.1,0.0,19.8,12.2,7.6
885,345,2025-01-11,1,3,Olinda,Olinda,Loja,1,Café 500g,Alimentos,5,18.9,10.2,0.0,94.5,51.0,43.5
886,346,2025-12-31,12,3,Olinda,Olinda,Loja,7,Detergente,Limpeza,2,3.9,2.0,0.05,7.41,4.0,3.41
887,346,2025-12-31,12,3,Olinda,Olinda,Loja,6,Refrigerante 2L,Bebidas,3,11.9,7.0,0.15,30.35,21.0,9.35
888,346,2025-12-31,12,3,Olinda,Olinda,Loja,8,Sabão em pó,Limpeza,5,16.9,9.8,0.1,76.05,49.0,27.05
889,346,2025-12-31,12,3,Olinda,Olinda,Loja,3,Feijão 1kg,Alimentos,4,9.9,6.1,0.1,35.64,24.4,11.24
890,347,2025-02-22,2,1,Recife Centro,Recife,Loja,9,Papel higiênico,Higiene,1,15.9,8.7,0.05,15.11,8.7,6.41
891,347,2025-02-22,2,1,Recife Centro,Recife,Loja,5,Suco 1L,Bebidas,1,8.5,5.2,0.0,8.5,5.2,3.3
892,347,2025-02-22,2,1,Recife Centro,Recife,Loja,10,Shampoo,Higiene,3,19.9,11.3,0.15,50.74,33.9,16.84
893,348,2025-06-16,6,2,Boa Viagem,Recife,Loja,4,Leite 1L,Bebidas,1,5.5,3.7,0.1,4.95,3.7,1.25
894,348,2025-06-16,6,2,Boa Viagem,Recife,Loja,3,Feijão 1kg,Alimentos,4,9.9,6.1,0.15,33.66,24.4,9.26
895,348,2025-06-16,6,2,Boa Viagem,Recife,Loja,10,Shampoo,Higiene,3,19.9,11.3,0.15,50.74,33.9,16.84
896,349,2025-03-13,3,3,Olinda,Olinda,Loja,5,Suco 1L,Bebidas,4,8.5,5.2,0.15,28.9,20.8,8.1
897,349,2025-03-13,3,3,Olinda,Olinda,Loja,10,Shampoo,Higiene,1,19.9,11.3,0.1,17.91,11.3,6.61
898,349,2025-03-13,3,3,Olinda,Olinda,Loja,7,Detergente,Limpeza,5,3.9,2.0,0.0,19.5,10.0,9.5
899,349,2025-03-13,3,3,Olinda,Olinda,Loja,4,Leite 1L,Bebidas,3,5.5,3.7,0.15,14.03,11.1,2.92
900,350,2025-04-24,4,3,Olinda,Olinda,Loja,6,Refrigerante 2L,Bebidas,2,11.9,7.0,0.15,20.23,14.0,6.23
901,350,2025-04-24,4,3,Olinda,Olinda,Loja,9,Papel higiênico,Higiene,5,15.9,8.7,0.0,79.5,43.5,36.0
902,350,2025-04-24,4,3,Olinda,Olinda,Loja,5,Suco 1L,Bebidas,3,8.5,5.2,0.0,25.5,15.6,9.9
903,350,2025-04-24,4,3,Olinda,Olinda,Loja,7,Detergente,Limpeza,4,3.9,2.0,0.0,15.6,8.0,7.6
904,351,2025-05-13,5,3,Olinda,Olinda,Online,6,Refrigerante 2L,Bebidas,2,11.9,7.0,0.0,23.8,14.0,9.8
905,351,2025-05-13,5,3,Olinda,Olinda,Online,2,Arroz 5kg,Alimentos,2,27.5,18.3,0.15,46.75,36.6,10.15
906,352,2025-06-07,6,2,Boa Viagem,Recife,Online,6,Refrigerante 2L,Bebidas,4,11.9,7.0,0.0,47.6,28.0,19.6
907,352,2025-06-07,6,2,Boa Viagem,Recife,Online,5,Suco 1L,Bebidas,4,8.5,5.2,0.0,34.0,20.8,13.2
908,352,2025-06-07,6,2,Boa Viagem,Recife,Online,9,Papel higiênico,Higiene,5,15.9,8.7,0.1,71.55,43.5,28.05
909,353,2025-11-14,11,1,Recife Centro,Recife,Loja,9,Papel higiênico,Higiene,4,15.9,8.7,0.1,57.24,34.8,22.44
910,353,2025-11-14,11,1,Recife Centro,Recife,Loja,2,Arroz 5kg,Alimentos,3,27.5,18.3,0.05,78.38,54.9,23.47
911,354,2025-01-28,1,1,Recife Centro,Recife,Loja,6,Refrigerante 2L,Bebidas,5,11.9,7.0,0.05,56.52,35.0,21.52
912,354,2025-01-28,1,1,Recife Centro,Recife,Loja,7,Detergente,Limpeza,2,3.9,2.0,0.0,7.8,4.0,3.8
913,355,2025-04-03,4,1,Recife Centro,Recife,Loja,6,Refrigerante 2L,Bebidas,1,11.9,7.0,0.05,11.3,7.0,4.3
914,355,2025-04-03,4,1,Recife Centro,Recife,Loja,1,Café 500g,Alimentos,3,18.9,10.2,0.0,56.7,30.6,26.1
915,356,2025-03-28,3,3,Olinda,Olinda,Online,2,Arroz 5kg,Alimentos,4,27.5,18.3,0.05,104.5,73.2,31.3
916,356,2025-03-28,3,3,Olinda,Olinda,Online,3,Feijão 1kg,Alimentos,4,9.9,6.1,0.05,37.62,24.4,13.22
917,356,2025-03-28,3,3,Olinda,Olinda,Online,7,Detergente,Limpeza,4,3.9,2.0,0.0,15.6,8.0,7.6
918,356,2025-03-28,3,3,Olinda,Olinda,Online,6,Refrigerante 2L,Bebidas,1,11.9,7.0,0.1,10.71,7.0,3.71
919,357,2025-04-13,4,3,Olinda,Olinda,Loja,6,Refrigerante 2L,Bebidas,5,11.9,7.0,0.0,59.5,35.0,24.5
920,358,2025-01-10,1,3,Olinda,Olinda,Loja,4,Leite 1L,Bebidas,3,5.5,3.7,0.0,16.5,11.1,5.4
921,358,2025-01-10,1,3,Olinda,Olinda,Loja,6,Refrigerante 2L,Bebidas,1,11.9,7.0,0.05,11.3,7.0,4.3
922,359,2025-09-15,9,3,Olinda,Olinda,Loja,1,Café 500g,Alimentos,3,18.9,10.2,0.0,56.7,30.6,26.1
923,360,2025-08-22,8,3,Olinda,Olinda,Loja,7,Detergente,Limpeza,4,3.9,2.0,0.0,15.6,8.0,7.6
924,360,2025-08-22,8,3,Olinda,Olinda,Loja,3,Feijão 1kg,Alimentos,2,9.9,6.1,0.0,19.8,12.2,7.6
925,360,2025-08-22,8,3,Olinda,Olinda,Loja,6,Refrigerante 2L,Bebidas,4,11.9,7.0,0.0,47.6,28.0,19.6
926,361,2025-04-27,4,1,Recife Centro,Recife,Loja,4,Leite 1L,Bebidas,5,5.5,3.7,0.1,24.75,18.5,6.25
927,361,2025-04-27,4,1,Recife Centro,Recife,Loja,1,Café 500g,Alimentos,2,18.9,10.2,0.0,37.8,20.4,17.4
928,362,2025-07-07,7,3,Olinda,Olinda,Loja,7,Detergente,Limpeza,3,3.9,2.0,0.1,10.53,6.0,4.53
929,363,2025-11-16,11,1,Recife Centro,Recife,Loja,2,Arroz 5kg,Alimentos,1,27.5,18.3,0.0,27.5,18.3,9.2
930,364,2025-12-20,12,1,Recife Centro,Recife,Loja,2,Arroz 5kg,Alimentos,2,27.5,18.3,0.0,55.0,36.6,18.4
931,364,2025-12-20,12,1,Recife Centro,Recife,Loja,9,Papel higiênico,Higiene,1,15.9,8.7,0.0,15.9,8.7,7.2
932,364,2025-12-20,12,1,Recife Centro,Recife,Loja,5,Suco 1L,Bebidas,4,8.5,5.2,0.15,28.9,20.8,8.1
933,364,2025-12-20,12,1,Recife Centro,Recife,Loja,4,Leite 1L,Bebidas,1,5.5,3.7,0.15,4.67,3.7,0.97
934,365,2025-09-24,9,2,Boa Viagem,Recife,Loja,7,Detergente,Limpeza,5,3.9,2.0,0.15,16.57,10.0,6.57
935,365,2025-09-24,9,2,Boa Viagem,Recife,Loja,2,Arroz 5kg,Alimentos,5,27.5,18.3,0.0,137.5,91.5,46.0
936,366,2025-05-25,5,1,Recife Centro,Recife,Online,4,Leite 1L,Bebidas,5,5.5,3.7,0.0,27.5,18.5,9.0
937,366,2025-05-25,5,1,Recife Centro,Recife,Online,10,Shampoo,Higiene,3,19.9,11.3,0.15,50.74,33.9,16.84
938,366,2025-05-25,5,1,Recife Centro,Recife,Online,5,Suco 1L,Bebidas,4,8.5,5.2,0.0,34.0,20.8,13.2
939,366,2025-05-25,5,1,Recife Centro,Recife,Online,7,Detergente,Limpeza,2,3.9,2.0,0.0,7.8,4.0,3.8
940,367,2025-10-08,10,2,Boa Viagem,Recife,Online,6,Refrigerante 2L,Bebidas,1,11.9,7.0,0.0,11.9,7.0,4.9
941,367,2025-10-08,10,2,Boa Viagem,Recife,Online,4,Leite 1L,Bebidas,5,5.5,3.7,0.15,23.38,18.5,4.87
942,367,2025-10-08,10,2,Boa Viagem,Recife,Online,1,Café 500g,Alimentos,4,18.9,10.2,0.0,75.6,40.8,34.8
943,367,2025-10-08,10,2,Boa Viagem,Recife,Online,8,Sabão em pó,Limpeza,1,16.9,9.8,0.1,15.21,9.8,5.41
944,368,2025-02-08,2,3,Olinda,Olinda,Loja,4,Leite 1L,Bebidas,3,5.5,3.7,0.05,15.67,11.1,4.57
945,368,2025-02-08,2,3,Olinda,Olinda,Loja,8,Sabão em pó,Limpeza,1,16.9,9.8,0.0,16.9,9.8,7.1
946,368,2025-02-08,2,3,Olinda,Olinda,Loja,5,Suco 1L,Bebidas,2,8.5,5.2,0.0,17.0,10.4,6.6
947,369,2025-05-29,5,2,Boa Viagem,Recife,Online,7,Detergente,Limpeza,1,3.9,2.0,0.0,3.9,2.0,1.9
948,369,2025-05-29,5,2,Boa Viagem,Recife,Online,2,Arroz 5kg,Alimentos,2,27.5,18.3,0.15,46.75,36.6,10.15
949,369,2025-05-29,5,2,Boa Viagem,Recife,Online,9,Papel higiênico,Higiene,2,15.9,8.7,0.0,31.8,17.4,14.4
950,370,2025-07-03,7,2,Boa Viagem,Recife,Online,2,Arroz 5kg,Alimentos,2,27.5,18.3,0.0,55.0,36.6,18.4
951,370,2025-07-03,7,2,Boa Viagem,Recife,Online,6,Refrigerante 2L,Bebidas,4,11.9,7.0,0.05,45.22,28.0,17.22
952,370,2025-07-03,7,2,Boa Viagem,Recife,Online,9,Papel higiênico,Higiene,4,15.9,8.7,0.0,63.6,34.8,28.8
953,371,2025-07-17,7,3,Olinda,Olinda,Online,3,Feijão 1kg,Alimentos,1,9.9,6.1,0.0,9.9,6.1,3.8
954,371,2025-07-17,7,3,Olinda,Olinda,Online,2,Arroz 5kg,Alimentos,1,27.5,18.3,0.05,26.13,18.3,7.82
955,371,2025-07-17,7,3,Olinda,Olinda,Online,10,Shampoo,Higiene,5,19.9,11.3,0.05,94.52,56.5,38.02
956,371,2025-07-17,7,3,Olinda,Olinda,Online,6,Refrigerante 2L,Bebidas,5,11.9,7.0,0.15,50.57,35.0,15.58
957,372,2025-08-13,8,1,Recife Centro,Recife,Loja,10,Shampoo,Higiene,4,19.9,11.3,0.05,75.62,45.2,30.42
958,372,2025-08-13,8,1,Recife Centro,Recife,Loja,1,Café 500g,Alimentos,1,18.9,10.2,0.05,17.95,10.2,7.75
959,372,2025-08-13,8,1,Recife Centro,Recife,Loja,3,Feijão 1kg,Alimentos,4,9.9,6.1,0.0,39.6,24.4,15.2
960,373,2025-02-02,2,2,Boa Viagem,Recife,Loja,9,Papel higiênico,Higiene,5,15.9,8.7,0.15,67.58,43.5,24.08
961,374,2025-10-17,10,1,Recife Centro,Recife,Online,9,Papel higiênico,Higiene,4,15.9,8.7,0.15,54.06,34.8,19.26
962,374,2025-10-17,10,1,Recife Centro,Recife,Online,10,Shampoo,Higiene,2,19.9,11.3,0.05,37.81,22.6,15.21
963,374,2025-10-17,10,1,Recife Centro,Recife,Online,2,Arroz 5kg,Alimentos,3,27.5,18.3,0.15,70.13,54.9,15.22
964,375,2025-12-13,12,3,Olinda,Olinda,Loja,1,Café 500g,Alimentos,2,18.9,10.2,0.1,34.02,20.4,13.62
965,376,2025-08-29,8,2,Boa Viagem,Recife,Online,8,Sabão em pó,Limpeza,3,16.9,9.8,0.0,50.7,29.4,21.3
966,377,2025-06-19,6,2,Boa Viagem,Recife,Loja,9,Papel higiênico,Higiene,4,15.9,8.7,0.0,63.6,34.8,28.8
967,377,2025-06-19,6,2,Boa Viagem,Recife,Loja,7,Detergente,Limpeza,1,3.9,2.0,0.05,3.7,2.0,1.7
968,378,2025-08-16,8,3,Olinda,Olinda,Loja,8,Sabão em pó,Limpeza,1,16.9,9.8,0.0,16.9,9.8,7.1
969,378,2025-08-16,8,3,Olinda,Olinda,Loja,6,Refrigerante 2L,Bebidas,4,11.9,7.0,0.05,45.22,28.0,17.22
970,378,2025-08-16,8,3,Olinda,Olinda,Loja,2,Arroz 5kg,Alimentos,1,27.5,18.3,0.1,24.75,18.3,6.45
971,378,2025-08-16,8,3,Olinda,Olinda,Loja,4,Leite 1L,Bebidas,5,5.5,3.7,0.0,27.5,18.5,9.0
972,379,2025-02-16,2,3,Olinda,Olinda,Online,9,Papel higiênico,Higiene,4,15.9,8.7,0.0,63.6,34.8,28.8
973,379,2025-02-16,2,3,Olinda,Olinda,Online,10,Shampoo,Higiene,3,19.9,11.3,0.0,59.7,33.9,25.8
974,379,2025-02-16,2,3,Olinda,Olinda,Online,4,Leite 1L,Bebidas,2,5.5,3.7,0.05,10.45,7.4,3.05
975,380,2025-06-19,6,3,Olinda,Olinda,Online,6,Refrigerante 2L,Bebidas,2,11.9,7.0,0.0,23.8,14.0,9.8
976,380,2025-06-19,6,3,Olinda,Olinda,Online,8,Sabão em pó,Limpeza,3,16.9,9.8,0.0,50.7,29.4,21.3
977,380,2025-06-19,6,3,Olinda,Olinda,Online,2,Arroz 5kg,Alimentos,3,27.5,18.3,0.1,74.25,54.9,19.35
978,380,2025-06-19,6,3,Olinda,Olinda,Online,1,Café 500g,Alimentos,5,18.9,10.2,0.0,94.5,51.0,43.5
979,381,2025-12-26,12,1,Recife Centro,Recife,Loja,8,Sabão em pó,Limpeza,4,16.9,9.8,0.0,67.6,39.2,28.4
980,381,2025-12-26,12,1,Recife Centro,Recife,Loja,3,Feijão 1kg,Alimentos,3,9.9,6.1,0.1,26.73,18.3,8.43
981,382,2025-04-11,4,1,Recife Centro,Recife,Loja,4,Leite 1L,Bebidas,3,5.5,3.7,0.0,16.5,11.1,5.4
982,382,2025-04-11,4,1,Recife Centro,Recife,Loja,8,Sabão em pó,Limpeza,4,16.9,9.8,0.0,67.6,39.2,28.4
983,382,2025-04-11,4,1,Recife Centro,Recife,Loja,10,Shampoo,Higiene,5,19.9,11.3,0.0,99.5,56.5,43.0
984,382,2025-04-11,4,1,Recife Centro,Recife,Loja,6,Refrigerante 2L,Bebidas,4,11.9,7.0,0.05,45.22,28.0,17.22
985,383,2025-12-04,12,3,Olinda,Olinda,Online,8,Sabão em pó,Limpeza,5,16.9,9.8,0.15,71.83,49.0,22.82
986,383,2025-12-04,12,3,Olinda,Olinda,Online,1,Café 500g,Alimentos,1,18.9,10.2,0.1,17.01,10.2,6.81
987,384,2025-08-10,8,3,Olinda,Olinda,Loja,10,Shampoo,Higiene,2,19.9,11.3,0.0,39.8,22.6,17.2
988,384,2025-08-10,8,3,Olinda,Olinda,Loja,3,Feijão 1kg,Alimentos,4,9.9,6.1,0.15,33.66,24.4,9.26
989,385,2025-11-04,11,3,Olinda,Olinda,Online,7,Detergente,Limpeza,3,3.9,2.0,0.0,11.7,6.0,5.7
990,385,2025-11-04,11,3,Olinda,Olinda,Online,4,Leite 1L,Bebidas,4,5.5,3.7,0.0,22.0,14.8,7.2
991,385,2025-11-04,11,3,Olinda,Olinda,Online,5,Suco 1L,Bebidas,2,8.5,5.2,0.05,16.15,10.4,5.75
992,385,2025-11-04,11,3,Olinda,Olinda,Online,9,Papel higiênico,Higiene,5,15.9,8.7,0.15,67.58,43.5,24.08
993,386,2025-09-20,9,2,Boa Viagem,Recife,Online,9,Papel higiênico,Higiene,2,15.9,8.7,0.1,28.62,17.4,11.22
994,386,2025-09-20,9,2,Boa Viagem,Recife,Online,4,Leite 1L,Bebidas,3,5.5,3.7,0.15,14.03,11.1,2.92
995,386,2025-09-20,9,2,Boa Viagem,Recife,Online,10,Shampoo,Higiene,3,19.9,11.3,0.15,50.74,33.9,16.84
996,387,2025-03-09,3,3,Olinda,Olinda,Loja,9,Papel higiênico,Higiene,3,15.9,8.7,0.15,40.55,26.1,14.45
997,387,2025-03-09,3,3,Olinda,Olinda,Loja,10,Shampoo,Higiene,1,19.9,11.3,0.0,19.9,11.3,8.6
998,388,2025-10-15,10,2,Boa Viagem,Recife,Loja,9,Papel higiênico,Higiene,1,15.9,8.7,0.1,14.31,8.7,5.61
999,388,2025-10-15,10,2,Boa Viagem,Recife,Loja,5,Suco 1L,Bebidas,1,8.5,5.2,0.0,8.5,5.2,3.3
1000,388,2025-10-15,10,2,Boa Viagem,Recife,Loja,7,Detergente,Limpeza,4,3.9,2.0,0.0,15.6,8.0,7.6
1001,388,2025-10-15,10,2,Boa Viagem,Recife,Loja,8,Sabão em pó,Limpeza,1,16.9,9.8,0.15,14.36,9.8,4.56
1002,389,2025-01-29,1,1,Recife Centro,Recife,Loja,5,Suco 1L,Bebidas,2,8.5,5.2,0.0,17.0,10.4,6.6
1003,389,2025-01-29,1,1,Recife Centro,Recife,Loja,10,Shampoo,Higiene,3,19.9,11.3,0.0,59.7,33.9,25.8
1004,390,2025-10-05,10,1,Recife Centro,Recife,Loja,2,Arroz 5kg,Alimentos,5,27.5,18.3,0.05,130.63,91.5,39.13
1005,390,2025-10-05,10,1,Recife Centro,Recife,Loja,9,Papel higiênico,Higiene,2,15.9,8.7,0.1,28.62,17.4,11.22
1006,390,2025-10-05,10,1,Recife Centro,Recife,Loja,4,Leite 1L,Bebidas,3,5.5,3.7,0.15,14.03,11.1,2.92
1007,390,2025-10-05,10,1,Recife Centro,Recife,Loja,6,Refrigerante 2L,Bebidas,1,11.9,7.0,0.05,11.3,7.0,4.3
1008,391,2025-07-18,7,2,Boa Viagem,Recife,Online,9,Papel higiênico,Higiene,3,15.9,8.7,0.0,47.7,26.1,21.6
1009,391,2025-07-18,7,2,Boa Viagem,Recife,Online,1,Café 500g,Alimentos,5,18.9,10.2,0.05,89.77,51.0,38.77
1010,391,2025-07-18,7,2,Boa Viagem,Recife,Online,10,Shampoo,Higiene,2,19.9,11.3,0.15,33.83,22.6,11.23
1011,392,2025-12-27,12,3,Olinda,Olinda,Loja,4,Leite 1L,Bebidas,4,5.5,3.7,0.0,22.0,14.8,7.2
1012,392,2025-12-27,12,3,Olinda,Olinda,Loja,5,Suco 1L,Bebidas,1,8.5,5.2,0.0,8.5,5.2,3.3
1013,393,2025-03-30,3,3,Olinda,Olinda,Loja,1,Café 500g,Alimentos,3,18.9,10.2,0.0,56.7,30.6,26.1
1014,393,2025-03-30,3,3,Olinda,Olinda,Loja,7,Detergente,Limpeza,2,3.9,2.0,0.1,7.02,4.0,3.02
1015,393,2025-03-30,3,3,Olinda,Olinda,Loja,5,Suco 1L,Bebidas,3,8.5,5.2,0.0,25.5,15.6,9.9
1016,393,2025-03-30,3,3,Olinda,Olinda,Loja,8,Sabão em pó,Limpeza,3,16.9,9.8,0.05,48.16,29.4,18.76
1017,394,2025-12-30,12,1,Recife Centro,Recife,Loja,10,Shampoo,Higiene,4,19.9,11.3,0.1,71.64,45.2,26.44
1018,394,2025-12-30,12,1,Recife Centro,Recife,Loja,1,Café 500g,Alimentos,5,18.9,10.2,0.0,94.5,51.0,43.5
1019,394,2025-12-30,12,1,Recife Centro,Recife,Loja,5,Suco 1L,Bebidas,1,8.5,5.2,0.15,7.22,5.2,2.02
1020,395,2025-06-12,6,3,Olinda,Olinda,Loja,9,Papel higiênico,Higiene,5,15.9,8.7,0.0,79.5,43.5,36.0
1021,395,2025-06-12,6,3,Olinda,Olinda,Loja,2,Arroz 5kg,Alimentos,4,27.5,18.3,0.1,99.0,73.2,25.8
1022,396,2025-10-02,10,2,Boa Viagem,Recife,Loja,4,Leite 1L,Bebidas,3,5.5,3.7,0.0,16.5,11.1,5.4
1023,396,2025-10-02,10,2,Boa Viagem,Recife,Loja,6,Refrigerante 2L,Bebidas,3,11.9,7.0,0.0,35.7,21.0,14.7
1024,397,2025-11-13,11,3,Olinda,Olinda,Loja,2,Arroz 5kg,Alimentos,3,27.5,18.3,0.05,78.38,54.9,23.47
1025,398,2025-05-04,5,3,Olinda,Olinda,Loja,1,Café 500g,Alimentos,4,18.9,10.2,0.0,75.6,40.8,34.8
1026,398,2025-05-04,5,3,Olinda,Olinda,Loja,6,Refrigerante 2L,Bebidas,4,11.9,7.0,0.0,47.6,28.0,19.6
1027,399,2025-10-04,10,3,Olinda,Olinda,Loja,9,Papel higiênico,Higiene,4,15.9,8.7,0.0,63.6,34.8,28.8
1028,399,2025-10-04,10,3,Olinda,Olinda,Loja,10,Shampoo,Higiene,3,19.9,11.3,0.15,50.74,33.9,16.84
1029,399,2025-10-04,10,3,Olinda,Olinda,Loja,8,Sabão em pó,Limpeza,2,16.9,9.8,0.0,33.8,19.6,14.2
1030,400,2025-09-21,9,1,Recife Centro,Recife,Online,9,Papel higiênico,Higiene,1,15.9,8.7,0.15,13.52,8.7,4.82
1031,400,2025-09-21,9,1,Recife Centro,Recife,Online,10,Shampoo,Higiene,1,19.9,11.3,0.0,19.9,11.3,8.6
1032,401,2025-12-10,12,3,Olinda,Olinda,Online,2,Arroz 5kg,Alimentos,1,27.5,18.3,0.15,23.38,18.3,5.07
1033,401,2025-12-10,12,3,Olinda,Olinda,Online,4,Leite 1L,Bebidas,2,5.5,3.7,0.0,11.0,7.4,3.6
1034,401,2025-12-10,12,3,Olinda,Olinda,Online,7,Detergente,Limpeza,4,3.9,2.0,0.15,13.26,8.0,5.26
1035,401,2025-12-10,12,3,Olinda,Olinda,Online,6,Refrigerante 2L,Bebidas,3,11.9,7.0,0.0,35.7,21.0,14.7
1036,402,2025-02-14,2,1,Recife Centro,Recife,Loja,9,Papel higiênico,Higiene,3,15.9,8.7,0.05,45.31,26.1,19.22
1037,402,2025-02-14,2,1,Recife Centro,Recife,Loja,2,Arroz 5kg,Alimentos,4,27.5,18.3,0.05,104.5,73.2,31.3
1038,402,2025-02-14,2,1,Recife Centro,Recife,Loja,4,Leite 1L,Bebidas,4,5.5,3.7,0.05,20.9,14.8,6.1
1039,403,2025-06-11,6,1,Recife Centro,Recife,Loja,9,Papel higiênico,Higiene,1,15.9,8.7,0.15,13.52,8.7,4.82
1040,404,2025-11-13,11,1,Recife Centro,Recife,Online,2,Arroz 5kg,Alimentos,3,27.5,18.3,0.1,74.25,54.9,19.35
1041,405,2025-02-24,2,2,Boa Viagem,Recife,Online,10,Shampoo,Higiene,4,19.9,11.3,0.05,75.62,45.2,30.42
1042,405,2025-02-24,2,2,Boa Viagem,Recife,Online,2,Arroz 5kg,Alimentos,4,27.5,18.3,0.15,93.5,73.2,20.3
1043,405,2025-02-24,2,2,Boa Viagem,Recife,Online,5,Suco 1L,Bebidas,1,8.5,5.2,0.05,8.07,5.2,2.87
1044,406,2025-03-22,3,3,Olinda,Olinda,Loja,9,Papel higiênico,Higiene,3,15.9,8.7,0.0,47.7,26.1,21.6
1045,406,2025-03-22,3,3,Olinda,Olinda,Loja,5,Suco 1L,Bebidas,5,8.5,5.2,0.1,38.25,26.0,12.25
1046,406,2025-03-22,3,3,Olinda,Olinda,Loja,3,Feijão 1kg,Alimentos,2,9.9,6.1,0.0,19.8,12.2,7.6
1047,406,2025-03-22,3,3,Olinda,Olinda,Loja,8,Sabão em pó,Limpeza,1,16.9,9.8,0.0,16.9,9.8,7.1
1048,407,2025-10-21,10,3,Olinda,Olinda,Loja,5,Suco 1L,Bebidas,2,8.5,5.2,0.15,14.45,10.4,4.05
1049,408,2025-06-26,6,1,Recife Centro,Recife,Loja,3,Feijão 1kg,Alimentos,2,9.9,6.1,0.1,17.82,12.2,5.62
1050,408,2025-06-26,6,1,Recife Centro,Recife,Loja,10,Shampoo,Higiene,3,19.9,11.3,0.0,59.7,33.9,25.8
1051,409,2025-02-28,2,1,Recife Centro,Recife,Loja,9,Papel higiênico,Higiene,4,15.9,8.7,0.15,54.06,34.8,19.26
1052,410,2025-10-09,10,1,Recife Centro,Recife,Loja,5,Suco 1L,Bebidas,1,8.5,5.2,0.0,8.5,5.2,3.3
1053,411,2025-10-25,10,2,Boa Viagem,Recife,Online,3,Feijão 1kg,Alimentos,3,9.9,6.1,0.1,26.73,18.3,8.43
1054,411,2025-10-25,10,2,Boa Viagem,Recife,Online,4,Leite 1L,Bebidas,1,5.5,3.7,0.0,5.5,3.7,1.8
1055,411,2025-10-25,10,2,Boa Viagem,Recife,Online,2,Arroz 5kg,Alimentos,3,27.5,18.3,0.05,78.38,54.9,23.47
1056,412,2025-08-19,8,2,Boa Viagem,Recife,Loja,10,Shampoo,Higiene,3,19.9,11.3,0.05,56.71,33.9,22.81
1057,412,2025-08-19,8,2,Boa Viagem,Recife,Loja,3,Feijão 1kg,Alimentos,2,9.9,6.1,0.0,19.8,12.2,7.6
1058,412,2025-08-19,8,2,Boa Viagem,Recife,Loja,6,Refrigerante 2L,Bebidas,3,11.9,7.0,0.0,35.7,21.0,14.7
1059,413,2025-04-24,4,3,Olinda,Olinda,Loja,5,Suco 1L,Bebidas,3,8.5,5.2,0.05,24.22,15.6,8.62
1060,413,2025-04-24,4,3,Olinda,Olinda,Loja,6,Refrigerante 2L,Bebidas,4,11.9,7.0,0.05,45.22,28.0,17.22
1061,413,2025-04-24,4,3,Olinda,Olinda,Loja,3,Feijão 1kg,Alimentos,3,9.9,6.1,0.0,29.7,18.3,11.4
1062,413,2025-04-24,4,3,Olinda,Olinda,Loja,9,Papel higiênico,Higiene,4,15.9,8.7,0.1,57.24,34.8,22.44
1063,414,2025-02-25,2,1,Recife Centro,Recife,Loja,5,Suco 1L,Bebidas,2,8.5,5.2,0.1,15.3,10.4,4.9
1064,415,2025-04-11,4,2,Boa Viagem,Recife,Loja,2,Arroz 5kg,Alimentos,1,27.5,18.3,0.1,24.75,18.3,6.45
1065,416,2025-11-20,11,1,Recife Centro,Recife,Online,10,Shampoo,Higiene,3,19.9,11.3,0.1,53.73,33.9,19.83
1066,416,2025-11-20,11,1,Recife Centro,Recife,Online,4,Leite 1L,Bebidas,5,5.5,3.7,0.05,26.13,18.5,7.62
1067,416,2025-11-20,11,1,Recife Centro,Recife,Online,1,Café 500g,Alimentos,2,18.9,10.2,0.0,37.8,20.4,17.4
1068,416,2025-11-20,11,1,Recife Centro,Recife,Online,5,Suco 1L,Bebidas,4,8.5,5.2,0.0,34.0,20.8,13.2
1069,417,2025-10-29,10,3,Olinda,Olinda,Online,8,Sabão em pó,Limpeza,5,16.9,9.8,0.0,84.5,49.0,35.5
1070,417,2025-10-29,10,3,Olinda,Olinda,Online,9,Papel higiênico,Higiene,4,15.9,8.7,0.0,63.6,34.8,28.8
1071,418,2025-09-15,9,1,Recife Centro,Recife,Loja,9,Papel higiênico,Higiene,4,15.9,8.7,0.0,63.6,34.8,28.8
1072,418,2025-09-15,9,1,Recife Centro,Recife,Loja,3,Feijão 1kg,Alimentos,2,9.9,6.1,0.1,17.82,12.2,5.62
1073,419,2025-10-17,10,3,Olinda,Olinda,Online,8,Sabão em pó,Limpeza,1,16.9,9.8,0.0,16.9,9.8,7.1
1074,419,2025-10-17,10,3,Olinda,Olinda,Online,6,Refrigerante 2L,Bebidas,4,11.9,7.0,0.0,47.6,28.0,19.6
1075,420,2025-02-02,2,2,Boa Viagem,Recife,Loja,4,Leite 1L,Bebidas,5,5.5,3.7,0.0,27.5,18.5,9.0
1076,421,2025-07-18,7,2,Boa Viagem,Recife,Online,1,Café 500g,Alimentos,3,18.9,10.2,0.0,56.7,30.6,26.1
1077,422,2025-12-27,12,3,Olinda,Olinda,Loja,5,Suco 1L,Bebidas,4,8.5,5.2,0.15,28.9,20.8,8.1
1078,422,2025-12-27,12,3,Olinda,Olinda,Loja,9,Papel higiênico,Higiene,4,15.9,8.7,0.0,63.6,34.8,28.8
1079,422,2025-12-27,12,3,Olinda,Olinda,Loja,3,Feijão 1kg,Alimentos,5,9.9,6.1,0.15,42.07,30.5,11.58
1080,423,2025-02-09,2,3,Olinda,Olinda,Loja,9,Papel higiênico,Higiene,3,15.9,8.7,0.0,47.7,26.1,21.6
1081,423,2025-02-09,2,3,Olinda,Olinda,Loja,7,Detergente,Limpeza,4,3.9,2.0,0.05,14.82,8.0,6.82
1082,424,2025-11-06,11,1,Recife Centro,Recife,Loja,8,Sabão em pó,Limpeza,2,16.9,9.8,0.0,33.8,19.6,14.2
1083,424,2025-11-06,11,1,Recife Centro,Recife,Loja,3,Feijão 1kg,Alimentos,5,9.9,6.1,0.15,42.07,30.5,11.58
1084,425,2025-05-24,5,1,Recife Centro,Recife,Loja,6,Refrigerante 2L,Bebidas,2,11.9,7.0,0.05,22.61,14.0,8.61
1085,425,2025-05-24,5,1,Recife Centro,Recife,Loja,2,Arroz 5kg,Alimentos,3,27.5,18.3,0.15,70.13,54.9,15.22
1086,426,2025-02-28,2,2,Boa Viagem,Recife,Loja,4,Leite 1L,Bebidas,2,5.5,3.7,0.0,11.0,7.4,3.6
1087,426,2025-02-28,2,2,Boa Viagem,Recife,Loja,3,Feijão 1kg,Alimentos,2,9.9,6.1,0.1,17.82,12.2,5.62
1088,426,2025-02-28,2,2,Boa Viagem,Recife,Loja,7,Detergente,Limpeza,5,3.9,2.0,0.0,19.5,10.0,9.5
1089,426,2025-02-28,2,2,Boa Viagem,Recife,Loja,1,Café 500g,Alimentos,2,18.9,10.2,0.15,32.13,20.4,11.73
1090,427,2025-09-20,9,1,Recife Centro,Recife,Online,1,Café 500g,Alimentos,3,18.9,10.2,0.0,56.7,30.6,26.1
1091,427,2025-09-20,9,1,Recife Centro,Recife,Online,3,Feijão 1kg,Alimentos,5,9.9,6.1,0.05,47.02,30.5,16.52
1092,428,2025-11-03,11,3,Olinda,Olinda,Loja,2,Arroz 5kg,Alimentos,5,27.5,18.3,0.05,130.63,91.5,39.13
1093,428,2025-11-03,11,3,Olinda,Olinda,Loja,4,Leite 1L,Bebidas,4,5.5,3.7,0.0,22.0,14.8,7.2
1094,428,2025-11-03,11,3,Olinda,Olinda,Loja,8,Sabão em pó,Limpeza,2,16.9,9.8,0.05,32.11,19.6,12.51
1095,429,2025-11-04,11,1,Recife Centro,Recife,Online,10,Shampoo,Higiene,3,19.9,11.3,0.0,59.7,33.9,25.8
1096,429,2025-11-04,11,1,Recife Centro,Recife,Online,9,Papel higiênico,Higiene,3,15.9,8.7,0.05,45.31,26.1,19.22
1097,430,2025-11-02,11,3,Olinda,Olinda,Loja,7,Detergente,Limpeza,2,3.9,2.0,0.1,7.02,4.0,3.02
1098,430,2025-11-02,11,3,Olinda,Olinda,Loja,3,Feijão 1kg,Alimentos,5,9.9,6.1,0.15,42.07,30.5,11.58
1099,430,2025-11-02,11,3,Olinda,Olinda,Loja,2,Arroz 5kg,Alimentos,4,27.5,18.3,0.0,110.0,73.2,36.8
1100,430,2025-11-02,11,3,Olinda,Olinda,Loja,1,Café 500g,Alimentos,5,18.9,10.2,0.0,94.5,51.0,43.5
1101,431,2025-04-01,4,2,Boa Viagem,Recife,Online,9,Papel higiênico,Higiene,5,15.9,8.7,0.0,79.5,43.5,36.0
1102,432,2025-02-17,2,2,Boa Viagem,Recife,Loja,7,Detergente,Limpeza,5,3.9,2.0,0.05,18.52,10.0,8.52
1103,433,2025-07-09,7,1,Recife Centro,Recife,Loja,4,Leite 1L,Bebidas,5,5.5,3.7,0.15,23.38,18.5,4.87
1104,433,2025-07-09,7,1,Recife Centro,Recife,Loja,8,Sabão em pó,Limpeza,5,16.9,9.8,0.0,84.5,49.0,35.5
1105,433,2025-07-09,7,1,Recife Centro,Recife,Loja,7,Detergente,Limpeza,4,3.9,2.0,0.0,15.6,8.0,7.6
1106,433,2025-07-09,7,1,Recife Centro,Recife,Loja,3,Feijão 1kg,Alimentos,3,9.9,6.1,0.05,28.21,18.3,9.91
1107,434,2025-04-30,4,1,Recife Centro,Recife,Loja,5,Suco 1L,Bebidas,1,8.5,5.2,0.1,7.65,5.2,2.45
1108,434,2025-04-30,4,1,Recife Centro,Recife,Loja,4,Leite 1L,Bebidas,5,5.5,3.7,0.0,27.5,18.5,9.0
1109,434,2025-04-30,4,1,Recife Centro,Recife,Loja,1,Café 500g,Alimentos,5,18.9,10.2,0.0,94.5,51.0,43.5
1110,434,2025-04-30,4,1,Recife Centro,Recife,Loja,6,Refrigerante 2L,Bebidas,4,11.9,7.0,0.15,40.46,28.0,12.46
1111,435,2025-04-16,4,3,Olinda,Olinda,Online,6,Refrigerante 2L,Bebidas,5,11.9,7.0,0.0,59.5,35.0,24.5
1112,435,2025-04-16,4,3,Olinda,Olinda,Online,2,Arroz 5kg,Alimentos,3,27.5,18.3,0.1,74.25,54.9,19.35
1113,435,2025-04-16,4,3,Olinda,Olinda,Online,3,Feijão 1kg,Alimentos,4,9.9,6.1,0.1,35.64,24.4,11.24
1114,435,2025-04-16,4,3,Olinda,Olinda,Online,4,Leite 1L,Bebidas,3,5.5,3.7,0.1,14.85,11.1,3.75
1115,436,2025-05-22,5,3,Olinda,Olinda,Loja,7,Detergente,Limpeza,5,3.9,2.0,0.05,18.52,10.0,8.52
1116,436,2025-05-22,5,3,Olinda,Olinda,Loja,9,Papel higiênico,Higiene,2,15.9,8.7,0.0,31.8,17.4,14.4
1117,437,2025-10-14,10,3,Olinda,Olinda,Loja,10,Shampoo,Higiene,2,19.9,11.3,0.15,33.83,22.6,11.23
1118,437,2025-10-14,10,3,Olinda,Olinda,Loja,6,Refrigerante 2L,Bebidas,1,11.9,7.0,0.15,10.12,7.0,3.12
1119,437,2025-10-14,10,3,Olinda,Olinda,Loja,7,Detergente,Limpeza,2,3.9,2.0,0.05,7.41,4.0,3.41
1120,438,2025-12-25,12,1,Recife Centro,Recife,Loja,6,Refrigerante 2L,Bebidas,4,11.9,7.0,0.15,40.46,28.0,12.46
1121,438,2025-12-25,12,1,Recife Centro,Recife,Loja,9,Papel higiênico,Higiene,1,15.9,8.7,0.0,15.9,8.7,7.2
1122,438,2025-12-25,12,1,Recife Centro,Recife,Loja,1,Café 500g,Alimentos,2,18.9,10.2,0.05,35.91,20.4,15.51
1123,438,2025-12-25,12,1,Recife Centro,Recife,Loja,2,Arroz 5kg,Alimentos,5,27.5,18.3,0.05,130.63,91.5,39.13
1124,439,2025-02-15,2,1,Recife Centro,Recife,Loja,2,Arroz 5kg,Alimentos,4,27.5,18.3,0.1,99.0,73.2,25.8
1125,439,2025-02-15,2,1,Recife Centro,Recife,Loja,1,Café 500g,Alimentos,5,18.9,10.2,0.0,94.5,51.0,43.5
1126,439,2025-02-15,2,1,Recife Centro,Recife,Loja,7,Detergente,Limpeza,5,3.9,2.0,0.0,19.5,10.0,9.5
1127,440,2025-03-31,3,3,Olinda,Olinda,Loja,4,Leite 1L,Bebidas,5,5.5,3.7,0.0,27.5,18.5,9.0
1128,441,2025-04-10,4,1,Recife Centro,Recife,Online,10,Shampoo,Higiene,1,19.9,11.3,0.0,19.9,11.3,8.6
1129,441,2025-04-10,4,1,Recife Centro,Recife,Online,3,Feijão 1kg,Alimentos,2,9.9,6.1,0.15,16.83,12.2,4.63
1130,442,2025-01-01,1,1,Recife Centro,Recife,Loja,7,Detergente,Limpeza,4,3.9,2.0,0.1,14.04,8.0,6.04
1131,442,2025-01-01,1,1,Recife Centro,Recife,Loja,6,Refrigerante 2L,Bebidas,2,11.9,7.0,0.1,21.42,14.0,7.42
1132,442,2025-01-01,1,1,Recife Centro,Recife,Loja,10,Shampoo,Higiene,1,19.9,11.3,0.15,16.91,11.3,5.61
1133,443,2025-12-27,12,1,Recife Centro,Recife,Online,9,Papel higiênico,Higiene,3,15.9,8.7,0.0,47.7,26.1,21.6
1134,443,2025-12-27,12,1,Recife Centro,Recife,Online,6,Refrigerante 2L,Bebidas,5,11.9,7.0,0.0,59.5,35.0,24.5
1135,443,2025-12-27,12,1,Recife Centro,Recife,Online,10,Shampoo,Higiene,4,19.9,11.3,0.05,75.62,45.2,30.42
1136,444,2025-10-22,10,1,Recife Centro,Recife,Loja,9,Papel higiênico,Higiene,3,15.9,8.7,0.0,47.7,26.1,21.6
1137,444,2025-10-22,10,1,Recife Centro,Recife,Loja,2,Arroz 5kg,Alimentos,1,27.5,18.3,0.1,24.75,18.3,6.45
1138,444,2025-10-22,10,1,Recife Centro,Recife,Loja,10,Shampoo,Higiene,3,19.9,11.3,0.1,53.73,33.9,19.83
1139,444,2025-10-22,10,1,Recife Centro,Recife,Loja,5,Suco 1L,Bebidas,5,8.5,5.2,0.0,42.5,26.0,16.5
1140,445,2025-12-22,12,2,Boa Viagem,Recife,Online,4,Leite 1L,Bebidas,4,5.5,3.7,0.1,19.8,14.8,5.0
1141,445,2025-12-22,12,2,Boa Viagem,Recife,Online,6,Refrigerante 2L,Bebidas,1,11.9,7.0,0.05,11.3,7.0,4.3
1142,445,2025-12-22,12,2,Boa Viagem,Recife,Online,8,Sabão em pó,Limpeza,1,16.9,9.8,0.0,16.9,9.8,7.1
1143,445,2025-12-22,12,2,Boa Viagem,Recife,Online,9,Papel higiênico,Higiene,1,15.9,8.7,0.05,15.11,8.7,6.41
1144,446,2025-11-21,11,1,Recife Centro,Recife,Loja,6,Refrigerante 2L,Bebidas,3,11.9,7.0,0.1,32.13,21.0,11.13
1145,446,2025-11-21,11,1,Recife Centro,Recife,Loja,7,Detergente,Limpeza,5,3.9,2.0,0.0,19.5,10.0,9.5
1146,447,2025-12-25,12,2,Boa Viagem,Recife,Loja,7,Detergente,Limpeza,3,3.9,2.0,0.0,11.7,6.0,5.7
1147,448,2025-10-11,10,1,Recife Centro,Recife,Loja,4,Leite 1L,Bebidas,2,5.5,3.7,0.05,10.45,7.4,3.05
1148,448,2025-10-11,10,1,Recife Centro,Recife,Loja,5,Suco 1L,Bebidas,2,8.5,5.2,0.0,17.0,10.4,6.6
1149,448,2025-10-11,10,1,Recife Centro,Recife,Loja,3,Feijão 1kg,Alimentos,2,9.9,6.1,0.0,19.8,12.2,7.6
1150,449,2025-04-16,4,1,Recife Centro,Recife,Loja,10,Shampoo,Higiene,2,19.9,11.3,0.0,39.8,22.6,17.2
1151,449,2025-04-16,4,1,Recife Centro,Recife,Loja,6,Refrigerante 2L,Bebidas,1,11.9,7.0,0.0,11.9,7.0,4.9
1152,450,2025-12-13,12,3,Olinda,Olinda,Loja,9,Papel higiênico,Higiene,1,15.9,8.7,0.05,15.11,8.7,6.41
1153,451,2025-07-10,7,3,Olinda,Olinda,Loja,8,Sabão em pó,Limpeza,4,16.9,9.8,0.0,67.6,39.2,28.4
1154,451,2025-07-10,7,3,Olinda,Olinda,Loja,3,Feijão 1kg,Alimentos,5,9.9,6.1,0.0,49.5,30.5,19.0
1155,451,2025-07-10,7,3,Olinda,Olinda,Loja,5,Suco 1L,Bebidas,1,8.5,5.2,0.1,7.65,5.2,2.45
1156,452,2025-08-05,8,2,Boa Viagem,Recife,Online,9,Papel higiênico,Higiene,3,15.9,8.7,0.05,45.31,26.1,19.22
1157,453,2025-12-18,12,1,Recife Centro,Recife,Loja,9,Papel higiênico,Higiene,4,15.9,8.7,0.0,63.6,34.8,28.8
1158,454,2025-12-19,12,1,Recife Centro,Recife,Loja,7,Detergente,Limpeza,3,3.9,2.0,0.0,11.7,6.0,5.7
1159,454,2025-12-19,12,1,Recife Centro,Recife,Loja,2,Arroz 5kg,Alimentos,5,27.5,18.3,0.0,137.5,91.5,46.0
1160,455,2025-04-06,4,3,Olinda,Olinda,Loja,8,Sabão em pó,Limpeza,2,16.9,9.8,0.05,32.11,19.6,12.51
1161,455,2025-04-06,4,3,Olinda,Olinda,Loja,6,Refrigerante 2L,Bebidas,4,11.9,7.0,0.0,47.6,28.0,19.6
1162,455,2025-04-06,4,3,Olinda,Olinda,Loja,9,Papel higiênico,Higiene,4,15.9,8.7,0.15,54.06,34.8,19.26
1163,456,2025-07-10,7,2,Boa Viagem,Recife,Online,8,Sabão em pó,Limpeza,5,16.9,9.8,0.15,71.83,49.0,22.82
1164,456,2025-07-10,7,2,Boa Viagem,Recife,Online,3,Feijão 1kg,Alimentos,2,9.9,6.1,0.0,19.8,12.2,7.6
1165,456,2025-07-10,7,2,Boa Viagem,Recife,Online,9,Papel higiênico,Higiene,3,15.9,8.7,0.0,47.7,26.1,21.6
1166,457,2025-10-12,10,2,Boa Viagem,Recife,Online,3,Feijão 1kg,Alimentos,4,9.9,6.1,0.0,39.6,24.4,15.2
1167,457,2025-10-12,10,2,Boa Viagem,Recife,Online,10,Shampoo,Higiene,2,19.9,11.3,0.05,37.81,22.6,15.21
1168,458,2025-09-13,9,1,Recife Centro,Recife,Online,8,Sabão em pó,Limpeza,5,16.9,9.8,0.1,76.05,49.0,27.05
1169,458,2025-09-13,9,1,Recife Centro,Recife,Online,5,Suco 1L,Bebidas,1,8.5,5.2,0.05,8.07,5.2,2.87
1170,458,2025-09-13,9,1,Recife Centro,Recife,Online,9,Papel higiênico,Higiene,1,15.9,8.7,0.15,13.52,8.7,4.82
1171,459,2025-03-25,3,1,Recife Centro,Recife,Loja,8,Sabão em pó,Limpeza,3,16.9,9.8,0.0,50.7,29.4,21.3
1172,459,2025-03-25,3,1,Recife Centro,Recife,Loja,2,Arroz 5kg,Alimentos,3,27.5,18.3,0.0,82.5,54.9,27.6
1173,459,2025-03-25,3,1,Recife Centro,Recife,Loja,10,Shampoo,Higiene,5,19.9,11.3,0.1,89.55,56.5,33.05
1174,460,2025-05-12,5,2,Boa Viagem,Recife,Loja,6,Refrigerante 2L,Bebidas,5,11.9,7.0,0.0,59.5,35.0,24.5
1175,461,2025-10-23,10,3,Olinda,Olinda,Loja,5,Suco 1L,Bebidas,3,8.5,5.2,0.15,21.68,15.6,6.07
1176,461,2025-10-23,10,3,Olinda,Olinda,Loja,6,Refrigerante 2L,Bebidas,5,11.9,7.0,0.05,56.52,35.0,21.52
1177,462,2025-08-17,8,1,Recife Centro,Recife,Loja,8,Sabão em pó,Limpeza,3,16.9,9.8,0.05,48.16,29.4,18.76
1178,462,2025-08-17,8,1,Recife Centro,Recife,Loja,3,Feijão 1kg,Alimentos,5,9.9,6.1,0.1,44.55,30.5,14.05
1179,462,2025-08-17,8,1,Recife Centro,Recife,Loja,9,Papel higiênico,Higiene,4,15.9,8.7,0.0,63.6,34.8,28.8
1180,463,2025-02-10,2,1,Recife Centro,Recife,Loja,6,Refrigerante 2L,Bebidas,5,11.9,7.0,0.15,50.57,35.0,15.58
1181,463,2025-02-10,2,1,Recife Centro,Recife,Loja,5,Suco 1L,Bebidas,4,8.5,5.2,0.0,34.0,20.8,13.2
1182,463,2025-02-10,2,1,Recife Centro,Recife,Loja,9,Papel higiênico,Higiene,4,15.9,8.7,0.0,63.6,34.8,28.8
1183,464,2025-10-28,10,3,Olinda,Olinda,Online,3,Feijão 1kg,Alimentos,2,9.9,6.1,0.15,16.83,12.2,4.63
1184,464,2025-10-28,10,3,Olinda,Olinda,Online,10,Shampoo,Higiene,3,19.9,11.3,0.15,50.74,33.9,16.84
1185,464,2025-10-28,10,3,Olinda,Olinda,Online,1,Café 500g,Alimentos,1,18.9,10.2,0.0,18.9,10.2,8.7
1186,464,2025-10-28,10,3,Olinda,Olinda,Online,2,Arroz 5kg,Alimentos,2,27.5,18.3,0.05,52.25,36.6,15.65
1187,465,2025-02-22,2,1,Recife Centro,Recife,Loja,9,Papel higiênico,Higiene,4,15.9,8.7,0.1,57.24,34.8,22.44
1188,465,2025-02-22,2,1,Recife Centro,Recife,Loja,1,Café 500g,Alimentos,1,18.9,10.2,0.0,18.9,10.2,8.7
1189,465,2025-02-22,2,1,Recife Centro,Recife,Loja,10,Shampoo,Higiene,3,19.9,11.3,0.1,53.73,33.9,19.83
1190,465,2025-02-22,2,1,Recife Centro,Recife,Loja,7,Detergente,Limpeza,2,3.9,2.0,0.0,7.8,4.0,3.8
1191,466,2025-12-02,12,2,Boa Viagem,Recife,Loja,5,Suco 1L,Bebidas,2,8.5,5.2,0.0,17.0,10.4,6.6
1192,466,2025-12-02,12,2,Boa Viagem,Recife,Loja,8,Sabão em pó,Limpeza,5,16.9,9.8,0.0,84.5,49.0,35.5
1193,467,2025-01-15,1,1,Recife Centro,Recife,Loja,8,Sabão em pó,Limpeza,5,16.9,9.8,0.05,80.27,49.0,31.27
1194,467,2025-01-15,1,1,Recife Centro,Recife,Loja,10,Shampoo,Higiene,2,19.9,11.3,0.15,33.83,22.6,11.23
1195,467,2025-01-15,1,1,Recife Centro,Recife,Loja,5,Suco 1L,Bebidas,5,8.5,5.2,0.0,42.5,26.0,16.5
1196,468,2025-10-30,10,3,Olinda,Olinda,Loja,9,Papel higiênico,Higiene,4,15.9,8.7,0.1,57.24,34.8,22.44
1197,468,2025-10-30,10,3,Olinda,Olinda,Loja,10,Shampoo,Higiene,2,19.9,11.3,0.0,39.8,22.6,17.2
1198,468,2025-10-30,10,3,Olinda,Olinda,Loja,5,Suco 1L,Bebidas,4,8.5,5.2,0.0,34.0,20.8,13.2
1199,468,2025-10-30,10,3,Olinda,Olinda,Loja,3,Feijão 1kg,Alimentos,3,9.9,6.1,0.05,28.21,18.3,9.91
1200,469,2025-05-14,5,1,Recife Centro,Recife,Loja,9,Papel higiênico,Higiene,2,15.9,8.7,0.0,31.8,17.4,14.4
1201,470,2025-05-27,5,2,Boa Viagem,Recife,Loja,8,Sabão em pó,Limpeza,4,16.9,9.8,0.0,67.6,39.2,28.4
1202,470,2025-05-27,5,2,Boa Viagem,Recife,Loja,5,Suco 1L,Bebidas,5,8.5,5.2,0.0,42.5,26.0,16.5
1203,470,2025-05-27,5,2,Boa Viagem,Recife,Loja,1,Café 500g,Alimentos,1,18.9,10.2,0.1,17.01,10.2,6.81
1204,470,2025-05-27,5,2,Boa Viagem,Recife,Loja,7,Detergente,Limpeza,3,3.9,2.0,0.0,11.7,6.0,5.7
1205,471,2025-07-30,7,3,Olinda,Olinda,Loja,3,Feijão 1kg,Alimentos,4,9.9,6.1,0.0,39.6,24.4,15.2
1206,471,2025-07-30,7,3,Olinda,Olinda,Loja,7,Detergente,Limpeza,3,3.9,2.0,0.0,11.7,6.0,5.7
1207,472,2025-08-05,8,3,Olinda,Olinda,Loja,5,Suco 1L,Bebidas,4,8.5,5.2,0.0,34.0,20.8,13.2
1208,472,2025-08-05,8,3,Olinda,Olinda,Loja,9,Papel higiênico,Higiene,1,15.9,8.7,0.0,15.9,8.7,7.2
1209,472,2025-08-05,8,3,Olinda,Olinda,Loja,10,Shampoo,Higiene,2,19.9,11.3,0.0,39.8,22.6,17.2
1210,473,2025-02-26,2,3,Olinda,Olinda,Loja,5,Suco 1L,Bebidas,1,8.5,5.2,0.0,8.5,5.2,3.3
1211,473,2025-02-26,2,3,Olinda,Olinda,Loja,8,Sabão em pó,Limpeza,1,16.9,9.8,0.1,15.21,9.8,5.41
1212,473,2025-02-26,2,3,Olinda,Olinda,Loja,4,Leite 1L,Bebidas,1,5.5,3.7,0.0,5.5,3.7,1.8
1213,473,2025-02-26,2,3,Olinda,Olinda,Loja,3,Feijão 1kg,Alimentos,1,9.9,6.1,0.0,9.9,6.1,3.8
1214,474,2025-05-18,5,1,Recife Centro,Recife,Loja,4,Leite 1L,Bebidas,1,5.5,3.7,0.0,5.5,3.7,1.8
1215,475,2025-01-08,1,2,Boa Viagem,Recife,Loja,5,Suco 1L,Bebidas,1,8.5,5.2,0.0,8.5,5.2,3.3
1216,475,2025-01-08,1,2,Boa Viagem,Recife,Loja,8,Sabão em pó,Limpeza,1,16.9,9.8,0.0,16.9,9.8,7.1
1217,475,2025-01-08,1,2,Boa Viagem,Recife,Loja,6,Refrigerante 2L,Bebidas,1,11.9,7.0,0.0,11.9,7.0,4.9
1218,475,2025-01-08,1,2,Boa Viagem,Recife,Loja,4,Leite 1L,Bebidas,4,5.5,3.7,0.0,22.0,14.8,7.2
1219,476,2025-10-06,10,2,Boa Viagem,Recife,Loja,7,Detergente,Limpeza,2,3.9,2.0,0.05,7.41,4.0,3.41
1220,476,2025-10-06,10,2,Boa Viagem,Recife,Loja,1,Café 500g,Alimentos,4,18.9,10.2,0.0,75.6,40.8,34.8
1221,476,2025-10-06,10,2,Boa Viagem,Recife,Loja,2,Arroz 5kg,Alimentos,1,27.5,18.3,0.0,27.5,18.3,9.2
1222,477,2025-08-24,8,3,Olinda,Olinda,Online,8,Sabão em pó,Limpeza,3,16.9,9.8,0.0,50.7,29.4,21.3
1223,477,2025-08-24,8,3,Olinda,Olinda,Online,7,Detergente,Limpeza,2,3.9,2.0,0.15,6.63,4.0,2.63
1224,478,2025-01-22,1,3,Olinda,Olinda,Online,5,Suco 1L,Bebidas,4,8.5,5.2,0.15,28.9,20.8,8.1
1225,479,2025-06-02,6,1,Recife Centro,Recife,Loja,4,Leite 1L,Bebidas,1,5.5,3.7,0.0,5.5,3.7,1.8
1226,480,2025-11-21,11,2,Boa Viagem,Recife,Loja,5,Suco 1L,Bebidas,4,8.5,5.2,0.0,34.0,20.8,13.2
1227,480,2025-11-21,11,2,Boa Viagem,Recife,Loja,2,Arroz 5kg,Alimentos,1,27.5,18.3,0.0,27.5,18.3,9.2
1228,481,2025-10-25,10,3,Olinda,Olinda,Loja,6,Refrigerante 2L,Bebidas,2,11.9,7.0,0.0,23.8,14.0,9.8
1229,481,2025-10-25,10,3,Olinda,Olinda,Loja,2,Arroz 5kg,Alimentos,4,27.5,18.3,0.0,110.0,73.2,36.8
1230,482,2025-12-18,12,3,Olinda,Olinda,Loja,1,Café 500g,Alimentos,3,18.9,10.2,0.15,48.19,30.6,17.59
1231,483,2025-03-20,3,3,Olinda,Olinda,Loja,3,Feijão 1kg,Alimentos,4,9.9,6.1,0.0,39.6,24.4,15.2
1232,484,2025-06-12,6,3,Olinda,Olinda,Online,8,Sabão em pó,Limpeza,4,16.9,9.8,0.0,67.6,39.2,28.4
1233,484,2025-06-12,6,3,Olinda,Olinda,Online,4,Leite 1L,Bebidas,2,5.5,3.7,0.0,11.0,7.4,3.6
1234,484,2025-06-12,6,3,Olinda,Olinda,Online,1,Café 500g,Alimentos,1,18.9,10.2,0.05,17.95,10.2,7.75
1235,485,2025-12-28,12,2,Boa Viagem,Recife,Loja,4,Leite 1L,Bebidas,4,5.5,3.7,0.0,22.0,14.8,7.2
1236,485,2025-12-28,12,2,Boa Viagem,Recife,Loja,3,Feijão 1kg,Alimentos,5,9.9,6.1,0.1,44.55,30.5,14.05
1237,485,2025-12-28,12,2,Boa Viagem,Recife,Loja,6,Refrigerante 2L,Bebidas,2,11.9,7.0,0.0,23.8,14.0,9.8
1238,485,2025-12-28,12,2,Boa Viagem,Recife,Loja,9,Papel higiênico,Higiene,5,15.9,8.7,0.0,79.5,43.5,36.0
1239,486,2025-08-19,8,2,Boa Viagem,Recife,Online,8,Sabão em pó,Limpeza,2,16.9,9.8,0.0,33.8,19.6,14.2
1240,486,2025-08-19,8,2,Boa Viagem,Recife,Online,1,Café 500g,Alimentos,5,18.9,10.2,0.0,94.5,51.0,43.5
1241,486,2025-08-19,8,2,Boa Viagem,Recife,Online,7,Detergente,Limpeza,5,3.9,2.0,0.0,19.5,10.0,9.5
1242,487,2025-06-14,6,3,Olinda,Olinda,Loja,4,Leite 1L,Bebidas,5,5.5,3.7,0.0,27.5,18.5,9.0
1243,487,2025-06-14,6,3,Olinda,Olinda,Loja,9,Papel higiênico,Higiene,5,15.9,8.7,0.0,79.5,43.5,36.0
1244,487,2025-06-14,6,3,Olinda,Olinda,Loja,8,Sabão em pó,Limpeza,3,16.9,9.8,0.05,48.16,29.4,18.76
1245,487,2025-06-14,6,3,Olinda,Olinda,Loja,7,Detergente,Limpeza,3,3.9,2.0,0.0,11.7,6.0,5.7
1246,488,2025-02-19,2,3,Olinda,Olinda,Loja,3,Feijão 1kg,Alimentos,2,9.9,6.1,0.0,19.8,12.2,7.6
1247,489,2025-04-14,4,1,Recife Centro,Recife,Loja,1,Café 500g,Alimentos,5,18.9,10.2,0.15,80.33,51.0,29.32
1248,490,2025-07-18,7,3,Olinda,Olinda,Loja,1,Café 500g,Alimentos,5,18.9,10.2,0.15,80.33,51.0,29.32
1249,490,2025-07-18,7,3,Olinda,Olinda,Loja,6,Refrigerante 2L,Bebidas,1,11.9,7.0,0.0,11.9,7.0,4.9
1250,490,2025-07-18,7,3,Olinda,Olinda,Loja,4,Leite 1L,Bebidas,2,5.5,3.7,0.15,9.35,7.4,1.95
1251,491,2025-09-09,9,1,Recife Centro,Recife,Loja,6,Refrigerante 2L,Bebidas,5,11.9,7.0,0.15,50.57,35.0,15.58
1252,492,2025-08-01,8,2,Boa Viagem,Recife,Online,10,Shampoo,Higiene,3,19.9,11.3,0.1,53.73,33.9,19.83
1253,493,2025-01-21,1,3,Olinda,Olinda,Loja,2,Arroz 5kg,Alimentos,1,27.5,18.3,0.15,23.38,18.3,5.07
1254,493,2025-01-21,1,3,Olinda,Olinda,Loja,4,Leite 1L,Bebidas,2,5.5,3.7,0.1,9.9,7.4,2.5
1255,493,2025-01-21,1,3,Olinda,Olinda,Loja,10,Shampoo,Higiene,4,19.9,11.3,0.0,79.6,45.2,34.4
1256,494,2025-04-09,4,3,Olinda,Olinda,Loja,9,Papel higiênico,Higiene,4,15.9,8.7,0.15,54.06,34.8,19.26
1257,494,2025-04-09,4,3,Olinda,Olinda,Loja,10,Shampoo,Higiene,1,19.9,11.3,0.15,16.91,11.3,5.61
1258,495,2025-10-23,10,2,Boa Viagem,Recife,Loja,2,Arroz 5kg,Alimentos,4,27.5,18.3,0.1,99.0,73.2,25.8
1259,495,2025-10-23,10,2,Boa Viagem,Recife,Loja,3,Feijão 1kg,Alimentos,3,9.9,6.1,0.15,25.25,18.3,6.95
1260,495,2025-10-23,10,2,Boa Viagem,Recife,Loja,9,Papel higiênico,Higiene,2,15.9,8.7,0.1,28.62,17.4,11.22
1261,495,2025-10-23,10,2,Boa Viagem,Recife,Loja,5,Suco 1L,Bebidas,5,8.5,5.2,0.05,40.38,26.0,14.37
1262,496,2025-06-30,6,2,Boa Viagem,Recife,Loja,6,Refrigerante 2L,Bebidas,3,11.9,7.0,0.1,32.13,21.0,11.13
1263,496,2025-06-30,6,2,Boa Viagem,Recife,Loja,7,Detergente,Limpeza,2,3.9,2.0,0.1,7.02,4.0,3.02
1264,496,2025-06-30,6,2,Boa Viagem,Recife,Loja,9,Papel higiênico,Higiene,5,15.9,8.7,0.0,79.5,43.5,36.0
1265,497,2025-07-12,7,3,Olinda,Olinda,Online,6,Refrigerante 2L,Bebidas,4,11.9,7.0,0.0,47.6,28.0,19.6
1266,497,2025-07-12,7,3,Olinda,Olinda,Online,8,Sabão em pó,Limpeza,1,16.9,9.8,0.0,16.9,9.8,7.1
1267,497,2025-07-12,7,3,Olinda,Olinda,Online,9,Papel higiênico,Higiene,5,15.9,8.7,0.0,79.5,43.5,36.0
1268,498,2025-09-23,9,1,Recife Centro,Recife,Online,1,Café 500g,Alimentos,2,18.9,10.2,0.0,37.8,20.4,17.4
1269,498,2025-09-23,9,1,Recife Centro,Recife,Online,5,Suco 1L,Bebidas,1,8.5,5.2,0.15,7.22,5.2,2.02
1270,498,2025-09-23,9,1,Recife Centro,Recife,Online,4,Leite 1L,Bebidas,3,5.5,3.7,0.1,14.85,11.1,3.75
1271,499,2025-09-19,9,3,Olinda,Olinda,Loja,2,Arroz 5kg,Alimentos,4,27.5,18.3,0.0,110.0,73.2,36.8
1272,499,2025-09-19,9,3,Olinda,Olinda,Loja,1,Café 500g,Alimentos,2,18.9,10.2,0.0,37.8,20.4,17.4
1273,500,2025-05-16,5,2,Boa Viagem,Recife,Online,4,Leite 1L,Bebidas,3,5.5,3.7,0.0,16.5,11.1,5.4
1274,500,2025-05-16,5,2,Boa Viagem,Recife,Online,5,Suco 1L,Bebidas,5,8.5,5.2,0.05,40.38,26.0,14.37
1275,501,2025-10-19,10,1,Recife Centro,Recife,Loja,8,Sabão em pó,Limpeza,5,16.9,9.8,0.0,84.5,49.0,35.5
1276,501,2025-10-19,10,1,Recife Centro,Recife,Loja,3,Feijão 1kg,Alimentos,5,9.9,6.1,0.15,42.07,30.5,11.58
1277,501,2025-10-19,10,1,Recife Centro,Recife,Loja,10,Shampoo,Higiene,3,19.9,11.3,0.0,59.7,33.9,25.8
1278,502,2025-10-23,10,2,Boa Viagem,Recife,Loja,6,Refrigerante 2L,Bebidas,3,11.9,7.0,0.05,33.91,21.0,12.91
1279,503,2025-08-02,8,1,Recife Centro,Recife,Online,10,Shampoo,Higiene,4,19.9,11.3,0.0,79.6,45.2,34.4
1280,503,2025-08-02,8,1,Recife Centro,Recife,Online,1,Café 500g,Alimentos,3,18.9,10.2,0.1,51.03,30.6,20.43
1281,504,2025-01-22,1,2,Boa Viagem,Recife,Loja,6,Refrigerante 2L,Bebidas,2,11.9,7.0,0.0,23.8,14.0,9.8
1282,504,2025-01-22,1,2,Boa Viagem,Recife,Loja,9,Papel higiênico,Higiene,1,15.9,8.7,0.15,13.52,8.7,4.82
1283,505,2025-07-21,7,2,Boa Viagem,Recife,Online,4,Leite 1L,Bebidas,4,5.5,3.7,0.0,22.0,14.8,7.2
1284,506,2025-07-21,7,1,Recife Centro,Recife,Loja,8,Sabão em pó,Limpeza,5,16.9,9.8,0.15,71.83,49.0,22.82
1285,507,2025-01-26,1,3,Olinda,Olinda,Loja,7,Detergente,Limpeza,5,3.9,2.0,0.05,18.52,10.0,8.52
1286,508,2025-12-24,12,1,Recife Centro,Recife,Online,9,Papel higiênico,Higiene,5,15.9,8.7,0.0,79.5,43.5,36.0
1287,508,2025-12-24,12,1,Recife Centro,Recife,Online,4,Leite 1L,Bebidas,5,5.5,3.7,0.1,24.75,18.5,6.25
1288,508,2025-12-24,12,1,Recife Centro,Recife,Online,8,Sabão em pó,Limpeza,5,16.9,9.8,0.0,84.5,49.0,35.5
1289,508,2025-12-24,12,1,Recife Centro,Recife,Online,10,Shampoo,Higiene,2,19.9,11.3,0.0,39.8,22.6,17.2
1290,509,2025-05-17,5,2,Boa Viagem,Recife,Loja,2,Arroz 5kg,Alimentos,4,27.5,18.3,0.05,104.5,73.2,31.3
1291,510,2025-07-07,7,2,Boa Viagem,Recife,Loja,10,Shampoo,Higiene,2,19.9,11.3,0.0,39.8,22.6,17.2
1292,510,2025-07-07,7,2,Boa Viagem,Recife,Loja,1,Café 500g,Alimentos,5,18.9,10.2,0.05,89.77,51.0,38.77
1293,510,2025-07-07,7,2,Boa Viagem,Recife,Loja,5,Suco 1L,Bebidas,5,8.5,5.2,0.0,42.5,26.0,16.5
1294,511,2025-08-14,8,1,Recife Centro,Recife,Online,4,Leite 1L,Bebidas,2,5.5,3.7,0.15,9.35,7.4,1.95
1295,511,2025-08-14,8,1,Recife Centro,Recife,Online,6,Refrigerante 2L,Bebidas,1,11.9,7.0,0.0,11.9,7.0,4.9
1296,512,2025-01-28,1,1,Recife Centro,Recife,Online,5,Suco 1L,Bebidas,3,8.5,5.2,0.15,21.68,15.6,6.07
1297,512,2025-01-28,1,1,Recife Centro,Recife,Online,1,Café 500g,Alimentos,1,18.9,10.2,0.0,18.9,10.2,8.7
1298,513,2025-08-19,8,2,Boa Viagem,Recife,Loja,9,Papel higiênico,Higiene,2,15.9,8.7,0.1,28.62,17.4,11.22
1299,513,2025-08-19,8,2,Boa Viagem,Recife,Loja,4,Leite 1L,Bebidas,5,5.5,3.7,0.0,27.5,18.5,9.0
1300,514,2025-10-08,10,2,Boa Viagem,Recife,Loja,1,Café 500g,Alimentos,5,18.9,10.2,0.15,80.33,51.0,29.32
1301,514,2025-10-08,10,2,Boa Viagem,Recife,Loja,7,Detergente,Limpeza,5,3.9,2.0,0.0,19.5,10.0,9.5
1302,515,2025-05-11,5,1,Recife Centro,Recife,Loja,10,Shampoo,Higiene,1,19.9,11.3,0.05,18.9,11.3,7.6
1303,515,2025-05-11,5,1,Recife Centro,Recife,Loja,5,Suco 1L,Bebidas,1,8.5,5.2,0.0,8.5,5.2,3.3
1304,516,2025-07-18,7,3,Olinda,Olinda,Loja,2,Arroz 5kg,Alimentos,4,27.5,18.3,0.0,110.0,73.2,36.8
1305,516,2025-07-18,7,3,Olinda,Olinda,Loja,1,Café 500g,Alimentos,4,18.9,10.2,0.1,68.04,40.8,27.24
1306,516,2025-07-18,7,3,Olinda,Olinda,Loja,5,Suco 1L,Bebidas,1,8.5,5.2,0.0,8.5,5.2,3.3
1307,517,2025-09-06,9,3,Olinda,Olinda,Loja,4,Leite 1L,Bebidas,4,5.5,3.7,0.1,19.8,14.8,5.0
1308,517,2025-09-06,9,3,Olinda,Olinda,Loja,9,Papel higiênico,Higiene,1,15.9,8.7,0.0,15.9,8.7,7.2
1309,518,2025-05-07,5,3,Olinda,Olinda,Loja,7,Detergente,Limpeza,3,3.9,2.0,0.0,11.7,6.0,5.7
1310,518,2025-05-07,5,3,Olinda,Olinda,Loja,3,Feijão 1kg,Alimentos,3,9.9,6.1,0.0,29.7,18.3,11.4
1311,518,2025-05-07,5,3,Olinda,Olinda,Loja,1,Café 500g,Alimentos,5,18.9,10.2,0.0,94.5,51.0,43.5
1312,518,2025-05-07,5,3,Olinda,Olinda,Loja,9,Papel higiênico,Higiene,1,15.9,8.7,0.15,13.52,8.7,4.82
1313,519,2025-05-12,5,2,Boa Viagem,Recife,Online,9,Papel higiênico,Higiene,3,15.9,8.7,0.0,47.7,26.1,21.6
1314,520,2025-03-19,3,2,Boa Viagem,Recife,Online,2,Arroz 5kg,Alimentos,5,27.5,18.3,0.15,116.88,91.5,25.37
1315,520,2025-03-19,3,2,Boa Viagem,Recife,Online,7,Detergente,Limpeza,5,3.9,2.0,0.15,16.57,10.0,6.57
1316,521,2025-12-18,12,1,Recife Centro,Recife,Loja,7,Detergente,Limpeza,5,3.9,2.0,0.0,19.5,10.0,9.5
1317,521,2025-12-18,12,1,Recife Centro,Recife,Loja,5,Suco 1L,Bebidas,4,8.5,5.2,0.1,30.6,20.8,9.8
1318,522,2025-03-09,3,1,Recife Centro,Recife,Loja,3,Feijão 1kg,Alimentos,5,9.9,6.1,0.0,49.5,30.5,19.0
1319,522,2025-03-09,3,1,Recife Centro,Recife,Loja,5,Suco 1L,Bebidas,4,8.5,5.2,0.0,34.0,20.8,13.2
1320,523,2025-12-02,12,3,Olinda,Olinda,Online,2,Arroz 5kg,Alimentos,2,27.5,18.3,0.0,55.0,36.6,18.4
1321,523,2025-12-02,12,3,Olinda,Olinda,Online,9,Papel higiênico,Higiene,2,15.9,8.7,0.15,27.03,17.4,9.63
1322,523,2025-12-02,12,3,Olinda,Olinda,Online,10,Shampoo,Higiene,1,19.9,11.3,0.0,19.9,11.3,8.6
1323,524,2025-07-31,7,2,Boa Viagem,Recife,Loja,3,Feijão 1kg,Alimentos,2,9.9,6.1,0.0,19.8,12.2,7.6
1324,524,2025-07-31,7,2,Boa Viagem,Recife,Loja,4,Leite 1L,Bebidas,1,5.5,3.7,0.1,4.95,3.7,1.25
1325,524,2025-07-31,7,2,Boa Viagem,Recife,Loja,2,Arroz 5kg,Alimentos,5,27.5,18.3,0.0,137.5,91.5,46.0
1326,525,2025-11-07,11,3,Olinda,Olinda,Loja,4,Leite 1L,Bebidas,3,5.5,3.7,0.0,16.5,11.1,5.4
1327,525,2025-11-07,11,3,Olinda,Olinda,Loja,1,Café 500g,Alimentos,4,18.9,10.2,0.0,75.6,40.8,34.8
1328,526,2025-09-15,9,3,Olinda,Olinda,Loja,3,Feijão 1kg,Alimentos,4,9.9,6.1,0.0,39.6,24.4,15.2
1329,526,2025-09-15,9,3,Olinda,Olinda,Loja,7,Detergente,Limpeza,2,3.9,2.0,0.0,7.8,4.0,3.8
1330,526,2025-09-15,9,3,Olinda,Olinda,Loja,8,Sabão em pó,Limpeza,2,16.9,9.8,0.0,33.8,19.6,14.2
1331,527,2025-07-29,7,1,Recife Centro,Recife,Online,4,Leite 1L,Bebidas,2,5.5,3.7,0.05,10.45,7.4,3.05
1332,527,2025-07-29,7,1,Recife Centro,Recife,Online,10,Shampoo,Higiene,5,19.9,11.3,0.05,94.52,56.5,38.02
1333,527,2025-07-29,7,1,Recife Centro,Recife,Online,9,Papel higiênico,Higiene,3,15.9,8.7,0.05,45.31,26.1,19.22
1334,527,2025-07-29,7,1,Recife Centro,Recife,Online,1,Café 500g,Alimentos,2,18.9,10.2,0.05,35.91,20.4,15.51
1335,528,2025-07-27,7,1,Recife Centro,Recife,Loja,6,Refrigerante 2L,Bebidas,1,11.9,7.0,0.05,11.3,7.0,4.3
1336,528,2025-07-27,7,1,Recife Centro,Recife,Loja,7,Detergente,Limpeza,4,3.9,2.0,0.0,15.6,8.0,7.6
1337,528,2025-07-27,7,1,Recife Centro,Recife,Loja,1,Café 500g,Alimentos,2,18.9,10.2,0.1,34.02,20.4,13.62
1338,528,2025-07-27,7,1,Recife Centro,Recife,Loja,5,Suco 1L,Bebidas,5,8.5,5.2,0.05,40.38,26.0,14.37
1339,529,2025-01-21,1,3,Olinda,Olinda,Loja,4,Leite 1L,Bebidas,3,5.5,3.7,0.05,15.67,11.1,4.57
1340,530,2025-07-23,7,2,Boa Viagem,Recife,Online,8,Sabão em pó,Limpeza,3,16.9,9.8,0.1,45.63,29.4,16.23
1341,530,2025-07-23,7,2,Boa Viagem,Recife,Online,3,Feijão 1kg,Alimentos,1,9.9,6.1,0.15,8.42,6.1,2.32
1342,530,2025-07-23,7,2,Boa Viagem,Recife,Online,7,Detergente,Limpeza,5,3.9,2.0,0.0,19.5,10.0,9.5
1343,531,2025-08-26,8,3,Olinda,Olinda,Loja,3,Feijão 1kg,Alimentos,5,9.9,6.1,0.15,42.07,30.5,11.58
1344,532,2025-10-07,10,1,Recife Centro,Recife,Loja,8,Sabão em pó,Limpeza,4,16.9,9.8,0.1,60.84,39.2,21.64
1345,532,2025-10-07,10,1,Recife Centro,Recife,Loja,1,Café 500g,Alimentos,2,18.9,10.2,0.05,35.91,20.4,15.51
1346,532,2025-10-07,10,1,Recife Centro,Recife,Loja,3,Feijão 1kg,Alimentos,1,9.9,6.1,0.0,9.9,6.1,3.8
1347,533,2025-06-15,6,3,Olinda,Olinda,Loja,2,Arroz 5kg,Alimentos,1,27.5,18.3,0.15,23.38,18.3,5.07
1348,533,2025-06-15,6,3,Olinda,Olinda,Loja,10,Shampoo,Higiene,4,19.9,11.3,0.15,67.66,45.2,22.46
1349,534,2025-07-05,7,1,Recife Centro,Recife,Loja,9,Papel higiênico,Higiene,4,15.9,8.7,0.0,63.6,34.8,28.8
1350,534,2025-07-05,7,1,Recife Centro,Recife,Loja,3,Feijão 1kg,Alimentos,2,9.9,6.1,0.0,19.8,12.2,7.6
1351,534,2025-07-05,7,1,Recife Centro,Recife,Loja,7,Detergente,Limpeza,5,3.9,2.0,0.15,16.57,10.0,6.57
1352,534,2025-07-05,7,1,Recife Centro,Recife,Loja,5,Suco 1L,Bebidas,2,8.5,5.2,0.0,17.0,10.4,6.6
1353,535,2025-03-16,3,1,Recife Centro,Recife,Online,7,Detergente,Limpeza,3,3.9,2.0,0.0,11.7,6.0,5.7
1354,536,2025-08-17,8,2,Boa Viagem,Recife,Loja,3,Feijão 1kg,Alimentos,2,9.9,6.1,0.0,19.8,12.2,7.6
1355,537,2025-11-15,11,2,Boa Viagem,Recife,Loja,8,Sabão em pó,Limpeza,4,16.9,9.8,0.0,67.6,39.2,28.4
1356,537,2025-11-15,11,2,Boa Viagem,Recife,Loja,9,Papel higiênico,Higiene,2,15.9,8.7,0.1,28.62,17.4,11.22
1357,537,2025-11-15,11,2,Boa Viagem,Recife,Loja,1,Café 500g,Alimentos,4,18.9,10.2,0.05,71.82,40.8,31.02
1358,537,2025-11-15,11,2,Boa Viagem,Recife,Loja,5,Suco 1L,Bebidas,4,8.5,5.2,0.05,32.3,20.8,11.5
1359,538,2025-02-10,2,3,Olinda,Olinda,Loja,9,Papel higiênico,Higiene,5,15.9,8.7,0.15,67.58,43.5,24.08
1360,538,2025-02-10,2,3,Olinda,Olinda,Loja,5,Suco 1L,Bebidas,5,8.5,5.2,0.0,42.5,26.0,16.5
1361,539,2025-01-26,1,1,Recife Centro,Recife,Loja,1,Café 500g,Alimentos,5,18.9,10.2,0.1,85.05,51.0,34.05
1362,539,2025-01-26,1,1,Recife Centro,Recife,Loja,3,Feijão 1kg,Alimentos,3,9.9,6.1,0.0,29.7,18.3,11.4
1363,539,2025-01-26,1,1,Recife Centro,Recife,Loja,10,Shampoo,Higiene,1,19.9,11.3,0.0,19.9,11.3,8.6
1364,540,2025-02-25,2,2,Boa Viagem,Recife,Online,5,Suco 1L,Bebidas,2,8.5,5.2,0.05,16.15,10.4,5.75
1365,540,2025-02-25,2,2,Boa Viagem,Recife,Online,9,Papel higiênico,Higiene,5,15.9,8.7,0.0,79.5,43.5,36.0
1366,541,2025-01-19,1,1,Recife Centro,Recife,Online,6,Refrigerante 2L,Bebidas,4,11.9,7.0,0.1,42.84,28.0,14.84
1367,541,2025-01-19,1,1,Recife Centro,Recife,Online,7,Detergente,Limpeza,1,3.9,2.0,0.0,3.9,2.0,1.9
1368,541,2025-01-19,1,1,Recife Centro,Recife,Online,2,Arroz 5kg,Alimentos,4,27.5,18.3,0.0,110.0,73.2,36.8
1369,542,2025-03-04,3,3,Olinda,Olinda,Online,9,Papel higiênico,Higiene,2,15.9,8.7,0.1,28.62,17.4,11.22
1370,542,2025-03-04,3,3,Olinda,Olinda,Online,7,Detergente,Limpeza,1,3.9,2.0,0.0,3.9,2.0,1.9
1371,542,2025-03-04,3,3,Olinda,Olinda,Online,4,Leite 1L,Bebidas,5,5.5,3.7,0.15,23.38,18.5,4.87
1372,543,2025-11-19,11,3,Olinda,Olinda,Online,10,Shampoo,Higiene,3,19.9,11.3,0.0,59.7,33.9,25.8
1373,543,2025-11-19,11,3,Olinda,Olinda,Online,5,Suco 1L,Bebidas,5,8.5,5.2,0.1,38.25,26.0,12.25
1374,543,2025-11-19,11,3,Olinda,Olinda,Online,7,Detergente,Limpeza,5,3.9,2.0,0.0,19.5,10.0,9.5
1375,543,2025-11-19,11,3,Olinda,Olinda,Online,9,Papel higiênico,Higiene,2,15.9,8.7,0.1,28.62,17.4,11.22
1376,544,2025-10-16,10,2,Boa Viagem,Recife,Loja,8,Sabão em pó,Limpeza,3,16.9,9.8,0.0,50.7,29.4,21.3
1377,544,2025-10-16,10,2,Boa Viagem,Recife,Loja,3,Feijão 1kg,Alimentos,1,9.9,6.1,0.0,9.9,6.1,3.8
1378,544,2025-10-16,10,2,Boa Viagem,Recife,Loja,4,Leite 1L,Bebidas,1,5.5,3.7,0.05,5.22,3.7,1.52
1379,544,2025-10-16,10,2,Boa Viagem,Recife,Loja,6,Refrigerante 2L,Bebidas,1,11.9,7.0,0.15,10.12,7.0,3.12
1380,545,2025-04-17,4,3,Olinda,Olinda,Online,1,Café 500g,Alimentos,2,18.9,10.2,0.0,37.8,20.4,17.4
1381,545,2025-04-17,4,3,Olinda,Olinda,Online,6,Refrigerante 2L,Bebidas,2,11.9,7.0,0.15,20.23,14.0,6.23
1382,545,2025-04-17,4,3,Olinda,Olinda,Online,9,Papel higiênico,Higiene,3,15.9,8.7,0.0,47.7,26.1,21.6
1383,545,2025-04-17,4,3,Olinda,Olinda,Online,5,Suco 1L,Bebidas,1,8.5,5.2,0.0,8.5,5.2,3.3
1384,546,2025-06-03,6,3,Olinda,Olinda,Loja,2,Arroz 5kg,Alimentos,3,27.5,18.3,0.0,82.5,54.9,27.6
1385,547,2025-07-22,7,3,Olinda,Olinda,Loja,3,Feijão 1kg,Alimentos,2,9.9,6.1,0.0,19.8,12.2,7.6
1386,548,2025-06-23,6,3,Olinda,Olinda,Loja,1,Café 500g,Alimentos,4,18.9,10.2,0.1,68.04,40.8,27.24
1387,548,2025-06-23,6,3,Olinda,Olinda,Loja,3,Feijão 1kg,Alimentos,3,9.9,6.1,0.05,28.21,18.3,9.91
1388,548,2025-06-23,6,3,Olinda,Olinda,Loja,8,Sabão em pó,Limpeza,4,16.9,9.8,0.15,57.46,39.2,18.26
1389,548,2025-06-23,6,3,Olinda,Olinda,Loja,2,Arroz 5kg,Alimentos,1,27.5,18.3,0.1,24.75,18.3,6.45
1390,549,2025-06-03,6,3,Olinda,Olinda,Loja,9,Papel higiênico,Higiene,2,15.9,8.7,0.1,28.62,17.4,11.22
1391,549,2025-06-03,6,3,Olinda,Olinda,Loja,10,Shampoo,Higiene,3,19.9,11.3,0.0,59.7,33.9,25.8
1392,549,2025-06-03,6,3,Olinda,Olinda,Loja,1,Café 500g,Alimentos,1,18.9,10.2,0.0,18.9,10.2,8.7
1393,550,2025-05-24,5,1,Recife Centro,Recife,Loja,9,Papel higiênico,Higiene,5,15.9,8.7,0.0,79.5,43.5,36.0
1394,550,2025-05-24,5,1,Recife Centro,Recife,Loja,3,Feijão 1kg,Alimentos,3,9.9,6.1,0.15,25.25,18.3,6.95
1395,550,2025-05-24,5,1,Recife Centro,Recife,Loja,7,Detergente,Limpeza,3,3.9,2.0,0.15,9.94,6.0,3.94
1396,550,2025-05-24,5,1,Recife Centro,Recife,Loja,2,Arroz 5kg,Alimentos,1,27.5,18.3,0.0,27.5,18.3,9.2
1397,551,2025-07-31,7,1,Recife Centro,Recife,Loja,6,Refrigerante 2L,Bebidas,3,11.9,7.0,0.0,35.7,21.0,14.7
1398,551,2025-07-31,7,1,Recife Centro,Recife,Loja,8,Sabão em pó,Limpeza,5,16.9,9.8,0.0,84.5,49.0,35.5
1399,552,2025-03-31,3,1,Recife Centro,Recife,Loja,4,Leite 1L,Bebidas,1,5.5,3.7,0.05,5.22,3.7,1.52
1400,553,2025-09-17,9,1,Recife Centro,Recife,Online,4,Leite 1L,Bebidas,4,5.5,3.7,0.15,18.7,14.8,3.9
1401,553,2025-09-17,9,1,Recife Centro,Recife,Online,6,Refrigerante 2L,Bebidas,5,11.9,7.0,0.0,59.5,35.0,24.5
1402,554,2025-06-17,6,1,Recife Centro,Recife,Online,9,Papel higiênico,Higiene,2,15.9,8.7,0.0,31.8,17.4,14.4
1403,555,2025-01-19,1,2,Boa Viagem,Recife,Loja,1,Café 500g,Alimentos,3,18.9,10.2,0.0,56.7,30.6,26.1
1404,556,2025-12-18,12,3,Olinda,Olinda,Online,8,Sabão em pó,Limpeza,5,16.9,9.8,0.15,71.83,49.0,22.82
1405,556,2025-12-18,12,3,Olinda,Olinda,Online,1,Café 500g,Alimentos,3,18.9,10.2,0.0,56.7,30.6,26.1
1406,556,2025-12-18,12,3,Olinda,Olinda,Online,2,Arroz 5kg,Alimentos,5,27.5,18.3,0.0,137.5,91.5,46.0
1407,557,2025-11-24,11,1,Recife Centro,Recife,Loja,5,Suco 1L,Bebidas,5,8.5,5.2,0.0,42.5,26.0,16.5
1408,557,2025-11-24,11,1,Recife Centro,Recife,Loja,10,Shampoo,Higiene,4,19.9,11.3,0.15,67.66,45.2,22.46
1409,558,2025-03-02,3,2,Boa Viagem,Recife,Loja,2,Arroz 5kg,Alimentos,2,27.5,18.3,0.1,49.5,36.6,12.9
1410,558,2025-03-02,3,2,Boa Viagem,Recife,Loja,1,Café 500g,Alimentos,3,18.9,10.2,0.1,51.03,30.6,20.43
1411,558,2025-03-02,3,2,Boa Viagem,Recife,Loja,10,Shampoo,Higiene,3,19.9,11.3,0.0,59.7,33.9,25.8
1412,559,2025-03-14,3,3,Olinda,Olinda,Online,3,Feijão 1kg,Alimentos,3,9.9,6.1,0.1,26.73,18.3,8.43
1413,559,2025-03-14,3,3,Olinda,Olinda,Online,2,Arroz 5kg,Alimentos,3,27.5,18.3,0.1,74.25,54.9,19.35
1414,560,2025-08-16,8,1,Recife Centro,Recife,Loja,1,Café 500g,Alimentos,1,18.9,10.2,0.05,17.95,10.2,7.75
1415,560,2025-08-16,8,1,Recife Centro,Recife,Loja,2,Arroz 5kg,Alimentos,4,27.5,18.3,0.0,110.0,73.2,36.8
1416,560,2025-08-16,8,1,Recife Centro,Recife,Loja,7,Detergente,Limpeza,5,3.9,2.0,0.1,17.55,10.0,7.55
1417,560,2025-08-16,8,1,Recife Centro,Recife,Loja,10,Shampoo,Higiene,4,19.9,11.3,0.1,71.64,45.2,26.44
1418,561,2025-07-02,7,2,Boa Viagem,Recife,Loja,9,Papel higiênico,Higiene,4,15.9,8.7,0.1,57.24,34.8,22.44
1419,561,2025-07-02,7,2,Boa Viagem,Recife,Loja,2,Arroz 5kg,Alimentos,2,27.5,18.3,0.0,55.0,36.6,18.4
1420,562,2025-12-24,12,2,Boa Viagem,Recife,Loja,8,Sabão em pó,Limpeza,2,16.9,9.8,0.0,33.8,19.6,14.2
1421,562,2025-12-24,12,2,Boa Viagem,Recife,Loja,10,Shampoo,Higiene,5,19.9,11.3,0.0,99.5,56.5,43.0
1422,562,2025-12-24,12,2,Boa Viagem,Recife,Loja,4,Leite 1L,Bebidas,3,5.5,3.7,0.05,15.67,11.1,4.57
1423,563,2025-04-04,4,3,Olinda,Olinda,Online,6,Refrigerante 2L,Bebidas,1,11.9,7.0,0.0,11.9,7.0,4.9
1424,563,2025-04-04,4,3,Olinda,Olinda,Online,8,Sabão em pó,Limpeza,4,16.9,9.8,0.0,67.6,39.2,28.4
1425,563,2025-04-04,4,3,Olinda,Olinda,Online,9,Papel higiênico,Higiene,3,15.9,8.7,0.05,45.31,26.1,19.22
1426,564,2025-08-25,8,1,Recife Centro,Recife,Loja,10,Shampoo,Higiene,4,19.9,11.3,0.15,67.66,45.2,22.46
1427,564,2025-08-25,8,1,Recife Centro,Recife,Loja,3,Feijão 1kg,Alimentos,1,9.9,6.1,0.0,9.9,6.1,3.8
1428,564,2025-08-25,8,1,Recife Centro,Recife,Loja,2,Arroz 5kg,Alimentos,5,27.5,18.3,0.15,116.88,91.5,25.37
1429,565,2025-02-06,2,2,Boa Viagem,Recife,Loja,10,Shampoo,Higiene,2,19.9,11.3,0.1,35.82,22.6,13.22
1430,565,2025-02-06,2,2,Boa Viagem,Recife,Loja,7,Detergente,Limpeza,2,3.9,2.0,0.05,7.41,4.0,3.41
1431,565,2025-02-06,2,2,Boa Viagem,Recife,Loja,4,Leite 1L,Bebidas,4,5.5,3.7,0.0,22.0,14.8,7.2
1432,565,2025-02-06,2,2,Boa Viagem,Recife,Loja,5,Suco 1L,Bebidas,3,8.5,5.2,0.0,25.5,15.6,9.9
1433,566,2025-12-22,12,3,Olinda,Olinda,Loja,10,Shampoo,Higiene,1,19.9,11.3,0.15,16.91,11.3,5.61
1434,566,2025-12-22,12,3,Olinda,Olinda,Loja,6,Refrigerante 2L,Bebidas,5,11.9,7.0,0.05,56.52,35.0,21.52
1435,566,2025-12-22,12,3,Olinda,Olinda,Loja,4,Leite 1L,Bebidas,1,5.5,3.7,0.1,4.95,3.7,1.25
1436,566,2025-12-22,12,3,Olinda,Olinda,Loja,2,Arroz 5kg,Alimentos,5,27.5,18.3,0.05,130.63,91.5,39.13
1437,567,2025-06-16,6,3,Olinda,Olinda,Loja,3,Feijão 1kg,Alimentos,5,9.9,6.1,0.0,49.5,30.5,19.0
1438,567,2025-06-16,6,3,Olinda,Olinda,Loja,5,Suco 1L,Bebidas,5,8.5,5.2,0.05,40.38,26.0,14.37
1439,567,2025-06-16,6,3,Olinda,Olinda,Loja,7,Detergente,Limpeza,3,3.9,2.0,0.05,11.11,6.0,5.11
1440,567,2025-06-16,6,3,Olinda,Olinda,Loja,1,Café 500g,Alimentos,1,18.9,10.2,0.0,18.9,10.2,8.7
1441,568,2025-04-22,4,1,Recife Centro,Recife,Online,3,Feijão 1kg,Alimentos,2,9.9,6.1,0.05,18.81,12.2,6.61
1442,569,2025-09-30,9,2,Boa Viagem,Recife,Loja,4,Leite 1L,Bebidas,5,5.5,3.7,0.15,23.38,18.5,4.87
1443,569,2025-09-30,9,2,Boa Viagem,Recife,Loja,10,Shampoo,Higiene,3,19.9,11.3,0.05,56.71,33.9,22.81
1444,569,2025-09-30,9,2,Boa Viagem,Recife,Loja,6,Refrigerante 2L,Bebidas,3,11.9,7.0,0.0,35.7,21.0,14.7
1445,569,2025-09-30,9,2,Boa Viagem,Recife,Loja,3,Feijão 1kg,Alimentos,5,9.9,6.1,0.0,49.5,30.5,19.0
1446,570,2025-11-10,11,3,Olinda,Olinda,Loja,5,Suco 1L,Bebidas,3,8.5,5.2,0.1,22.95,15.6,7.35
1447,570,2025-11-10,11,3,Olinda,Olinda,Loja,1,Café 500g,Alimentos,1,18.9,10.2,0.0,18.9,10.2,8.7
1448,571,2025-12-27,12,3,Olinda,Olinda,Online,2,Arroz 5kg,Alimentos,2,27.5,18.3,0.05,52.25,36.6,15.65
1449,571,2025-12-27,12,3,Olinda,Olinda,Online,5,Suco 1L,Bebidas,5,8.5,5.2,0.05,40.38,26.0,14.37
1450,571,2025-12-27,12,3,Olinda,Olinda,Online,1,Café 500g,Alimentos,3,18.9,10.2,0.15,48.19,30.6,17.59
1451,572,2025-07-15,7,2,Boa Viagem,Recife,Loja,3,Feijão 1kg,Alimentos,2,9.9,6.1,0.0,19.8,12.2,7.6
1452,572,2025-07-15,7,2,Boa Viagem,Recife,Loja,8,Sabão em pó,Limpeza,5,16.9,9.8,0.05,80.27,49.0,31.27
1453,573,2025-07-04,7,2,Boa Viagem,Recife,Loja,3,Feijão 1kg,Alimentos,1,9.9,6.1,0.15,8.42,6.1,2.32
1454,573,2025-07-04,7,2,Boa Viagem,Recife,Loja,1,Café 500g,Alimentos,1,18.9,10.2,0.0,18.9,10.2,8.7
1455,574,2025-09-07,9,3,Olinda,Olinda,Loja,2,Arroz 5kg,Alimentos,4,27.5,18.3,0.05,104.5,73.2,31.3
1456,574,2025-09-07,9,3,Olinda,Olinda,Loja,3,Feijão 1kg,Alimentos,5,9.9,6.1,0.05,47.02,30.5,16.52
1457,575,2025-11-16,11,1,Recife Centro,Recife,Loja,9,Papel higiênico,Higiene,2,15.9,8.7,0.0,31.8,17.4,14.4
1458,575,2025-11-16,11,1,Recife Centro,Recife,Loja,8,Sabão em pó,Limpeza,4,16.9,9.8,0.1,60.84,39.2,21.64
1459,575,2025-11-16,11,1,Recife Centro,Recife,Loja,7,Detergente,Limpeza,1,3.9,2.0,0.1,3.51,2.0,1.51
1460,575,2025-11-16,11,1,Recife Centro,Recife,Loja,3,Feijão 1kg,Alimentos,4,9.9,6.1,0.15,33.66,24.4,9.26
1461,576,2025-05-02,5,3,Olinda,Olinda,Loja,9,Papel higiênico,Higiene,5,15.9,8.7,0.05,75.52,43.5,32.03
1462,576,2025-05-02,5,3,Olinda,Olinda,Loja,6,Refrigerante 2L,Bebidas,3,11.9,7.0,0.0,35.7,21.0,14.7
1463,576,2025-05-02,5,3,Olinda,Olinda,Loja,1,Café 500g,Alimentos,5,18.9,10.2,0.05,89.77,51.0,38.77
1464,576,2025-05-02,5,3,Olinda,Olinda,Loja,8,Sabão em pó,Limpeza,1,16.9,9.8,0.0,16.9,9.8,7.1
1465,577,2025-09-27,9,2,Boa Viagem,Recife,Loja,9,Papel higiênico,Higiene,5,15.9,8.7,0.0,79.5,43.5,36.0
1466,578,2025-05-06,5,2,Boa Viagem,Recife,Loja,9,Papel higiênico,Higiene,5,15.9,8.7,0.0,79.5,43.5,36.0
1467,579,2025-11-10,11,1,Recife Centro,Recife,Online,8,Sabão em pó,Limpeza,4,16.9,9.8,0.1,60.84,39.2,21.64
1468,580,2025-08-29,8,3,Olinda,Olinda,Loja,6,Refrigerante 2L,Bebidas,1,11.9,7.0,0.15,10.12,7.0,3.12
1469,580,2025-08-29,8,3,Olinda,Olinda,Loja,5,Suco 1L,Bebidas,5,8.5,5.2,0.15,36.13,26.0,10.12
1470,580,2025-08-29,8,3,Olinda,Olinda,Loja,9,Papel higiênico,Higiene,3,15.9,8.7,0.15,40.55,26.1,14.45
1471,580,2025-08-29,8,3,Olinda,Olinda,Loja,2,Arroz 5kg,Alimentos,5,27.5,18.3,0.0,137.5,91.5,46.0
1472,581,2025-02-01,2,3,Olinda,Olinda,Loja,10,Shampoo,Higiene,3,19.9,11.3,0.15,50.74,33.9,16.84
1473,581,2025-02-01,2,3,Olinda,Olinda,Loja,1,Café 500g,Alimentos,5,18.9,10.2,0.0,94.5,51.0,43.5
1474,582,2025-05-27,5,2,Boa Viagem,Recife,Loja,5,Suco 1L,Bebidas,3,8.5,5.2,0.0,25.5,15.6,9.9
1475,583,2025-11-12,11,2,Boa Viagem,Recife,Loja,1,Café 500g,Alimentos,5,18.9,10.2,0.15,80.33,51.0,29.32
1476,583,2025-11-12,11,2,Boa Viagem,Recife,Loja,2,Arroz 5kg,Alimentos,2,27.5,18.3,0.15,46.75,36.6,10.15
1477,583,2025-11-12,11,2,Boa Viagem,Recife,Loja,3,Feijão 1kg,Alimentos,4,9.9,6.1,0.0,39.6,24.4,15.2
1478,584,2025-03-31,3,2,Boa Viagem,Recife,Online,8,Sabão em pó,Limpeza,5,16.9,9.8,0.0,84.5,49.0,35.5
1479,584,2025-03-31,3,2,Boa Viagem,Recife,Online,3,Feijão 1kg,Alimentos,3,9.9,6.1,0.0,29.7,18.3,11.4
1480,585,2025-03-16,3,3,Olinda,Olinda,Online,8,Sabão em pó,Limpeza,4,16.9,9.8,0.0,67.6,39.2,28.4
1481,585,2025-03-16,3,3,Olinda,Olinda,Online,7,Detergente,Limpeza,4,3.9,2.0,0.15,13.26,8.0,5.26
1482,586,2025-11-23,11,1,Recife Centro,Recife,Loja,1,Café 500g,Alimentos,1,18.9,10.2,0.0,18.9,10.2,8.7
1483,586,2025-11-23,11,1,Recife Centro,Recife,Loja,5,Suco 1L,Bebidas,4,8.5,5.2,0.05,32.3,20.8,11.5
1484,586,2025-11-23,11,1,Recife Centro,Recife,Loja,2,Arroz 5kg,Alimentos,4,27.5,18.3,0.0,110.0,73.2,36.8
1485,587,2025-09-01,9,3,Olinda,Olinda,Online,7,Detergente,Limpeza,4,3.9,2.0,0.0,15.6,8.0,7.6
1486,587,2025-09-01,9,3,Olinda,Olinda,Online,10,Shampoo,Higiene,2,19.9,11.3,0.1,35.82,22.6,13.22
1487,588,2025-08-11,8,1,Recife Centro,Recife,Loja,7,Detergente,Limpeza,5,3.9,2.0,0.15,16.57,10.0,6.57
1488,588,2025-08-11,8,1,Recife Centro,Recife,Loja,6,Refrigerante 2L,Bebidas,3,11.9,7.0,0.05,33.91,21.0,12.91
1489,588,2025-08-11,8,1,Recife Centro,Recife,Loja,1,Café 500g,Alimentos,5,18.9,10.2,0.15,80.33,51.0,29.32
1490,588,2025-08-11,8,1,Recife Centro,Recife,Loja,8,Sabão em pó,Limpeza,3,16.9,9.8,0.0,50.7,29.4,21.3
1491,589,2025-05-19,5,2,Boa Viagem,Recife,Online,10,Shampoo,Higiene,2,19.9,11.3,0.15,33.83,22.6,11.23
1492,589,2025-05-19,5,2,Boa Viagem,Recife,Online,7,Detergente,Limpeza,5,3.9,2.0,0.0,19.5,10.0,9.5
1493,589,2025-05-19,5,2,Boa Viagem,Recife,Online,8,Sabão em pó,Limpeza,5,16.9,9.8,0.0,84.5,49.0,35.5
1494,590,2025-12-13,12,3,Olinda,Olinda,Online,9,Papel higiênico,Higiene,1,15.9,8.7,0.0,15.9,8.7,7.2
1495,590,2025-12-13,12,3,Olinda,Olinda,Online,1,Café 500g,Alimentos,4,18.9,10.2,0.0,75.6,40.8,34.8
1496,590,2025-12-13,12,3,Olinda,Olinda,Online,10,Shampoo,Higiene,5,19.9,11.3,0.0,99.5,56.5,43.0
1497,591,2025-12-17,12,2,Boa Viagem,Recife,Loja,5,Suco 1L,Bebidas,1,8.5,5.2,0.1,7.65,5.2,2.45
1498,591,2025-12-17,12,2,Boa Viagem,Recife,Loja,4,Leite 1L,Bebidas,1,5.5,3.7,0.0,5.5,3.7,1.8
1499,591,2025-12-17,12,2,Boa Viagem,Recife,Loja,1,Café 500g,Alimentos,5,18.9,10.2,0.15,80.33,51.0,29.32
1500,592,2025-04-22,4,3,Olinda,Olinda,Loja,2,Arroz 5kg,Alimentos,5,27.5,18.3,0.0,137.5,91.5,46.0
1501,593,2025-07-12,7,3,Olinda,Olinda,Online,2,Arroz 5kg,Alimentos,3,27.5,18.3,0.0,82.5,54.9,27.6
1502,593,2025-07-12,7,3,Olinda,Olinda,Online,3,Feijão 1kg,Alimentos,4,9.9,6.1,0.15,33.66,24.4,9.26
1503,594,2025-02-08,2,3,Olinda,Olinda,Loja,7,Detergente,Limpeza,2,3.9,2.0,0.0,7.8,4.0,3.8
1504,594,2025-02-08,2,3,Olinda,Olinda,Loja,6,Refrigerante 2L,Bebidas,3,11.9,7.0,0.0,35.7,21.0,14.7
1505,594,2025-02-08,2,3,Olinda,Olinda,Loja,5,Suco 1L,Bebidas,4,8.5,5.2,0.05,32.3,20.8,11.5
1506,595,2025-06-20,6,1,Recife Centro,Recife,Loja,3,Feijão 1kg,Alimentos,4,9.9,6.1,0.0,39.6,24.4,15.2
1507,595,2025-06-20,6,1,Recife Centro,Recife,Loja,8,Sabão em pó,Limpeza,5,16.9,9.8,0.05,80.27,49.0,31.27
1508,595,2025-06-20,6,1,Recife Centro,Recife,Loja,2,Arroz 5kg,Alimentos,2,27.5,18.3,0.15,46.75,36.6,10.15
1509,596,2025-09-09,9,1,Recife Centro,Recife,Loja,4,Leite 1L,Bebidas,3,5.5,3.7,0.0,16.5,11.1,5.4
1510,596,2025-09-09,9,1,Recife Centro,Recife,Loja,2,Arroz 5kg,Alimentos,1,27.5,18.3,0.0,27.5,18.3,9.2
1511,596,2025-09-09,9,1,Recife Centro,Recife,Loja,8,Sabão em pó,Limpeza,1,16.9,9.8,0.1,15.21,9.8,5.41
1512,596,2025-09-09,9,1,Recife Centro,Recife,Loja,6,Refrigerante 2L,Bebidas,3,11.9,7.0,0.05,33.91,21.0,12.91
1513,597,2025-01-10,1,2,Boa Viagem,Recife,Loja,1,Café 500g,Alimentos,4,18.9,10.2,0.0,75.6,40.8,34.8
1514,598,2025-03-19,3,3,Olinda,Olinda,Loja,10,Shampoo,Higiene,4,19.9,11.3,0.05,75.62,45.2,30.42
1515,598,2025-03-19,3,3,Olinda,Olinda,Loja,1,Café 500g,Alimentos,1,18.9,10.2,0.1,17.01,10.2,6.81
1516,598,2025-03-19,3,3,Olinda,Olinda,Loja,8,Sabão em pó,Limpeza,2,16.9,9.8,0.0,33.8,19.6,14.2
1517,598,2025-03-19,3,3,Olinda,Olinda,Loja,4,Leite 1L,Bebidas,4,5.5,3.7,0.15,18.7,14.8,3.9
1518,599,2025-09-04,9,1,Recife Centro,Recife,Loja,6,Refrigerante 2L,Bebidas,1,11.9,7.0,0.15,10.12,7.0,3.12
1519,599,2025-09-04,9,1,Recife Centro,Recife,Loja,5,Suco 1L,Bebidas,1,8.5,5.2,0.0,8.5,5.2,3.3
1520,599,2025-09-04,9,1,Recife Centro,Recife,Loja,7,Detergente,Limpeza,5,3.9,2.0,0.0,19.5,10.0,9.5
1521,600,2025-02-11,2,2,Boa Viagem,Recife,Online,4,Leite 1L,Bebidas,4,5.5,3.7,0.15,18.7,14.8,3.9
1522,600,2025-02-11,2,2,Boa Viagem,Recife,Online,3,Feijão 1kg,Alimentos,2,9.9,6.1,0.0,19.8,12.2,7.6
1523,600,2025-02-11,2,2,Boa Viagem,Recife,Online,1,Café 500g,Alimentos,4,18.9,10.2,0.0,75.6,40.8,34.8
1524,601,2025-11-19,11,3,Olinda,Olinda,Loja,8,Sabão em pó,Limpeza,2,16.9,9.8,0.0,33.8,19.6,14.2
1525,602,2025-01-19,1,1,Recife Centro,Recife,Loja,8,Sabão em pó,Limpeza,1,16.9,9.8,0.1,15.21,9.8,5.41
1526,602,2025-01-19,1,1,Recife Centro,Recife,Loja,7,Detergente,Limpeza,3,3.9,2.0,0.05,11.11,6.0,5.11
1527,603,2025-10-01,10,2,Boa Viagem,Recife,Online,1,Café 500g,Alimentos,3,18.9,10.2,0.0,56.7,30.6,26.1
1528,604,2025-06-22,6,3,Olinda,Olinda,Loja,4,Leite 1L,Bebidas,5,5.5,3.7,0.05,26.13,18.5,7.62
1529,605,2025-12-14,12,3,Olinda,Olinda,Loja,2,Arroz 5kg,Alimentos,2,27.5,18.3,0.05,52.25,36.6,15.65
1530,605,2025-12-14,12,3,Olinda,Olinda,Loja,1,Café 500g,Alimentos,1,18.9,10.2,0.05,17.95,10.2,7.75
1531,606,2025-11-13,11,1,Recife Centro,Recife,Loja,1,Café 500g,Alimentos,1,18.9,10.2,0.0,18.9,10.2,8.7
1532,606,2025-11-13,11,1,Recife Centro,Recife,Loja,3,Feijão 1kg,Alimentos,1,9.9,6.1,0.05,9.4,6.1,3.3
1533,607,2025-11-09,11,1,Recife Centro,Recife,Online,2,Arroz 5kg,Alimentos,1,27.5,18.3,0.05,26.13,18.3,7.82
1534,608,2025-11-01,11,3,Olinda,Olinda,Loja,7,Detergente,Limpeza,4,3.9,2.0,0.0,15.6,8.0,7.6
1535,608,2025-11-01,11,3,Olinda,Olinda,Loja,6,Refrigerante 2L,Bebidas,1,11.9,7.0,0.15,10.12,7.0,3.12
1536,609,2025-10-22,10,3,Olinda,Olinda,Loja,1,Café 500g,Alimentos,3,18.9,10.2,0.0,56.7,30.6,26.1
1537,609,2025-10-22,10,3,Olinda,Olinda,Loja,3,Feijão 1kg,Alimentos,1,9.9,6.1,0.0,9.9,6.1,3.8
1538,610,2025-03-14,3,2,Boa Viagem,Recife,Loja,9,Papel higiênico,Higiene,2,15.9,8.7,0.1,28.62,17.4,11.22
1539,610,2025-03-14,3,2,Boa Viagem,Recife,Loja,3,Feijão 1kg,Alimentos,1,9.9,6.1,0.0,9.9,6.1,3.8
1540,610,2025-03-14,3,2,Boa Viagem,Recife,Loja,8,Sabão em pó,Limpeza,1,16.9,9.8,0.15,14.36,9.8,4.56
1541,611,2025-11-10,11,2,Boa Viagem,Recife,Online,8,Sabão em pó,Limpeza,1,16.9,9.8,0.0,16.9,9.8,7.1
1542,612,2025-01-04,1,1,Recife Centro,Recife,Online,7,Detergente,Limpeza,2,3.9,2.0,0.0,7.8,4.0,3.8
1543,612,2025-01-04,1,1,Recife Centro,Recife,Online,8,Sabão em pó,Limpeza,3,16.9,9.8,0.1,45.63,29.4,16.23
1544,612,2025-01-04,1,1,Recife Centro,Recife,Online,3,Feijão 1kg,Alimentos,4,9.9,6.1,0.05,37.62,24.4,13.22
1545,613,2025-05-03,5,1,Recife Centro,Recife,Loja,10,Shampoo,Higiene,2,19.9,11.3,0.15,33.83,22.6,11.23
1546,614,2025-09-13,9,3,Olinda,Olinda,Online,6,Refrigerante 2L,Bebidas,5,11.9,7.0,0.0,59.5,35.0,24.5
1547,614,2025-09-13,9,3,Olinda,Olinda,Online,7,Detergente,Limpeza,2,3.9,2.0,0.0,7.8,4.0,3.8
1548,614,2025-09-13,9,3,Olinda,Olinda,Online,1,Café 500g,Alimentos,5,18.9,10.2,0.0,94.5,51.0,43.5
1549,615,2025-11-13,11,2,Boa Viagem,Recife,Online,8,Sabão em pó,Limpeza,3,16.9,9.8,0.0,50.7,29.4,21.3
1550,615,2025-11-13,11,2,Boa Viagem,Recife,Online,4,Leite 1L,Bebidas,2,5.5,3.7,0.0,11.0,7.4,3.6
1551,616,2025-03-18,3,3,Olinda,Olinda,Online,8,Sabão em pó,Limpeza,1,16.9,9.8,0.0,16.9,9.8,7.1
1552,616,2025-03-18,3,3,Olinda,Olinda,Online,3,Feijão 1kg,Alimentos,3,9.9,6.1,0.0,29.7,18.3,11.4
1553,616,2025-03-18,3,3,Olinda,Olinda,Online,9,Papel higiênico,Higiene,2,15.9,8.7,0.05,30.21,17.4,12.81
1554,616,2025-03-18,3,3,Olinda,Olinda,Online,6,Refrigerante 2L,Bebidas,3,11.9,7.0,0.0,35.7,21.0,14.7
1555,617,2025-11-12,11,2,Boa Viagem,Recife,Loja,9,Papel higiênico,Higiene,2,15.9,8.7,0.0,31.8,17.4,14.4
1556,618,2025-01-15,1,2,Boa Viagem,Recife,Loja,4,Leite 1L,Bebidas,4,5.5,3.7,0.1,19.8,14.8,5.0
1557,619,2025-10-24,10,2,Boa Viagem,Recife,Loja,4,Leite 1L,Bebidas,2,5.5,3.7,0.0,11.0,7.4,3.6
1558,619,2025-10-24,10,2,Boa Viagem,Recife,Loja,2,Arroz 5kg,Alimentos,2,27.5,18.3,0.15,46.75,36.6,10.15
1559,619,2025-10-24,10,2,Boa Viagem,Recife,Loja,6,Refrigerante 2L,Bebidas,4,11.9,7.0,0.0,47.6,28.0,19.6
1560,620,2025-07-12,7,1,Recife Centro,Recife,Loja,1,Café 500g,Alimentos,5,18.9,10.2,0.05,89.77,51.0,38.77
1561,620,2025-07-12,7,1,Recife Centro,Recife,Loja,7,Detergente,Limpeza,2,3.9,2.0,0.05,7.41,4.0,3.41
1562,620,2025-07-12,7,1,Recife Centro,Recife,Loja,3,Feijão 1kg,Alimentos,3,9.9,6.1,0.0,29.7,18.3,11.4
1563,620,2025-07-12,7,1,Recife Centro,Recife,Loja,2,Arroz 5kg,Alimentos,4,27.5,18.3,0.15,93.5,73.2,20.3
1564,621,2025-04-10,4,3,Olinda,Olinda,Loja,4,Leite 1L,Bebidas,1,5.5,3.7,0.15,4.67,3.7,0.97
1565,621,2025-04-10,4,3,Olinda,Olinda,Loja,6,Refrigerante 2L,Bebidas,5,11.9,7.0,0.0,59.5,35.0,24.5
1566,621,2025-04-10,4,3,Olinda,Olinda,Loja,3,Feijão 1kg,Alimentos,3,9.9,6.1,0.0,29.7,18.3,11.4
1567,622,2025-02-26,2,2,Boa Viagem,Recife,Loja,6,Refrigerante 2L,Bebidas,3,11.9,7.0,0.1,32.13,21.0,11.13
1568,622,2025-02-26,2,2,Boa Viagem,Recife,Loja,4,Leite 1L,Bebidas,2,5.5,3.7,0.15,9.35,7.4,1.95
1569,623,2025-11-10,11,1,Recife Centro,Recife,Loja,2,Arroz 5kg,Alimentos,5,27.5,18.3,0.05,130.63,91.5,39.13
1570,623,2025-11-10,11,1,Recife Centro,Recife,Loja,7,Detergente,Limpeza,2,3.9,2.0,0.1,7.02,4.0,3.02
1571,624,2025-08-31,8,2,Boa Viagem,Recife,Loja,4,Leite 1L,Bebidas,5,5.5,3.7,0.0,27.5,18.5,9.0
1572,624,2025-08-31,8,2,Boa Viagem,Recife,Loja,10,Shampoo,Higiene,5,19.9,11.3,0.0,99.5,56.5,43.0
1573,624,2025-08-31,8,2,Boa Viagem,Recife,Loja,6,Refrigerante 2L,Bebidas,5,11.9,7.0,0.0,59.5,35.0,24.5
1574,624,2025-08-31,8,2,Boa Viagem,Recife,Loja,9,Papel higiênico,Higiene,4,15.9,8.7,0.0,63.6,34.8,28.8
1575,625,2025-01-21,1,2,Boa Viagem,Recife,Loja,7,Detergente,Limpeza,5,3.9,2.0,0.05,18.52,10.0,8.52
1576,626,2025-09-03,9,3,Olinda,Olinda,Online,8,Sabão em pó,Limpeza,1,16.9,9.8,0.15,14.36,9.8,4.56
1577,626,2025-09-03,9,3,Olinda,Olinda,Online,4,Leite 1L,Bebidas,4,5.5,3.7,0.0,22.0,14.8,7.2
1578,626,2025-09-03,9,3,Olinda,Olinda,Online,2,Arroz 5kg,Alimentos,2,27.5,18.3,0.0,55.0,36.6,18.4
1579,626,2025-09-03,9,3,Olinda,Olinda,Online,5,Suco 1L,Bebidas,3,8.5,5.2,0.0,25.5,15.6,9.9
1580,627,2025-11-28,11,1,Recife Centro,Recife,Loja,3,Feijão 1kg,Alimentos,4,9.9,6.1,0.05,37.62,24.4,13.22
1581,627,2025-11-28,11,1,Recife Centro,Recife,Loja,8,Sabão em pó,Limpeza,2,16.9,9.8,0.15,28.73,19.6,9.13
1582,627,2025-11-28,11,1,Recife Centro,Recife,Loja,1,Café 500g,Alimentos,4,18.9,10.2,0.0,75.6,40.8,34.8
1583,628,2025-07-09,7,3,Olinda,Olinda,Loja,2,Arroz 5kg,Alimentos,4,27.5,18.3,0.15,93.5,73.2,20.3
1584,629,2025-06-20,6,3,Olinda,Olinda,Loja,5,Suco 1L,Bebidas,1,8.5,5.2,0.1,7.65,5.2,2.45
1585,629,2025-06-20,6,3,Olinda,Olinda,Loja,9,Papel higiênico,Higiene,3,15.9,8.7,0.15,40.55,26.1,14.45
1586,629,2025-06-20,6,3,Olinda,Olinda,Loja,4,Leite 1L,Bebidas,1,5.5,3.7,0.1,4.95,3.7,1.25
1587,629,2025-06-20,6,3,Olinda,Olinda,Loja,7,Detergente,Limpeza,3,3.9,2.0,0.0,11.7,6.0,5.7
1588,630,2025-02-26,2,2,Boa Viagem,Recife,Loja,6,Refrigerante 2L,Bebidas,3,11.9,7.0,0.0,35.7,21.0,14.7
1589,631,2025-11-28,11,3,Olinda,Olinda,Loja,3,Feijão 1kg,Alimentos,2,9.9,6.1,0.1,17.82,12.2,5.62
1590,631,2025-11-28,11,3,Olinda,Olinda,Loja,6,Refrigerante 2L,Bebidas,1,11.9,7.0,0.15,10.12,7.0,3.12
1591,632,2025-09-02,9,3,Olinda,Olinda,Online,4,Leite 1L,Bebidas,3,5.5,3.7,0.0,16.5,11.1,5.4
1592,632,2025-09-02,9,3,Olinda,Olinda,Online,6,Refrigerante 2L,Bebidas,5,11.9,7.0,0.15,50.57,35.0,15.58
1593,633,2025-08-05,8,2,Boa Viagem,Recife,Loja,6,Refrigerante 2L,Bebidas,5,11.9,7.0,0.1,53.55,35.0,18.55
1594,633,2025-08-05,8,2,Boa Viagem,Recife,Loja,8,Sabão em pó,Limpeza,1,16.9,9.8,0.05,16.05,9.8,6.25
1595,633,2025-08-05,8,2,Boa Viagem,Recife,Loja,9,Papel higiênico,Higiene,5,15.9,8.7,0.15,67.58,43.5,24.08
1596,634,2025-09-30,9,2,Boa Viagem,Recife,Loja,2,Arroz 5kg,Alimentos,1,27.5,18.3,0.0,27.5,18.3,9.2
1597,634,2025-09-30,9,2,Boa Viagem,Recife,Loja,4,Leite 1L,Bebidas,4,5.5,3.7,0.0,22.0,14.8,7.2
1598,634,2025-09-30,9,2,Boa Viagem,Recife,Loja,8,Sabão em pó,Limpeza,3,16.9,9.8,0.0,50.7,29.4,21.3
1599,635,2025-02-25,2,1,Recife Centro,Recife,Loja,8,Sabão em pó,Limpeza,2,16.9,9.8,0.1,30.42,19.6,10.82
1600,635,2025-02-25,2,1,Recife Centro,Recife,Loja,3,Feijão 1kg,Alimentos,1,9.9,6.1,0.0,9.9,6.1,3.8
1601,636,2025-08-02,8,3,Olinda,Olinda,Loja,8,Sabão em pó,Limpeza,4,16.9,9.8,0.05,64.22,39.2,25.02
1602,636,2025-08-02,8,3,Olinda,Olinda,Loja,6,Refrigerante 2L,Bebidas,1,11.9,7.0,0.0,11.9,7.0,4.9
1603,637,2025-04-07,4,1,Recife Centro,Recife,Loja,9,Papel higiênico,Higiene,4,15.9,8.7,0.1,57.24,34.8,22.44
1604,637,2025-04-07,4,1,Recife Centro,Recife,Loja,6,Refrigerante 2L,Bebidas,3,11.9,7.0,0.15,30.35,21.0,9.35
1605,638,2025-11-27,11,2,Boa Viagem,Recife,Loja,8,Sabão em pó,Limpeza,3,16.9,9.8,0.0,50.7,29.4,21.3
1606,638,2025-11-27,11,2,Boa Viagem,Recife,Loja,5,Suco 1L,Bebidas,3,8.5,5.2,0.0,25.5,15.6,9.9
1607,638,2025-11-27,11,2,Boa Viagem,Recife,Loja,3,Feijão 1kg,Alimentos,4,9.9,6.1,0.0,39.6,24.4,15.2
1608,638,2025-11-27,11,2,Boa Viagem,Recife,Loja,7,Detergente,Limpeza,3,3.9,2.0,0.0,11.7,6.0,5.7
1609,639,2025-03-17,3,2,Boa Viagem,Recife,Loja,10,Shampoo,Higiene,5,19.9,11.3,0.0,99.5,56.5,43.0
1610,639,2025-03-17,3,2,Boa Viagem,Recife,Loja,3,Feijão 1kg,Alimentos,2,9.9,6.1,0.0,19.8,12.2,7.6
1611,640,2025-12-29,12,3,Olinda,Olinda,Online,3,Feijão 1kg,Alimentos,1,9.9,6.1,0.0,9.9,6.1,3.8
1612,640,2025-12-29,12,3,Olinda,Olinda,Online,4,Leite 1L,Bebidas,3,5.5,3.7,0.1,14.85,11.1,3.75
1613,641,2025-03-06,3,2,Boa Viagem,Recife,Loja,4,Leite 1L,Bebidas,1,5.5,3.7,0.15,4.67,3.7,0.97
1614,641,2025-03-06,3,2,Boa Viagem,Recife,Loja,9,Papel higiênico,Higiene,3,15.9,8.7,0.0,47.7,26.1,21.6
1615,642,2025-03-17,3,2,Boa Viagem,Recife,Loja,9,Papel higiênico,Higiene,1,15.9,8.7,0.0,15.9,8.7,7.2
1616,642,2025-03-17,3,2,Boa Viagem,Recife,Loja,5,Suco 1L,Bebidas,4,8.5,5.2,0.05,32.3,20.8,11.5
1617,643,2025-03-16,3,2,Boa Viagem,Recife,Online,1,Café 500g,Alimentos,5,18.9,10.2,0.0,94.5,51.0,43.5
1618,643,2025-03-16,3,2,Boa Viagem,Recife,Online,9,Papel higiênico,Higiene,3,15.9,8.7,0.05,45.31,26.1,19.22
1619,644,2025-05-29,5,3,Olinda,Olinda,Loja,6,Refrigerante 2L,Bebidas,2,11.9,7.0,0.15,20.23,14.0,6.23
1620,644,2025-05-29,5,3,Olinda,Olinda,Loja,2,Arroz 5kg,Alimentos,5,27.5,18.3,0.0,137.5,91.5,46.0
1621,644,2025-05-29,5,3,Olinda,Olinda,Loja,8,Sabão em pó,Limpeza,3,16.9,9.8,0.0,50.7,29.4,21.3
1622,644,2025-05-29,5,3,Olinda,Olinda,Loja,1,Café 500g,Alimentos,4,18.9,10.2,0.1,68.04,40.8,27.24
1623,645,2025-04-23,4,2,Boa Viagem,Recife,Loja,1,Café 500g,Alimentos,3,18.9,10.2,0.0,56.7,30.6,26.1
1624,645,2025-04-23,4,2,Boa Viagem,Recife,Loja,4,Leite 1L,Bebidas,1,5.5,3.7,0.0,5.5,3.7,1.8
1625,645,2025-04-23,4,2,Boa Viagem,Recife,Loja,9,Papel higiênico,Higiene,5,15.9,8.7,0.05,75.52,43.5,32.03
1626,646,2025-12-13,12,3,Olinda,Olinda,Online,4,Leite 1L,Bebidas,5,5.5,3.7,0.1,24.75,18.5,6.25
1627,646,2025-12-13,12,3,Olinda,Olinda,Online,8,Sabão em pó,Limpeza,1,16.9,9.8,0.15,14.36,9.8,4.56
1628,646,2025-12-13,12,3,Olinda,Olinda,Online,6,Refrigerante 2L,Bebidas,3,11.9,7.0,0.05,33.91,21.0,12.91
1629,646,2025-12-13,12,3,Olinda,Olinda,Online,5,Suco 1L,Bebidas,2,8.5,5.2,0.15,14.45,10.4,4.05
1630,647,2025-08-07,8,2,Boa Viagem,Recife,Loja,5,Suco 1L,Bebidas,3,8.5,5.2,0.0,25.5,15.6,9.9
1631,648,2025-06-07,6,2,Boa Viagem,Recife,Online,4,Leite 1L,Bebidas,4,5.5,3.7,0.15,18.7,14.8,3.9
1632,649,2025-08-01,8,2,Boa Viagem,Recife,Loja,7,Detergente,Limpeza,2,3.9,2.0,0.0,7.8,4.0,3.8
1633,649,2025-08-01,8,2,Boa Viagem,Recife,Loja,3,Feijão 1kg,Alimentos,4,9.9,6.1,0.1,35.64,24.4,11.24
1634,649,2025-08-01,8,2,Boa Viagem,Recife,Loja,2,Arroz 5kg,Alimentos,3,27.5,18.3,0.0,82.5,54.9,27.6
1635,649,2025-08-01,8,2,Boa Viagem,Recife,Loja,8,Sabão em pó,Limpeza,5,16.9,9.8,0.05,80.27,49.0,31.27
1636,650,2025-02-15,2,1,Recife Centro,Recife,Loja,7,Detergente,Limpeza,5,3.9,2.0,0.0,19.5,10.0,9.5
1637,650,2025-02-15,2,1,Recife Centro,Recife,Loja,3,Feijão 1kg,Alimentos,2,9.9,6.1,0.0,19.8,12.2,7.6
1638,650,2025-02-15,2,1,Recife Centro,Recife,Loja,8,Sabão em pó,Limpeza,4,16.9,9.8,0.0,67.6,39.2,28.4
1639,651,2025-10-11,10,2,Boa Viagem,Recife,Loja,10,Shampoo,Higiene,5,19.9,11.3,0.15,84.58,56.5,28.07
1640,651,2025-10-11,10,2,Boa Viagem,Recife,Loja,5,Suco 1L,Bebidas,4,8.5,5.2,0.0,34.0,20.8,13.2
1641,651,2025-10-11,10,2,Boa Viagem,Recife,Loja,8,Sabão em pó,Limpeza,1,16.9,9.8,0.0,16.9,9.8,7.1
1642,652,2025-03-20,3,2,Boa Viagem,Recife,Loja,2,Arroz 5kg,Alimentos,4,27.5,18.3,0.15,93.5,73.2,20.3
1643,652,2025-03-20,3,2,Boa Viagem,Recife,Loja,5,Suco 1L,Bebidas,2,8.5,5.2,0.0,17.0,10.4,6.6
1644,652,2025-03-20,3,2,Boa Viagem,Recife,Loja,7,Detergente,Limpeza,1,3.9,2.0,0.0,3.9,2.0,1.9
1645,652,2025-03-20,3,2,Boa Viagem,Recife,Loja,10,Shampoo,Higiene,4,19.9,11.3,0.0,79.6,45.2,34.4
1646,653,2025-11-03,11,3,Olinda,Olinda,Loja,10,Shampoo,Higiene,4,19.9,11.3,0.15,67.66,45.2,22.46
1647,653,2025-11-03,11,3,Olinda,Olinda,Loja,7,Detergente,Limpeza,1,3.9,2.0,0.0,3.9,2.0,1.9
1648,653,2025-11-03,11,3,Olinda,Olinda,Loja,5,Suco 1L,Bebidas,5,8.5,5.2,0.15,36.13,26.0,10.12
1649,653,2025-11-03,11,3,Olinda,Olinda,Loja,6,Refrigerante 2L,Bebidas,5,11.9,7.0,0.0,59.5,35.0,24.5
1650,654,2025-05-13,5,1,Recife Centro,Recife,Loja,6,Refrigerante 2L,Bebidas,2,11.9,7.0,0.0,23.8,14.0,9.8
1651,654,2025-05-13,5,1,Recife Centro,Recife,Loja,8,Sabão em pó,Limpeza,2,16.9,9.8,0.0,33.8,19.6,14.2
1652,655,2025-05-20,5,2,Boa Viagem,Recife,Loja,1,Café 500g,Alimentos,5,18.9,10.2,0.15,80.33,51.0,29.32
1653,655,2025-05-20,5,2,Boa Viagem,Recife,Loja,5,Suco 1L,Bebidas,1,8.5,5.2,0.1,7.65,5.2,2.45
1654,655,2025-05-20,5,2,Boa Viagem,Recife,Loja,9,Papel higiênico,Higiene,2,15.9,8.7,0.15,27.03,17.4,9.63
1655,656,2025-04-04,4,1,Recife Centro,Recife,Loja,9,Papel higiênico,Higiene,3,15.9,8.7,0.15,40.55,26.1,14.45
1656,656,2025-04-04,4,1,Recife Centro,Recife,Loja,6,Refrigerante 2L,Bebidas,3,11.9,7.0,0.0,35.7,21.0,14.7
1657,657,2025-12-17,12,3,Olinda,Olinda,Loja,9,Papel higiênico,Higiene,5,15.9,8.7,0.0,79.5,43.5,36.0
1658,658,2025-03-15,3,1,Recife Centro,Recife,Loja,6,Refrigerante 2L,Bebidas,3,11.9,7.0,0.0,35.7,21.0,14.7
1659,658,2025-03-15,3,1,Recife Centro,Recife,Loja,8,Sabão em pó,Limpeza,1,16.9,9.8,0.0,16.9,9.8,7.1
1660,658,2025-03-15,3,1,Recife Centro,Recife,Loja,7,Detergente,Limpeza,2,3.9,2.0,0.1,7.02,4.0,3.02
1661,659,2025-04-24,4,1,Recife Centro,Recife,Online,7,Detergente,Limpeza,4,3.9,2.0,0.0,15.6,8.0,7.6
1662,660,2025-03-01,3,1,Recife Centro,Recife,Online,6,Refrigerante 2L,Bebidas,4,11.9,7.0,0.1,42.84,28.0,14.84
1663,660,2025-03-01,3,1,Recife Centro,Recife,Online,5,Suco 1L,Bebidas,5,8.5,5.2,0.0,42.5,26.0,16.5
1664,660,2025-03-01,3,1,Recife Centro,Recife,Online,10,Shampoo,Higiene,2,19.9,11.3,0.15,33.83,22.6,11.23
1665,660,2025-03-01,3,1,Recife Centro,Recife,Online,2,Arroz 5kg,Alimentos,3,27.5,18.3,0.0,82.5,54.9,27.6
1666,661,2025-03-02,3,1,Recife Centro,Recife,Loja,4,Leite 1L,Bebidas,2,5.5,3.7,0.0,11.0,7.4,3.6
1667,661,2025-03-02,3,1,Recife Centro,Recife,Loja,5,Suco 1L,Bebidas,2,8.5,5.2,0.0,17.0,10.4,6.6
1668,662,2025-08-06,8,3,Olinda,Olinda,Online,2,Arroz 5kg,Alimentos,1,27.5,18.3,0.05,26.13,18.3,7.82
1669,663,2025-08-09,8,1,Recife Centro,Recife,Loja,9,Papel higiênico,Higiene,5,15.9,8.7,0.0,79.5,43.5,36.0
1670,664,2025-08-29,8,1,Recife Centro,Recife,Online,2,Arroz 5kg,Alimentos,3,27.5,18.3,0.15,70.13,54.9,15.22
1671,665,2025-01-06,1,1,Recife Centro,Recife,Online,10,Shampoo,Higiene,2,19.9,11.3,0.15,33.83,22.6,11.23
1672,665,2025-01-06,1,1,Recife Centro,Recife,Online,4,Leite 1L,Bebidas,3,5.5,3.7,0.0,16.5,11.1,5.4
1673,666,2025-02-16,2,1,Recife Centro,Recife,Online,10,Shampoo,Higiene,2,19.9,11.3,0.1,35.82,22.6,13.22
1674,666,2025-02-16,2,1,Recife Centro,Recife,Online,6,Refrigerante 2L,Bebidas,5,11.9,7.0,0.0,59.5,35.0,24.5
1675,666,2025-02-16,2,1,Recife Centro,Recife,Online,9,Papel higiênico,Higiene,5,15.9,8.7,0.1,71.55,43.5,28.05
1676,667,2025-02-04,2,1,Recife Centro,Recife,Online,9,Papel higiênico,Higiene,2,15.9,8.7,0.15,27.03,17.4,9.63
1677,668,2025-04-09,4,2,Boa Viagem,Recife,Loja,2,Arroz 5kg,Alimentos,2,27.5,18.3,0.1,49.5,36.6,12.9
1678,669,2025-12-29,12,2,Boa Viagem,Recife,Loja,8,Sabão em pó,Limpeza,2,16.9,9.8,0.0,33.8,19.6,14.2
1679,669,2025-12-29,12,2,Boa Viagem,Recife,Loja,2,Arroz 5kg,Alimentos,4,27.5,18.3,0.05,104.5,73.2,31.3
1680,670,2025-04-20,4,3,Olinda,Olinda,Loja,6,Refrigerante 2L,Bebidas,1,11.9,7.0,0.05,11.3,7.0,4.3
1681,671,2025-02-26,2,3,Olinda,Olinda,Loja,5,Suco 1L,Bebidas,1,8.5,5.2,0.0,8.5,5.2,3.3
1682,671,2025-02-26,2,3,Olinda,Olinda,Loja,9,Papel higiênico,Higiene,4,15.9,8.7,0.0,63.6,34.8,28.8
1683,671,2025-02-26,2,3,Olinda,Olinda,Loja,1,Café 500g,Alimentos,4,18.9,10.2,0.0,75.6,40.8,34.8
1684,672,2025-08-22,8,3,Olinda,Olinda,Loja,4,Leite 1L,Bebidas,4,5.5,3.7,0.0,22.0,14.8,7.2
1685,672,2025-08-22,8,3,Olinda,Olinda,Loja,9,Papel higiênico,Higiene,1,15.9,8.7,0.05,15.11,8.7,6.41
1686,672,2025-08-22,8,3,Olinda,Olinda,Loja,7,Detergente,Limpeza,3,3.9,2.0,0.0,11.7,6.0,5.7
1687,672,2025-08-22,8,3,Olinda,Olinda,Loja,3,Feijão 1kg,Alimentos,1,9.9,6.1,0.15,8.42,6.1,2.32
1688,673,2025-09-09,9,3,Olinda,Olinda,Loja,9,Papel higiênico,Higiene,4,15.9,8.7,0.05,60.42,34.8,25.62
1689,673,2025-09-09,9,3,Olinda,Olinda,Loja,2,Arroz 5kg,Alimentos,5,27.5,18.3,0.0,137.5,91.5,46.0
1690,673,2025-09-09,9,3,Olinda,Olinda,Loja,10,Shampoo,Higiene,2,19.9,11.3,0.0,39.8,22.6,17.2
1691,673,2025-09-09,9,3,Olinda,Olinda,Loja,8,Sabão em pó,Limpeza,3,16.9,9.8,0.0,50.7,29.4,21.3
1692,674,2025-06-23,6,1,Recife Centro,Recife,Loja,2,Arroz 5kg,Alimentos,4,27.5,18.3,0.0,110.0,73.2,36.8
1693,674,2025-06-23,6,1,Recife Centro,Recife,Loja,4,Leite 1L,Bebidas,5,5.5,3.7,0.1,24.75,18.5,6.25
1694,674,2025-06-23,6,1,Recife Centro,Recife,Loja,7,Detergente,Limpeza,3,3.9,2.0,0.15,9.94,6.0,3.94
1695,674,2025-06-23,6,1,Recife Centro,Recife,Loja,6,Refrigerante 2L,Bebidas,4,11.9,7.0,0.0,47.6,28.0,19.6
1696,675,2025-09-01,9,3,Olinda,Olinda,Loja,8,Sabão em pó,Limpeza,4,16.9,9.8,0.0,67.6,39.2,28.4
1697,675,2025-09-01,9,3,Olinda,Olinda,Loja,9,Papel higiênico,Higiene,1,15.9,8.7,0.0,15.9,8.7,7.2
1698,675,2025-09-01,9,3,Olinda,Olinda,Loja,5,Suco 1L,Bebidas,4,8.5,5.2,0.05,32.3,20.8,11.5
1699,675,2025-09-01,9,3,Olinda,Olinda,Loja,2,Arroz 5kg,Alimentos,2,27.5,18.3,0.15,46.75,36.6,10.15
1700,676,2025-03-10,3,1,Recife Centro,Recife,Loja,2,Arroz 5kg,Alimentos,4,27.5,18.3,0.15,93.5,73.2,20.3
1701,677,2025-01-14,1,1,Recife Centro,Recife,Loja,3,Feijão 1kg,Alimentos,1,9.9,6.1,0.15,8.42,6.1,2.32
1702,677,2025-01-14,1,1,Recife Centro,Recife,Loja,5,Suco 1L,Bebidas,5,8.5,5.2,0.05,40.38,26.0,14.37
1703,677,2025-01-14,1,1,Recife Centro,Recife,Loja,2,Arroz 5kg,Alimentos,4,27.5,18.3,0.0,110.0,73.2,36.8
1704,678,2025-05-31,5,3,Olinda,Olinda,Loja,9,Papel higiênico,Higiene,1,15.9,8.7,0.05,15.11,8.7,6.41
1705,678,2025-05-31,5,3,Olinda,Olinda,Loja,6,Refrigerante 2L,Bebidas,1,11.9,7.0,0.05,11.3,7.0,4.3
1706,678,2025-05-31,5,3,Olinda,Olinda,Loja,1,Café 500g,Alimentos,4,18.9,10.2,0.0,75.6,40.8,34.8
1707,679,2025-07-12,7,2,Boa Viagem,Recife,Loja,3,Feijão 1kg,Alimentos,5,9.9,6.1,0.15,42.07,30.5,11.58
1708,680,2025-06-05,6,3,Olinda,Olinda,Loja,3,Feijão 1kg,Alimentos,1,9.9,6.1,0.1,8.91,6.1,2.81
1709,680,2025-06-05,6,3,Olinda,Olinda,Loja,5,Suco 1L,Bebidas,4,8.5,5.2,0.15,28.9,20.8,8.1
1710,680,2025-06-05,6,3,Olinda,Olinda,Loja,7,Detergente,Limpeza,5,3.9,2.0,0.15,16.57,10.0,6.57
1711,680,2025-06-05,6,3,Olinda,Olinda,Loja,4,Leite 1L,Bebidas,5,5.5,3.7,0.1,24.75,18.5,6.25
1712,681,2025-08-29,8,2,Boa Viagem,Recife,Loja,9,Papel higiênico,Higiene,4,15.9,8.7,0.0,63.6,34.8,28.8
1713,681,2025-08-29,8,2,Boa Viagem,Recife,Loja,1,Café 500g,Alimentos,4,18.9,10.2,0.1,68.04,40.8,27.24
1714,682,2025-07-13,7,3,Olinda,Olinda,Loja,6,Refrigerante 2L,Bebidas,5,11.9,7.0,0.0,59.5,35.0,24.5
1715,682,2025-07-13,7,3,Olinda,Olinda,Loja,1,Café 500g,Alimentos,2,18.9,10.2,0.0,37.8,20.4,17.4
1716,682,2025-07-13,7,3,Olinda,Olinda,Loja,9,Papel higiênico,Higiene,3,15.9,8.7,0.15,40.55,26.1,14.45
1717,683,2025-10-26,10,1,Recife Centro,Recife,Online,7,Detergente,Limpeza,3,3.9,2.0,0.0,11.7,6.0,5.7
1718,683,2025-10-26,10,1,Recife Centro,Recife,Online,2,Arroz 5kg,Alimentos,4,27.5,18.3,0.0,110.0,73.2,36.8
1719,683,2025-10-26,10,1,Recife Centro,Recife,Online,10,Shampoo,Higiene,1,19.9,11.3,0.15,16.91,11.3,5.61
1720,684,2025-05-06,5,1,Recife Centro,Recife,Loja,10,Shampoo,Higiene,3,19.9,11.3,0.0,59.7,33.9,25.8
1721,684,2025-05-06,5,1,Recife Centro,Recife,Loja,2,Arroz 5kg,Alimentos,3,27.5,18.3,0.0,82.5,54.9,27.6
1722,684,2025-05-06,5,1,Recife Centro,Recife,Loja,9,Papel higiênico,Higiene,1,15.9,8.7,0.1,14.31,8.7,5.61
1723,685,2025-06-16,6,1,Recife Centro,Recife,Loja,10,Shampoo,Higiene,1,19.9,11.3,0.15,16.91,11.3,5.61
1724,685,2025-06-16,6,1,Recife Centro,Recife,Loja,9,Papel higiênico,Higiene,4,15.9,8.7,0.1,57.24,34.8,22.44
1725,685,2025-06-16,6,1,Recife Centro,Recife,Loja,7,Detergente,Limpeza,1,3.9,2.0,0.0,3.9,2.0,1.9
1726,685,2025-06-16,6,1,Recife Centro,Recife,Loja,3,Feijão 1kg,Alimentos,4,9.9,6.1,0.1,35.64,24.4,11.24
1727,686,2025-07-19,7,2,Boa Viagem,Recife,Loja,2,Arroz 5kg,Alimentos,5,27.5,18.3,0.15,116.88,91.5,25.37
1728,686,2025-07-19,7,2,Boa Viagem,Recife,Loja,4,Leite 1L,Bebidas,3,5.5,3.7,0.0,16.5,11.1,5.4
1729,686,2025-07-19,7,2,Boa Viagem,Recife,Loja,6,Refrigerante 2L,Bebidas,5,11.9,7.0,0.0,59.5,35.0,24.5
1730,686,2025-07-19,7,2,Boa Viagem,Recife,Loja,9,Papel higiênico,Higiene,3,15.9,8.7,0.05,45.31,26.1,19.22
1731,687,2025-04-14,4,2,Boa Viagem,Recife,Loja,9,Papel higiênico,Higiene,2,15.9,8.7,0.0,31.8,17.4,14.4
1732,688,2025-05-16,5,1,Recife Centro,Recife,Loja,4,Leite 1L,Bebidas,3,5.5,3.7,0.0,16.5,11.1,5.4
1733,688,2025-05-16,5,1,Recife Centro,Recife,Loja,2,Arroz 5kg,Alimentos,1,27.5,18.3,0.1,24.75,18.3,6.45
1734,688,2025-05-16,5,1,Recife Centro,Recife,Loja,9,Papel higiênico,Higiene,5,15.9,8.7,0.05,75.52,43.5,32.03
1735,688,2025-05-16,5,1,Recife Centro,Recife,Loja,5,Suco 1L,Bebidas,4,8.5,5.2,0.0,34.0,20.8,13.2
1736,689,2025-06-27,6,1,Recife Centro,Recife,Loja,9,Papel higiênico,Higiene,5,15.9,8.7,0.0,79.5,43.5,36.0
1737,689,2025-06-27,6,1,Recife Centro,Recife,Loja,5,Suco 1L,Bebidas,2,8.5,5.2,0.05,16.15,10.4,5.75
1738,689,2025-06-27,6,1,Recife Centro,Recife,Loja,7,Detergente,Limpeza,4,3.9,2.0,0.0,15.6,8.0,7.6
1739,690,2025-11-16,11,3,Olinda,Olinda,Loja,1,Café 500g,Alimentos,2,18.9,10.2,0.1,34.02,20.4,13.62
1740,690,2025-11-16,11,3,Olinda,Olinda,Loja,9,Papel higiênico,Higiene,4,15.9,8.7,0.0,63.6,34.8,28.8
1741,691,2025-12-05,12,3,Olinda,Olinda,Online,9,Papel higiênico,Higiene,5,15.9,8.7,0.0,79.5,43.5,36.0
1742,691,2025-12-05,12,3,Olinda,Olinda,Online,7,Detergente,Limpeza,3,3.9,2.0,0.05,11.11,6.0,5.11
1743,691,2025-12-05,12,3,Olinda,Olinda,Online,1,Café 500g,Alimentos,2,18.9,10.2,0.0,37.8,20.4,17.4
1744,692,2025-03-19,3,3,Olinda,Olinda,Loja,7,Detergente,Limpeza,1,3.9,2.0,0.15,3.31,2.0,1.31
1745,692,2025-03-19,3,3,Olinda,Olinda,Loja,10,Shampoo,Higiene,2,19.9,11.3,0.05,37.81,22.6,15.21
1746,692,2025-03-19,3,3,Olinda,Olinda,Loja,6,Refrigerante 2L,Bebidas,3,11.9,7.0,0.0,35.7,21.0,14.7
1747,693,2025-11-27,11,1,Recife Centro,Recife,Loja,7,Detergente,Limpeza,1,3.9,2.0,0.0,3.9,2.0,1.9
1748,693,2025-11-27,11,1,Recife Centro,Recife,Loja,4,Leite 1L,Bebidas,2,5.5,3.7,0.0,11.0,7.4,3.6
1749,694,2025-05-06,5,2,Boa Viagem,Recife,Loja,7,Detergente,Limpeza,3,3.9,2.0,0.0,11.7,6.0,5.7
1750,694,2025-05-06,5,2,Boa Viagem,Recife,Loja,1,Café 500g,Alimentos,1,18.9,10.2,0.0,18.9,10.2,8.7
1751,694,2025-05-06,5,2,Boa Viagem,Recife,Loja,4,Leite 1L,Bebidas,3,5.5,3.7,0.15,14.03,11.1,2.92
1752,694,2025-05-06,5,2,Boa Viagem,Recife,Loja,2,Arroz 5kg,Alimentos,5,27.5,18.3,0.0,137.5,91.5,46.0
1753,695,2025-11-26,11,1,Recife Centro,Recife,Online,1,Café 500g,Alimentos,5,18.9,10.2,0.0,94.5,51.0,43.5
1754,695,2025-11-26,11,1,Recife Centro,Recife,Online,10,Shampoo,Higiene,1,19.9,11.3,0.05,18.9,11.3,7.6
1755,695,2025-11-26,11,1,Recife Centro,Recife,Online,2,Arroz 5kg,Alimentos,3,27.5,18.3,0.15,70.13,54.9,15.22
1756,695,2025-11-26,11,1,Recife Centro,Recife,Online,3,Feijão 1kg,Alimentos,1,9.9,6.1,0.05,9.4,6.1,3.3
1757,696,2025-03-13,3,1,Recife Centro,Recife,Loja,9,Papel higiênico,Higiene,5,15.9,8.7,0.1,71.55,43.5,28.05
1758,697,2025-05-09,5,2,Boa Viagem,Recife,Online,10,Shampoo,Higiene,3,19.9,11.3,0.0,59.7,33.9,25.8
1759,697,2025-05-09,5,2,Boa Viagem,Recife,Online,2,Arroz 5kg,Alimentos,5,27.5,18.3,0.15,116.88,91.5,25.37
1760,698,2025-07-19,7,3,Olinda,Olinda,Loja,4,Leite 1L,Bebidas,2,5.5,3.7,0.0,11.0,7.4,3.6
1761,698,2025-07-19,7,3,Olinda,Olinda,Loja,3,Feijão 1kg,Alimentos,4,9.9,6.1,0.05,37.62,24.4,13.22
1762,698,2025-07-19,7,3,Olinda,Olinda,Loja,2,Arroz 5kg,Alimentos,3,27.5,18.3,0.1,74.25,54.9,19.35
1763,698,2025-07-19,7,3,Olinda,Olinda,Loja,8,Sabão em pó,Limpeza,1,16.9,9.8,0.05,16.05,9.8,6.25
1764,699,2025-10-01,10,2,Boa Viagem,Recife,Loja,6,Refrigerante 2L,Bebidas,5,11.9,7.0,0.05,56.52,35.0,21.52
1765,700,2025-09-01,9,3,Olinda,Olinda,Loja,3,Feijão 1kg,Alimentos,3,9.9,6.1,0.0,29.7,18.3,11.4
1766,700,2025-09-01,9,3,Olinda,Olinda,Loja,6,Refrigerante 2L,Bebidas,1,11.9,7.0,0.15,10.12,7.0,3.12
1767,700,2025-09-01,9,3,Olinda,Olinda,Loja,8,Sabão em pó,Limpeza,5,16.9,9.8,0.0,84.5,49.0,35.5
1768,701,2025-12-06,12,1,Recife Centro,Recife,Loja,5,Suco 1L,Bebidas,4,8.5,5.2,0.0,34.0,20.8,13.2
1769,701,2025-12-06,12,1,Recife Centro,Recife,Loja,9,Papel higiênico,Higiene,3,15.9,8.7,0.15,40.55,26.1,14.45
1770,702,2025-03-04,3,3,Olinda,Olinda,Online,7,Detergente,Limpeza,3,3.9,2.0,0.0,11.7,6.0,5.7
1771,702,2025-03-04,3,3,Olinda,Olinda,Online,1,Café 500g,Alimentos,2,18.9,10.2,0.0,37.8,20.4,17.4
1772,702,2025-03-04,3,3,Olinda,Olinda,Online,10,Shampoo,Higiene,2,19.9,11.3,0.0,39.8,22.6,17.2
1773,702,2025-03-04,3,3,Olinda,Olinda,Online,3,Feijão 1kg,Alimentos,4,9.9,6.1,0.15,33.66,24.4,9.26
1774,703,2025-06-12,6,3,Olinda,Olinda,Loja,5,Suco 1L,Bebidas,1,8.5,5.2,0.05,8.07,5.2,2.87
1775,704,2025-08-30,8,3,Olinda,Olinda,Loja,7,Detergente,Limpeza,3,3.9,2.0,0.1,10.53,6.0,4.53
1776,704,2025-08-30,8,3,Olinda,Olinda,Loja,2,Arroz 5kg,Alimentos,1,27.5,18.3,0.0,27.5,18.3,9.2
1777,704,2025-08-30,8,3,Olinda,Olinda,Loja,3,Feijão 1kg,Alimentos,4,9.9,6.1,0.1,35.64,24.4,11.24
1778,705,2025-10-08,10,3,Olinda,Olinda,Loja,1,Café 500g,Alimentos,2,18.9,10.2,0.15,32.13,20.4,11.73
1779,706,2025-08-16,8,3,Olinda,Olinda,Loja,4,Leite 1L,Bebidas,1,5.5,3.7,0.0,5.5,3.7,1.8
1780,706,2025-08-16,8,3,Olinda,Olinda,Loja,5,Suco 1L,Bebidas,2,8.5,5.2,0.0,17.0,10.4,6.6
1781,706,2025-08-16,8,3,Olinda,Olinda,Loja,6,Refrigerante 2L,Bebidas,5,11.9,7.0,0.15,50.57,35.0,15.58
1782,706,2025-08-16,8,3,Olinda,Olinda,Loja,9,Papel higiênico,Higiene,2,15.9,8.7,0.1,28.62,17.4,11.22
1783,707,2025-12-18,12,2,Boa Viagem,Recife,Online,8,Sabão em pó,Limpeza,3,16.9,9.8,0.0,50.7,29.4,21.3
1784,707,2025-12-18,12,2,Boa Viagem,Recife,Online,10,Shampoo,Higiene,5,19.9,11.3,0.0,99.5,56.5,43.0
1785,707,2025-12-18,12,2,Boa Viagem,Recife,Online,3,Feijão 1kg,Alimentos,3,9.9,6.1,0.0,29.7,18.3,11.4
1786,708,2025-02-13,2,2,Boa Viagem,Recife,Loja,7,Detergente,Limpeza,5,3.9,2.0,0.15,16.57,10.0,6.57
1787,708,2025-02-13,2,2,Boa Viagem,Recife,Loja,4,Leite 1L,Bebidas,5,5.5,3.7,0.15,23.38,18.5,4.87
1788,708,2025-02-13,2,2,Boa Viagem,Recife,Loja,1,Café 500g,Alimentos,2,18.9,10.2,0.0,37.8,20.4,17.4
1789,708,2025-02-13,2,2,Boa Viagem,Recife,Loja,8,Sabão em pó,Limpeza,4,16.9,9.8,0.0,67.6,39.2,28.4
1790,709,2025-05-15,5,3,Olinda,Olinda,Online,7,Detergente,Limpeza,5,3.9,2.0,0.05,18.52,10.0,8.52
1791,710,2025-11-04,11,2,Boa Viagem,Recife,Loja,3,Feijão 1kg,Alimentos,5,9.9,6.1,0.05,47.02,30.5,16.52
1792,710,2025-11-04,11,2,Boa Viagem,Recife,Loja,2,Arroz 5kg,Alimentos,4,27.5,18.3,0.15,93.5,73.2,20.3
1793,710,2025-11-04,11,2,Boa Viagem,Recife,Loja,1,Café 500g,Alimentos,4,18.9,10.2,0.0,75.6,40.8,34.8
1794,711,2025-04-25,4,3,Olinda,Olinda,Loja,5,Suco 1L,Bebidas,2,8.5,5.2,0.05,16.15,10.4,5.75
1795,711,2025-04-25,4,3,Olinda,Olinda,Loja,8,Sabão em pó,Limpeza,2,16.9,9.8,0.1,30.42,19.6,10.82
1796,711,2025-04-25,4,3,Olinda,Olinda,Loja,7,Detergente,Limpeza,2,3.9,2.0,0.0,7.8,4.0,3.8
1797,712,2025-12-13,12,1,Recife Centro,Recife,Loja,3,Feijão 1kg,Alimentos,2,9.9,6.1,0.1,17.82,12.2,5.62
1798,712,2025-12-13,12,1,Recife Centro,Recife,Loja,1,Café 500g,Alimentos,4,18.9,10.2,0.0,75.6,40.8,34.8
1799,712,2025-12-13,12,1,Recife Centro,Recife,Loja,5,Suco 1L,Bebidas,3,8.5,5.2,0.1,22.95,15.6,7.35
1800,712,2025-12-13,12,1,Recife Centro,Recife,Loja,10,Shampoo,Higiene,4,19.9,11.3,0.0,79.6,45.2,34.4
1801,713,2025-01-06,1,2,Boa Viagem,Recife,Loja,7,Detergente,Limpeza,4,3.9,2.0,0.15,13.26,8.0,5.26
1802,713,2025-01-06,1,2,Boa Viagem,Recife,Loja,4,Leite 1L,Bebidas,5,5.5,3.7,0.0,27.5,18.5,9.0
1803,713,2025-01-06,1,2,Boa Viagem,Recife,Loja,10,Shampoo,Higiene,1,19.9,11.3,0.0,19.9,11.3,8.6
1804,714,2025-10-13,10,1,Recife Centro,Recife,Loja,8,Sabão em pó,Limpeza,5,16.9,9.8,0.15,71.83,49.0,22.82
1805,714,2025-10-13,10,1,Recife Centro,Recife,Loja,6,Refrigerante 2L,Bebidas,5,11.9,7.0,0.15,50.57,35.0,15.58
1806,715,2025-01-24,1,1,Recife Centro,Recife,Loja,5,Suco 1L,Bebidas,5,8.5,5.2,0.0,42.5,26.0,16.5
1807,715,2025-01-24,1,1,Recife Centro,Recife,Loja,7,Detergente,Limpeza,5,3.9,2.0,0.0,19.5,10.0,9.5
1808,715,2025-01-24,1,1,Recife Centro,Recife,Loja,6,Refrigerante 2L,Bebidas,3,11.9,7.0,0.0,35.7,21.0,14.7
1809,715,2025-01-24,1,1,Recife Centro,Recife,Loja,2,Arroz 5kg,Alimentos,5,27.5,18.3,0.05,130.63,91.5,39.13
1810,716,2025-06-23,6,2,Boa Viagem,Recife,Loja,9,Papel higiênico,Higiene,3,15.9,8.7,0.0,47.7,26.1,21.6
1811,716,2025-06-23,6,2,Boa Viagem,Recife,Loja,7,Detergente,Limpeza,3,3.9,2.0,0.0,11.7,6.0,5.7
1812,716,2025-06-23,6,2,Boa Viagem,Recife,Loja,3,Feijão 1kg,Alimentos,2,9.9,6.1,0.05,18.81,12.2,6.61
1813,717,2025-05-24,5,3,Olinda,Olinda,Loja,5,Suco 1L,Bebidas,3,8.5,5.2,0.05,24.22,15.6,8.62
1814,717,2025-05-24,5,3,Olinda,Olinda,Loja,10,Shampoo,Higiene,2,19.9,11.3,0.0,39.8,22.6,17.2
1815,717,2025-05-24,5,3,Olinda,Olinda,Loja,9,Papel higiênico,Higiene,4,15.9,8.7,0.0,63.6,34.8,28.8
1816,717,2025-05-24,5,3,Olinda,Olinda,Loja,8,Sabão em pó,Limpeza,5,16.9,9.8,0.15,71.83,49.0,22.82
1817,718,2025-11-22,11,2,Boa Viagem,Recife,Loja,1,Café 500g,Alimentos,2,18.9,10.2,0.0,37.8,20.4,17.4
1818,718,2025-11-22,11,2,Boa Viagem,Recife,Loja,4,Leite 1L,Bebidas,4,5.5,3.7,0.0,22.0,14.8,7.2
1819,719,2025-03-25,3,3,Olinda,Olinda,Loja,8,Sabão em pó,Limpeza,1,16.9,9.8,0.05,16.05,9.8,6.25
1820,720,2025-07-02,7,3,Olinda,Olinda,Loja,8,Sabão em pó,Limpeza,3,16.9,9.8,0.0,50.7,29.4,21.3
1821,720,2025-07-02,7,3,Olinda,Olinda,Loja,2,Arroz 5kg,Alimentos,2,27.5,18.3,0.0,55.0,36.6,18.4
1822,720,2025-07-02,7,3,Olinda,Olinda,Loja,3,Feijão 1kg,Alimentos,2,9.9,6.1,0.0,19.8,12.2,7.6
1823,720,2025-07-02,7,3,Olinda,Olinda,Loja,1,Café 500g,Alimentos,5,18.9,10.2,0.0,94.5,51.0,43.5
1824,721,2025-10-16,10,3,Olinda,Olinda,Loja,9,Papel higiênico,Higiene,5,15.9,8.7,0.0,79.5,43.5,36.0
1825,722,2025-08-02,8,1,Recife Centro,Recife,Loja,2,Arroz 5kg,Alimentos,1,27.5,18.3,0.05,26.13,18.3,7.82
1826,722,2025-08-02,8,1,Recife Centro,Recife,Loja,6,Refrigerante 2L,Bebidas,3,11.9,7.0,0.1,32.13,21.0,11.13
1827,722,2025-08-02,8,1,Recife Centro,Recife,Loja,1,Café 500g,Alimentos,1,18.9,10.2,0.0,18.9,10.2,8.7
1828,722,2025-08-02,8,1,Recife Centro,Recife,Loja,3,Feijão 1kg,Alimentos,2,9.9,6.1,0.0,19.8,12.2,7.6
1829,723,2025-02-11,2,2,Boa Viagem,Recife,Online,8,Sabão em pó,Limpeza,1,16.9,9.8,0.15,14.36,9.8,4.56
1830,723,2025-02-11,2,2,Boa Viagem,Recife,Online,5,Suco 1L,Bebidas,5,8.5,5.2,0.05,40.38,26.0,14.37
1831,723,2025-02-11,2,2,Boa Viagem,Recife,Online,1,Café 500g,Alimentos,3,18.9,10.2,0.15,48.19,30.6,17.59
1832,723,2025-02-11,2,2,Boa Viagem,Recife,Online,3,Feijão 1kg,Alimentos,5,9.9,6.1,0.0,49.5,30.5,19.0
1833,724,2025-04-19,4,1,Recife Centro,Recife,Online,6,Refrigerante 2L,Bebidas,5,11.9,7.0,0.1,53.55,35.0,18.55
1834,724,2025-04-19,4,1,Recife Centro,Recife,Online,1,Café 500g,Alimentos,4,18.9,10.2,0.0,75.6,40.8,34.8
1835,724,2025-04-19,4,1,Recife Centro,Recife,Online,2,Arroz 5kg,Alimentos,4,27.5,18.3,0.0,110.0,73.2,36.8
1836,725,2025-04-02,4,1,Recife Centro,Recife,Online,2,Arroz 5kg,Alimentos,4,27.5,18.3,0.05,104.5,73.2,31.3
1837,725,2025-04-02,4,1,Recife Centro,Recife,Online,1,Café 500g,Alimentos,3,18.9,10.2,0.15,48.19,30.6,17.59
1838,725,2025-04-02,4,1,Recife Centro,Recife,Online,4,Leite 1L,Bebidas,2,5.5,3.7,0.0,11.0,7.4,3.6
1839,725,2025-04-02,4,1,Recife Centro,Recife,Online,10,Shampoo,Higiene,3,19.9,11.3,0.05,56.71,33.9,22.81
1840,726,2025-08-10,8,3,Olinda,Olinda,Online,10,Shampoo,Higiene,1,19.9,11.3,0.0,19.9,11.3,8.6
1841,726,2025-08-10,8,3,Olinda,Olinda,Online,3,Feijão 1kg,Alimentos,5,9.9,6.1,0.0,49.5,30.5,19.0
1842,726,2025-08-10,8,3,Olinda,Olinda,Online,6,Refrigerante 2L,Bebidas,4,11.9,7.0,0.05,45.22,28.0,17.22
1843,727,2025-07-18,7,2,Boa Viagem,Recife,Loja,2,Arroz 5kg,Alimentos,2,27.5,18.3,0.05,52.25,36.6,15.65
1844,727,2025-07-18,7,2,Boa Viagem,Recife,Loja,7,Detergente,Limpeza,4,3.9,2.0,0.0,15.6,8.0,7.6
1845,727,2025-07-18,7,2,Boa Viagem,Recife,Loja,6,Refrigerante 2L,Bebidas,1,11.9,7.0,0.1,10.71,7.0,3.71
1846,727,2025-07-18,7,2,Boa Viagem,Recife,Loja,5,Suco 1L,Bebidas,3,8.5,5.2,0.05,24.22,15.6,8.62
1847,728,2025-12-13,12,1,Recife Centro,Recife,Loja,8,Sabão em pó,Limpeza,5,16.9,9.8,0.0,84.5,49.0,35.5
1848,728,2025-12-13,12,1,Recife Centro,Recife,Loja,9,Papel higiênico,Higiene,3,15.9,8.7,0.05,45.31,26.1,19.22
1849,729,2025-08-12,8,1,Recife Centro,Recife,Online,5,Suco 1L,Bebidas,3,8.5,5.2,0.0,25.5,15.6,9.9
1850,729,2025-08-12,8,1,Recife Centro,Recife,Online,3,Feijão 1kg,Alimentos,5,9.9,6.1,0.05,47.02,30.5,16.52
1851,729,2025-08-12,8,1,Recife Centro,Recife,Online,9,Papel higiênico,Higiene,3,15.9,8.7,0.1,42.93,26.1,16.83
1852,729,2025-08-12,8,1,Recife Centro,Recife,Online,6,Refrigerante 2L,Bebidas,1,11.9,7.0,0.1,10.71,7.0,3.71
1853,730,2025-02-09,2,1,Recife Centro,Recife,Loja,7,Detergente,Limpeza,5,3.9,2.0,0.0,19.5,10.0,9.5
1854,730,2025-02-09,2,1,Recife Centro,Recife,Loja,2,Arroz 5kg,Alimentos,3,27.5,18.3,0.0,82.5,54.9,27.6
1855,730,2025-02-09,2,1,Recife Centro,Recife,Loja,8,Sabão em pó,Limpeza,5,16.9,9.8,0.0,84.5,49.0,35.5
1856,730,2025-02-09,2,1,Recife Centro,Recife,Loja,6,Refrigerante 2L,Bebidas,5,11.9,7.0,0.0,59.5,35.0,24.5
1857,731,2025-02-28,2,3,Olinda,Olinda,Loja,3,Feijão 1kg,Alimentos,1,9.9,6.1,0.0,9.9,6.1,3.8
1858,731,2025-02-28,2,3,Olinda,Olinda,Loja,7,Detergente,Limpeza,4,3.9,2.0,0.15,13.26,8.0,5.26
1859,732,2025-06-02,6,2,Boa Viagem,Recife,Loja,8,Sabão em pó,Limpeza,2,16.9,9.8,0.0,33.8,19.6,14.2
1860,732,2025-06-02,6,2,Boa Viagem,Recife,Loja,5,Suco 1L,Bebidas,2,8.5,5.2,0.0,17.0,10.4,6.6
1861,732,2025-06-02,6,2,Boa Viagem,Recife,Loja,6,Refrigerante 2L,Bebidas,5,11.9,7.0,0.0,59.5,35.0,24.5
1862,732,2025-06-02,6,2,Boa Viagem,Recife,Loja,7,Detergente,Limpeza,1,3.9,2.0,0.05,3.7,2.0,1.7
1863,733,2025-10-01,10,1,Recife Centro,Recife,Loja,1,Café 500g,Alimentos,2,18.9,10.2,0.15,32.13,20.4,11.73
1864,734,2025-09-02,9,2,Boa Viagem,Recife,Loja,5,Suco 1L,Bebidas,3,8.5,5.2,0.0,25.5,15.6,9.9
1865,734,2025-09-02,9,2,Boa Viagem,Recife,Loja,6,Refrigerante 2L,Bebidas,2,11.9,7.0,0.0,23.8,14.0,9.8
1866,734,2025-09-02,9,2,Boa Viagem,Recife,Loja,7,Detergente,Limpeza,1,3.9,2.0,0.0,3.9,2.0,1.9
1867,734,2025-09-02,9,2,Boa Viagem,Recife,Loja,8,Sabão em pó,Limpeza,1,16.9,9.8,0.0,16.9,9.8,7.1
1868,735,2025-12-23,12,1,Recife Centro,Recife,Online,8,Sabão em pó,Limpeza,2,16.9,9.8,0.05,32.11,19.6,12.51
1869,735,2025-12-23,12,1,Recife Centro,Recife,Online,3,Feijão 1kg,Alimentos,5,9.9,6.1,0.0,49.5,30.5,19.0
1870,736,2025-02-14,2,2,Boa Viagem,Recife,Online,8,Sabão em pó,Limpeza,1,16.9,9.8,0.0,16.9,9.8,7.1
1871,736,2025-02-14,2,2,Boa Viagem,Recife,Online,7,Detergente,Limpeza,2,3.9,2.0,0.0,7.8,4.0,3.8
1872,737,2025-12-26,12,2,Boa Viagem,Recife,Online,1,Café 500g,Alimentos,3,18.9,10.2,0.1,51.03,30.6,20.43
1873,737,2025-12-26,12,2,Boa Viagem,Recife,Online,8,Sabão em pó,Limpeza,4,16.9,9.8,0.0,67.6,39.2,28.4
1874,737,2025-12-26,12,2,Boa Viagem,Recife,Online,4,Leite 1L,Bebidas,3,5.5,3.7,0.0,16.5,11.1,5.4
1875,737,2025-12-26,12,2,Boa Viagem,Recife,Online,2,Arroz 5kg,Alimentos,1,27.5,18.3,0.15,23.38,18.3,5.07
1876,738,2025-08-10,8,2,Boa Viagem,Recife,Online,1,Café 500g,Alimentos,4,18.9,10.2,0.1,68.04,40.8,27.24
1877,738,2025-08-10,8,2,Boa Viagem,Recife,Online,8,Sabão em pó,Limpeza,5,16.9,9.8,0.15,71.83,49.0,22.82
1878,738,2025-08-10,8,2,Boa Viagem,Recife,Online,7,Detergente,Limpeza,5,3.9,2.0,0.15,16.57,10.0,6.57
1879,739,2025-09-07,9,1,Recife Centro,Recife,Loja,7,Detergente,Limpeza,5,3.9,2.0,0.0,19.5,10.0,9.5
1880,740,2025-10-11,10,1,Recife Centro,Recife,Loja,8,Sabão em pó,Limpeza,3,16.9,9.8,0.05,48.16,29.4,18.76
1881,740,2025-10-11,10,1,Recife Centro,Recife,Loja,2,Arroz 5kg,Alimentos,4,27.5,18.3,0.0,110.0,73.2,36.8
1882,740,2025-10-11,10,1,Recife Centro,Recife,Loja,10,Shampoo,Higiene,2,19.9,11.3,0.0,39.8,22.6,17.2
1883,740,2025-10-11,10,1,Recife Centro,Recife,Loja,5,Suco 1L,Bebidas,2,8.5,5.2,0.05,16.15,10.4,5.75
1884,741,2025-06-26,6,2,Boa Viagem,Recife,Loja,10,Shampoo,Higiene,5,19.9,11.3,0.15,84.58,56.5,28.07
1885,741,2025-06-26,6,2,Boa Viagem,Recife,Loja,6,Refrigerante 2L,Bebidas,4,11.9,7.0,0.0,47.6,28.0,19.6
1886,742,2025-05-31,5,3,Olinda,Olinda,Loja,6,Refrigerante 2L,Bebidas,2,11.9,7.0,0.0,23.8,14.0,9.8
1887,742,2025-05-31,5,3,Olinda,Olinda,Loja,8,Sabão em pó,Limpeza,1,16.9,9.8,0.15,14.36,9.8,4.56
1888,742,2025-05-31,5,3,Olinda,Olinda,Loja,3,Feijão 1kg,Alimentos,4,9.9,6.1,0.0,39.6,24.4,15.2
1889,742,2025-05-31,5,3,Olinda,Olinda,Loja,5,Suco 1L,Bebidas,2,8.5,5.2,0.0,17.0,10.4,6.6
1890,743,2025-03-22,3,3,Olinda,Olinda,Loja,8,Sabão em pó,Limpeza,5,16.9,9.8,0.0,84.5,49.0,35.5
1891,743,2025-03-22,3,3,Olinda,Olinda,Loja,5,Suco 1L,Bebidas,1,8.5,5.2,0.0,8.5,5.2,3.3
1892,743,2025-03-22,3,3,Olinda,Olinda,Loja,4,Leite 1L,Bebidas,3,5.5,3.7,0.0,16.5,11.1,5.4
1893,743,2025-03-22,3,3,Olinda,Olinda,Loja,2,Arroz 5kg,Alimentos,2,27.5,18.3,0.0,55.0,36.6,18.4
1894,744,2025-09-15,9,1,Recife Centro,Recife,Online,7,Detergente,Limpeza,1,3.9,2.0,0.1,3.51,2.0,1.51
1895,744,2025-09-15,9,1,Recife Centro,Recife,Online,2,Arroz 5kg,Alimentos,2,27.5,18.3,0.05,52.25,36.6,15.65
1896,744,2025-09-15,9,1,Recife Centro,Recife,Online,4,Leite 1L,Bebidas,3,5.5,3.7,0.0,16.5,11.1,5.4
1897,745,2025-07-01,7,1,Recife Centro,Recife,Online,3,Feijão 1kg,Alimentos,1,9.9,6.1,0.05,9.4,6.1,3.3
1898,745,2025-07-01,7,1,Recife Centro,Recife,Online,9,Papel higiênico,Higiene,4,15.9,8.7,0.0,63.6,34.8,28.8
1899,745,2025-07-01,7,1,Recife Centro,Recife,Online,2,Arroz 5kg,Alimentos,1,27.5,18.3,0.1,24.75,18.3,6.45
1900,746,2025-11-09,11,1,Recife Centro,Recife,Online,9,Papel higiênico,Higiene,1,15.9,8.7,0.0,15.9,8.7,7.2
1901,747,2025-11-19,11,1,Recife Centro,Recife,Online,3,Feijão 1kg,Alimentos,5,9.9,6.1,0.05,47.02,30.5,16.52
1902,747,2025-11-19,11,1,Recife Centro,Recife,Online,5,Suco 1L,Bebidas,1,8.5,5.2,0.0,8.5,5.2,3.3
1903,747,2025-11-19,11,1,Recife Centro,Recife,Online,8,Sabão em pó,Limpeza,3,16.9,9.8,0.0,50.7,29.4,21.3
1904,748,2025-03-12,3,1,Recife Centro,Recife,Online,7,Detergente,Limpeza,4,3.9,2.0,0.0,15.6,8.0,7.6
1905,748,2025-03-12,3,1,Recife Centro,Recife,Online,1,Café 500g,Alimentos,3,18.9,10.2,0.1,51.03,30.6,20.43
1906,748,2025-03-12,3,1,Recife Centro,Recife,Online,4,Leite 1L,Bebidas,2,5.5,3.7,0.0,11.0,7.4,3.6
1907,748,2025-03-12,3,1,Recife Centro,Recife,Online,10,Shampoo,Higiene,3,19.9,11.3,0.0,59.7,33.9,25.8
1908,749,2025-08-01,8,2,Boa Viagem,Recife,Loja,3,Feijão 1kg,Alimentos,4,9.9,6.1,0.0,39.6,24.4,15.2
1909,749,2025-08-01,8,2,Boa Viagem,Recife,Loja,9,Papel higiênico,Higiene,2,15.9,8.7,0.05,30.21,17.4,12.81
1910,750,2025-07-31,7,2,Boa Viagem,Recife,Online,1,Café 500g,Alimentos,1,18.9,10.2,0.15,16.06,10.2,5.86
1911,750,2025-07-31,7,2,Boa Viagem,Recife,Online,8,Sabão em pó,Limpeza,5,16.9,9.8,0.0,84.5,49.0,35.5
1912,750,2025-07-31,7,2,Boa Viagem,Recife,Online,3,Feijão 1kg,Alimentos,1,9.9,6.1,0.0,9.9,6.1,3.8
1913,751,2025-06-11,6,2,Boa Viagem,Recife,Online,7,Detergente,Limpeza,4,3.9,2.0,0.0,15.6,8.0,7.6
1914,751,2025-06-11,6,2,Boa Viagem,Recife,Online,1,Café 500g,Alimentos,2,18.9,10.2,0.1,34.02,20.4,13.62
1915,752,2025-01-30,1,3,Olinda,Olinda,Online,7,Detergente,Limpeza,3,3.9,2.0,0.0,11.7,6.0,5.7
1916,752,2025-01-30,1,3,Olinda,Olinda,Online,10,Shampoo,Higiene,1,19.9,11.3,0.0,19.9,11.3,8.6
1917,752,2025-01-30,1,3,Olinda,Olinda,Online,5,Suco 1L,Bebidas,5,8.5,5.2,0.1,38.25,26.0,12.25
1918,753,2025-03-17,3,3,Olinda,Olinda,Loja,9,Papel higiênico,Higiene,3,15.9,8.7,0.15,40.55,26.1,14.45
1919,753,2025-03-17,3,3,Olinda,Olinda,Loja,8,Sabão em pó,Limpeza,4,16.9,9.8,0.0,67.6,39.2,28.4
1920,754,2025-06-04,6,1,Recife Centro,Recife,Loja,7,Detergente,Limpeza,2,3.9,2.0,0.0,7.8,4.0,3.8
1921,754,2025-06-04,6,1,Recife Centro,Recife,Loja,3,Feijão 1kg,Alimentos,5,9.9,6.1,0.1,44.55,30.5,14.05
1922,754,2025-06-04,6,1,Recife Centro,Recife,Loja,5,Suco 1L,Bebidas,3,8.5,5.2,0.1,22.95,15.6,7.35
1923,755,2025-06-24,6,3,Olinda,Olinda,Loja,9,Papel higiênico,Higiene,5,15.9,8.7,0.0,79.5,43.5,36.0
1924,756,2025-05-04,5,2,Boa Viagem,Recife,Loja,1,Café 500g,Alimentos,3,18.9,10.2,0.0,56.7,30.6,26.1
1925,757,2025-11-18,11,3,Olinda,Olinda,Loja,2,Arroz 5kg,Alimentos,4,27.5,18.3,0.0,110.0,73.2,36.8
1926,758,2025-10-21,10,3,Olinda,Olinda,Loja,4,Leite 1L,Bebidas,3,5.5,3.7,0.0,16.5,11.1,5.4
1927,758,2025-10-21,10,3,Olinda,Olinda,Loja,9,Papel higiênico,Higiene,3,15.9,8.7,0.15,40.55,26.1,14.45
1928,758,2025-10-21,10,3,Olinda,Olinda,Loja,10,Shampoo,Higiene,5,19.9,11.3,0.15,84.58,56.5,28.07
1929,759,2025-03-13,3,3,Olinda,Olinda,Loja,2,Arroz 5kg,Alimentos,5,27.5,18.3,0.1,123.75,91.5,32.25
1930,759,2025-03-13,3,3,Olinda,Olinda,Loja,6,Refrigerante 2L,Bebidas,2,11.9,7.0,0.0,23.8,14.0,9.8
1931,760,2025-08-21,8,1,Recife Centro,Recife,Loja,7,Detergente,Limpeza,4,3.9,2.0,0.0,15.6,8.0,7.6
1932,760,2025-08-21,8,1,Recife Centro,Recife,Loja,2,Arroz 5kg,Alimentos,4,27.5,18.3,0.0,110.0,73.2,36.8
1933,760,2025-08-21,8,1,Recife Centro,Recife,Loja,9,Papel higiênico,Higiene,4,15.9,8.7,0.0,63.6,34.8,28.8
1934,760,2025-08-21,8,1,Recife Centro,Recife,Loja,1,Café 500g,Alimentos,3,18.9,10.2,0.15,48.19,30.6,17.59
1935,761,2025-09-27,9,2,Boa Viagem,Recife,Loja,5,Suco 1L,Bebidas,4,8.5,5.2,0.15,28.9,20.8,8.1
1936,761,2025-09-27,9,2,Boa Viagem,Recife,Loja,8,Sabão em pó,Limpeza,4,16.9,9.8,0.0,67.6,39.2,28.4
1937,761,2025-09-27,9,2,Boa Viagem,Recife,Loja,7,Detergente,Limpeza,2,3.9,2.0,0.1,7.02,4.0,3.02
1938,761,2025-09-27,9,2,Boa Viagem,Recife,Loja,4,Leite 1L,Bebidas,2,5.5,3.7,0.05,10.45,7.4,3.05
1939,762,2025-12-31,12,2,Boa Viagem,Recife,Loja,4,Leite 1L,Bebidas,4,5.5,3.7,0.05,20.9,14.8,6.1
1940,763,2025-01-17,1,3,Olinda,Olinda,Loja,2,Arroz 5kg,Alimentos,1,27.5,18.3,0.0,27.5,18.3,9.2
1941,763,2025-01-17,1,3,Olinda,Olinda,Loja,7,Detergente,Limpeza,5,3.9,2.0,0.0,19.5,10.0,9.5
1942,763,2025-01-17,1,3,Olinda,Olinda,Loja,10,Shampoo,Higiene,1,19.9,11.3,0.1,17.91,11.3,6.61
1943,764,2025-03-20,3,1,Recife Centro,Recife,Loja,5,Suco 1L,Bebidas,1,8.5,5.2,0.0,8.5,5.2,3.3
1944,764,2025-03-20,3,1,Recife Centro,Recife,Loja,10,Shampoo,Higiene,2,19.9,11.3,0.1,35.82,22.6,13.22
1945,764,2025-03-20,3,1,Recife Centro,Recife,Loja,8,Sabão em pó,Limpeza,4,16.9,9.8,0.0,67.6,39.2,28.4
1946,765,2025-06-06,6,2,Boa Viagem,Recife,Loja,1,Café 500g,Alimentos,1,18.9,10.2,0.05,17.95,10.2,7.75
1947,765,2025-06-06,6,2,Boa Viagem,Recife,Loja,2,Arroz 5kg,Alimentos,4,27.5,18.3,0.1,99.0,73.2,25.8
1948,765,2025-06-06,6,2,Boa Viagem,Recife,Loja,6,Refrigerante 2L,Bebidas,3,11.9,7.0,0.1,32.13,21.0,11.13
1949,765,2025-06-06,6,2,Boa Viagem,Recife,Loja,10,Shampoo,Higiene,4,19.9,11.3,0.0,79.6,45.2,34.4
1950,766,2025-07-13,7,2,Boa Viagem,Recife,Online,3,Feijão 1kg,Alimentos,4,9.9,6.1,0.05,37.62,24.4,13.22
1951,766,2025-07-13,7,2,Boa Viagem,Recife,Online,9,Papel higiênico,Higiene,4,15.9,8.7,0.0,63.6,34.8,28.8
1952,767,2025-06-16,6,1,Recife Centro,Recife,Online,7,Detergente,Limpeza,5,3.9,2.0,0.0,19.5,10.0,9.5
1953,767,2025-06-16,6,1,Recife Centro,Recife,Online,4,Leite 1L,Bebidas,4,5.5,3.7,0.15,18.7,14.8,3.9
1954,767,2025-06-16,6,1,Recife Centro,Recife,Online,10,Shampoo,Higiene,3,19.9,11.3,0.15,50.74,33.9,16.84
1955,767,2025-06-16,6,1,Recife Centro,Recife,Online,3,Feijão 1kg,Alimentos,1,9.9,6.1,0.0,9.9,6.1,3.8
1956,768,2025-12-29,12,1,Recife Centro,Recife,Loja,9,Papel higiênico,Higiene,2,15.9,8.7,0.1,28.62,17.4,11.22
1957,768,2025-12-29,12,1,Recife Centro,Recife,Loja,2,Arroz 5kg,Alimentos,5,27.5,18.3,0.1,123.75,91.5,32.25
1958,768,2025-12-29,12,1,Recife Centro,Recife,Loja,10,Shampoo,Higiene,1,19.9,11.3,0.1,17.91,11.3,6.61
1959,769,2025-09-25,9,1,Recife Centro,Recife,Online,2,Arroz 5kg,Alimentos,5,27.5,18.3,0.0,137.5,91.5,46.0
1960,770,2025-01-10,1,2,Boa Viagem,Recife,Online,10,Shampoo,Higiene,1,19.9,11.3,0.1,17.91,11.3,6.61
1961,770,2025-01-10,1,2,Boa Viagem,Recife,Online,8,Sabão em pó,Limpeza,5,16.9,9.8,0.0,84.5,49.0,35.5
1962,771,2025-07-25,7,3,Olinda,Olinda,Loja,6,Refrigerante 2L,Bebidas,4,11.9,7.0,0.0,47.6,28.0,19.6
1963,772,2025-08-01,8,1,Recife Centro,Recife,Online,7,Detergente,Limpeza,1,3.9,2.0,0.0,3.9,2.0,1.9
1964,772,2025-08-01,8,1,Recife Centro,Recife,Online,5,Suco 1L,Bebidas,5,8.5,5.2,0.0,42.5,26.0,16.5
1965,772,2025-08-01,8,1,Recife Centro,Recife,Online,2,Arroz 5kg,Alimentos,3,27.5,18.3,0.0,82.5,54.9,27.6
1966,773,2025-04-04,4,2,Boa Viagem,Recife,Online,5,Suco 1L,Bebidas,2,8.5,5.2,0.0,17.0,10.4,6.6
1967,773,2025-04-04,4,2,Boa Viagem,Recife,Online,7,Detergente,Limpeza,5,3.9,2.0,0.0,19.5,10.0,9.5
1968,774,2025-04-03,4,1,Recife Centro,Recife,Loja,7,Detergente,Limpeza,2,3.9,2.0,0.05,7.41,4.0,3.41
1969,774,2025-04-03,4,1,Recife Centro,Recife,Loja,2,Arroz 5kg,Alimentos,3,27.5,18.3,0.0,82.5,54.9,27.6
1970,774,2025-04-03,4,1,Recife Centro,Recife,Loja,6,Refrigerante 2L,Bebidas,4,11.9,7.0,0.0,47.6,28.0,19.6
1971,775,2025-01-27,1,1,Recife Centro,Recife,Loja,8,Sabão em pó,Limpeza,5,16.9,9.8,0.05,80.27,49.0,31.27
1972,775,2025-01-27,1,1,Recife Centro,Recife,Loja,9,Papel higiênico,Higiene,1,15.9,8.7,0.0,15.9,8.7,7.2
1973,776,2025-02-01,2,2,Boa Viagem,Recife,Loja,2,Arroz 5kg,Alimentos,2,27.5,18.3,0.0,55.0,36.6,18.4
1974,776,2025-02-01,2,2,Boa Viagem,Recife,Loja,8,Sabão em pó,Limpeza,3,16.9,9.8,0.1,45.63,29.4,16.23
1975,776,2025-02-01,2,2,Boa Viagem,Recife,Loja,1,Café 500g,Alimentos,5,18.9,10.2,0.15,80.33,51.0,29.32
1976,776,2025-02-01,2,2,Boa Viagem,Recife,Loja,4,Leite 1L,Bebidas,1,5.5,3.7,0.0,5.5,3.7,1.8
1977,777,2025-10-12,10,3,Olinda,Olinda,Online,10,Shampoo,Higiene,1,19.9,11.3,0.15,16.91,11.3,5.61
1978,777,2025-10-12,10,3,Olinda,Olinda,Online,7,Detergente,Limpeza,5,3.9,2.0,0.0,19.5,10.0,9.5
1979,777,2025-10-12,10,3,Olinda,Olinda,Online,8,Sabão em pó,Limpeza,2,16.9,9.8,0.0,33.8,19.6,14.2
1980,778,2025-10-04,10,1,Recife Centro,Recife,Online,9,Papel higiênico,Higiene,4,15.9,8.7,0.1,57.24,34.8,22.44
1981,778,2025-10-04,10,1,Recife Centro,Recife,Online,8,Sabão em pó,Limpeza,3,16.9,9.8,0.15,43.09,29.4,13.69
1982,778,2025-10-04,10,1,Recife Centro,Recife,Online,1,Café 500g,Alimentos,2,18.9,10.2,0.0,37.8,20.4,17.4
1983,778,2025-10-04,10,1,Recife Centro,Recife,Online,10,Shampoo,Higiene,1,19.9,11.3,0.05,18.9,11.3,7.6
1984,779,2025-05-20,5,3,Olinda,Olinda,Loja,6,Refrigerante 2L,Bebidas,2,11.9,7.0,0.15,20.23,14.0,6.23
1985,779,2025-05-20,5,3,Olinda,Olinda,Loja,4,Leite 1L,Bebidas,5,5.5,3.7,0.1,24.75,18.5,6.25
1986,779,2025-05-20,5,3,Olinda,Olinda,Loja,5,Suco 1L,Bebidas,1,8.5,5.2,0.0,8.5,5.2,3.3
1987,779,2025-05-20,5,3,Olinda,Olinda,Loja,1,Café 500g,Alimentos,1,18.9,10.2,0.05,17.95,10.2,7.75
1988,780,2025-12-24,12,1,Recife Centro,Recife,Online,7,Detergente,Limpeza,3,3.9,2.0,0.15,9.94,6.0,3.94
1989,780,2025-12-24,12,1,Recife Centro,Recife,Online,4,Leite 1L,Bebidas,3,5.5,3.7,0.15,14.03,11.1,2.92
1990,780,2025-12-24,12,1,Recife Centro,Recife,Online,6,Refrigerante 2L,Bebidas,4,11.9,7.0,0.0,47.6,28.0,19.6
1991,781,2025-05-06,5,3,Olinda,Olinda,Online,4,Leite 1L,Bebidas,1,5.5,3.7,0.15,4.67,3.7,0.97
1992,781,2025-05-06,5,3,Olinda,Olinda,Online,8,Sabão em pó,Limpeza,2,16.9,9.8,0.15,28.73,19.6,9.13
1993,781,2025-05-06,5,3,Olinda,Olinda,Online,6,Refrigerante 2L,Bebidas,1,11.9,7.0,0.1,10.71,7.0,3.71
1994,782,2025-09-01,9,1,Recife Centro,Recife,Online,7,Detergente,Limpeza,4,3.9,2.0,0.05,14.82,8.0,6.82
1995,782,2025-09-01,9,1,Recife Centro,Recife,Online,9,Papel higiênico,Higiene,5,15.9,8.7,0.0,79.5,43.5,36.0
1996,783,2025-11-29,11,3,Olinda,Olinda,Loja,8,Sabão em pó,Limpeza,1,16.9,9.8,0.0,16.9,9.8,7.1
1997,784,2025-07-12,7,3,Olinda,Olinda,Loja,1,Café 500g,Alimentos,4,18.9,10.2,0.0,75.6,40.8,34.8
1998,784,2025-07-12,7,3,Olinda,Olinda,Loja,2,Arroz 5kg,Alimentos,2,27.5,18.3,0.05,52.25,36.6,15.65
1999,785,2025-01-05,1,1,Recife Centro,Recife,Loja,6,Refrigerante 2L,Bebidas,5,11.9,7.0,0.15,50.57,35.0,15.58
2000,785,2025-01-05,1,1,Recife Centro,Recife,Loja,4,Leite 1L,Bebidas,3,5.5,3.7,0.15,14.03,11.1,2.92
2001,785,2025-01-05,1,1,Recife Centro,Recife,Loja,2,Arroz 5kg,Alimentos,2,27.5,18.3,0.0,55.0,36.6,18.4
2002,786,2025-09-10,9,2,Boa Viagem,Recife,Loja,10,Shampoo,Higiene,4,19.9,11.3,0.0,79.6,45.2,34.4
2003,786,2025-09-10,9,2,Boa Viagem,Recife,Loja,4,Leite 1L,Bebidas,3,5.5,3.7,0.1,14.85,11.1,3.75
2004,786,2025-09-10,9,2,Boa Viagem,Recife,Loja,1,Café 500g,Alimentos,5,18.9,10.2,0.05,89.77,51.0,38.77
2005,786,2025-09-10,9,2,Boa Viagem,Recife,Loja,2,Arroz 5kg,Alimentos,2,27.5,18.3,0.1,49.5,36.6,12.9
2006,787,2025-04-10,4,3,Olinda,Olinda,Loja,2,Arroz 5kg,Alimentos,1,27.5,18.3,0.0,27.5,18.3,9.2
2007,787,2025-04-10,4,3,Olinda,Olinda,Loja,3,Feijão 1kg,Alimentos,3,9.9,6.1,0.1,26.73,18.3,8.43
2008,788,2025-04-27,4,3,Olinda,Olinda,Loja,4,Leite 1L,Bebidas,5,5.5,3.7,0.05,26.13,18.5,7.62
2009,788,2025-04-27,4,3,Olinda,Olinda,Loja,1,Café 500g,Alimentos,1,18.9,10.2,0.05,17.95,10.2,7.75
2010,788,2025-04-27,4,3,Olinda,Olinda,Loja,5,Suco 1L,Bebidas,1,8.5,5.2,0.0,8.5,5.2,3.3
2011,789,2025-08-10,8,2,Boa Viagem,Recife,Loja,8,Sabão em pó,Limpeza,2,16.9,9.8,0.0,33.8,19.6,14.2
2012,789,2025-08-10,8,2,Boa Viagem,Recife,Loja,6,Refrigerante 2L,Bebidas,3,11.9,7.0,0.05,33.91,21.0,12.91
2013,789,2025-08-10,8,2,Boa Viagem,Recife,Loja,1,Café 500g,Alimentos,5,18.9,10.2,0.05,89.77,51.0,38.77
2014,789,2025-08-10,8,2,Boa Viagem,Recife,Loja,9,Papel higiênico,Higiene,3,15.9,8.7,0.0,47.7,26.1,21.6
2015,790,2025-07-20,7,1,Recife Centro,Recife,Loja,4,Leite 1L,Bebidas,4,5.5,3.7,0.0,22.0,14.8,7.2
2016,791,2025-05-08,5,1,Recife Centro,Recife,Loja,2,Arroz 5kg,Alimentos,4,27.5,18.3,0.05,104.5,73.2,31.3
2017,791,2025-05-08,5,1,Recife Centro,Recife,Loja,10,Shampoo,Higiene,1,19.9,11.3,0.1,17.91,11.3,6.61
2018,791,2025-05-08,5,1,Recife Centro,Recife,Loja,1,Café 500g,Alimentos,3,18.9,10.2,0.0,56.7,30.6,26.1
2019,792,2025-05-07,5,1,Recife Centro,Recife,Loja,1,Café 500g,Alimentos,1,18.9,10.2,0.1,17.01,10.2,6.81
2020,792,2025-05-07,5,1,Recife Centro,Recife,Loja,6,Refrigerante 2L,Bebidas,5,11.9,7.0,0.05,56.52,35.0,21.52
2021,792,2025-05-07,5,1,Recife Centro,Recife,Loja,4,Leite 1L,Bebidas,1,5.5,3.7,0.15,4.67,3.7,0.97
2022,793,2025-08-17,8,3,Olinda,Olinda,Loja,1,Café 500g,Alimentos,4,18.9,10.2,0.0,75.6,40.8,34.8
2023,794,2025-12-22,12,1,Recife Centro,Recife,Online,8,Sabão em pó,Limpeza,1,16.9,9.8,0.0,16.9,9.8,7.1
2024,795,2025-11-09,11,3,Olinda,Olinda,Loja,1,Café 500g,Alimentos,5,18.9,10.2,0.0,94.5,51.0,43.5
2025,796,2025-05-31,5,2,Boa Viagem,Recife,Loja,4,Leite 1L,Bebidas,4,5.5,3.7,0.05,20.9,14.8,6.1
2026,796,2025-05-31,5,2,Boa Viagem,Recife,Loja,1,Café 500g,Alimentos,5,18.9,10.2,0.1,85.05,51.0,34.05
2027,796,2025-05-31,5,2,Boa Viagem,Recife,Loja,8,Sabão em pó,Limpeza,1,16.9,9.8,0.0,16.9,9.8,7.1
2028,796,2025-05-31,5,2,Boa Viagem,Recife,Loja,10,Shampoo,Higiene,1,19.9,11.3,0.05,18.9,11.3,7.6
2029,797,2025-09-22,9,2,Boa Viagem,Recife,Loja,2,Arroz 5kg,Alimentos,1,27.5,18.3,0.1,24.75,18.3,6.45
2030,798,2025-02-04,2,3,Olinda,Olinda,Online,10,Shampoo,Higiene,5,19.9,11.3,0.0,99.5,56.5,43.0
2031,798,2025-02-04,2,3,Olinda,Olinda,Online,3,Feijão 1kg,Alimentos,3,9.9,6.1,0.05,28.21,18.3,9.91
2032,799,2025-09-04,9,3,Olinda,Olinda,Loja,4,Leite 1L,Bebidas,1,5.5,3.7,0.0,5.5,3.7,1.8
2033,799,2025-09-04,9,3,Olinda,Olinda,Loja,3,Feijão 1kg,Alimentos,2,9.9,6.1,0.0,19.8,12.2,7.6
2034,800,2025-10-27,10,2,Boa Viagem,Recife,Loja,5,Suco 1L,Bebidas,2,8.5,5.2,0.05,16.15,10.4,5.75
2035,800,2025-10-27,10,2,Boa Viagem,Recife,Loja,9,Papel higiênico,Higiene,3,15.9,8.7,0.1,42.93,26.1,16.83
2036,800,2025-10-27,10,2,Boa Viagem,Recife,Loja,3,Feijão 1kg,Alimentos,3,9.9,6.1,0.0,29.7,18.3,11.4
2037,801,2025-07-08,7,1,Recife Centro,Recife,Loja,1,Café 500g,Alimentos,5,18.9,10.2,0.1,85.05,51.0,34.05
2038,801,2025-07-08,7,1,Recife Centro,Recife,Loja,4,Leite 1L,Bebidas,1,5.5,3.7,0.05,5.22,3.7,1.52
2039,802,2025-06-26,6,1,Recife Centro,Recife,Online,2,Arroz 5kg,Alimentos,2,27.5,18.3,0.15,46.75,36.6,10.15
2040,802,2025-06-26,6,1,Recife Centro,Recife,Online,6,Refrigerante 2L,Bebidas,4,11.9,7.0,0.15,40.46,28.0,12.46
2041,803,2025-12-21,12,2,Boa Viagem,Recife,Loja,10,Shampoo,Higiene,4,19.9,11.3,0.0,79.6,45.2,34.4
2042,803,2025-12-21,12,2,Boa Viagem,Recife,Loja,6,Refrigerante 2L,Bebidas,2,11.9,7.0,0.0,23.8,14.0,9.8
2043,803,2025-12-21,12,2,Boa Viagem,Recife,Loja,5,Suco 1L,Bebidas,4,8.5,5.2,0.0,34.0,20.8,13.2
2044,804,2025-09-11,9,1,Recife Centro,Recife,Online,4,Leite 1L,Bebidas,5,5.5,3.7,0.0,27.5,18.5,9.0
2045,804,2025-09-11,9,1,Recife Centro,Recife,Online,8,Sabão em pó,Limpeza,2,16.9,9.8,0.05,32.11,19.6,12.51
2046,805,2025-06-19,6,3,Olinda,Olinda,Loja,3,Feijão 1kg,Alimentos,1,9.9,6.1,0.0,9.9,6.1,3.8
2047,805,2025-06-19,6,3,Olinda,Olinda,Loja,1,Café 500g,Alimentos,1,18.9,10.2,0.1,17.01,10.2,6.81
2048,805,2025-06-19,6,3,Olinda,Olinda,Loja,6,Refrigerante 2L,Bebidas,1,11.9,7.0,0.0,11.9,7.0,4.9
2049,805,2025-06-19,6,3,Olinda,Olinda,Loja,9,Papel higiênico,Higiene,3,15.9,8.7,0.05,45.31,26.1,19.22
2050,806,2025-04-10,4,3,Olinda,Olinda,Loja,1,Café 500g,Alimentos,2,18.9,10.2,0.0,37.8,20.4,17.4
2051,806,2025-04-10,4,3,Olinda,Olinda,Loja,10,Shampoo,Higiene,2,19.9,11.3,0.0,39.8,22.6,17.2
2052,806,2025-04-10,4,3,Olinda,Olinda,Loja,4,Leite 1L,Bebidas,3,5.5,3.7,0.15,14.03,11.1,2.92
2053,807,2025-03-31,3,2,Boa Viagem,Recife,Online,3,Feijão 1kg,Alimentos,1,9.9,6.1,0.0,9.9,6.1,3.8
2054,807,2025-03-31,3,2,Boa Viagem,Recife,Online,4,Leite 1L,Bebidas,3,5.5,3.7,0.0,16.5,11.1,5.4
2055,808,2025-01-11,1,3,Olinda,Olinda,Loja,6,Refrigerante 2L,Bebidas,2,11.9,7.0,0.0,23.8,14.0,9.8
2056,809,2025-08-22,8,1,Recife Centro,Recife,Loja,3,Feijão 1kg,Alimentos,1,9.9,6.1,0.0,9.9,6.1,3.8
2057,809,2025-08-22,8,1,Recife Centro,Recife,Loja,9,Papel higiênico,Higiene,2,15.9,8.7,0.0,31.8,17.4,14.4
2058,809,2025-08-22,8,1,Recife Centro,Recife,Loja,7,Detergente,Limpeza,2,3.9,2.0,0.0,7.8,4.0,3.8
2059,810,2025-09-30,9,2,Boa Viagem,Recife,Loja,10,Shampoo,Higiene,1,19.9,11.3,0.1,17.91,11.3,6.61
2060,810,2025-09-30,9,2,Boa Viagem,Recife,Loja,7,Detergente,Limpeza,5,3.9,2.0,0.0,19.5,10.0,9.5
2061,810,2025-09-30,9,2,Boa Viagem,Recife,Loja,4,Leite 1L,Bebidas,5,5.5,3.7,0.0,27.5,18.5,9.0
2062,811,2025-03-18,3,2,Boa Viagem,Recife,Loja,3,Feijão 1kg,Alimentos,2,9.9,6.1,0.15,16.83,12.2,4.63
2063,811,2025-03-18,3,2,Boa Viagem,Recife,Loja,9,Papel higiênico,Higiene,1,15.9,8.7,0.05,15.11,8.7,6.41
2064,811,2025-03-18,3,2,Boa Viagem,Recife,Loja,8,Sabão em pó,Limpeza,5,16.9,9.8,0.0,84.5,49.0,35.5
2065,812,2025-03-27,3,3,Olinda,Olinda,Loja,8,Sabão em pó,Limpeza,2,16.9,9.8,0.0,33.8,19.6,14.2
2066,812,2025-03-27,3,3,Olinda,Olinda,Loja,9,Papel higiênico,Higiene,3,15.9,8.7,0.1,42.93,26.1,16.83
2067,812,2025-03-27,3,3,Olinda,Olinda,Loja,10,Shampoo,Higiene,4,19.9,11.3,0.15,67.66,45.2,22.46
2068,813,2025-09-11,9,2,Boa Viagem,Recife,Loja,10,Shampoo,Higiene,2,19.9,11.3,0.05,37.81,22.6,15.21
2069,813,2025-09-11,9,2,Boa Viagem,Recife,Loja,1,Café 500g,Alimentos,2,18.9,10.2,0.05,35.91,20.4,15.51
2070,813,2025-09-11,9,2,Boa Viagem,Recife,Loja,4,Leite 1L,Bebidas,2,5.5,3.7,0.0,11.0,7.4,3.6
2071,813,2025-09-11,9,2,Boa Viagem,Recife,Loja,2,Arroz 5kg,Alimentos,4,27.5,18.3,0.05,104.5,73.2,31.3
2072,814,2025-10-20,10,1,Recife Centro,Recife,Online,5,Suco 1L,Bebidas,2,8.5,5.2,0.0,17.0,10.4,6.6
2073,814,2025-10-20,10,1,Recife Centro,Recife,Online,9,Papel higiênico,Higiene,3,15.9,8.7,0.05,45.31,26.1,19.22
2074,814,2025-10-20,10,1,Recife Centro,Recife,Online,2,Arroz 5kg,Alimentos,5,27.5,18.3,0.0,137.5,91.5,46.0
2075,815,2025-04-28,4,3,Olinda,Olinda,Loja,7,Detergente,Limpeza,4,3.9,2.0,0.05,14.82,8.0,6.82
2076,815,2025-04-28,4,3,Olinda,Olinda,Loja,8,Sabão em pó,Limpeza,3,16.9,9.8,0.05,48.16,29.4,18.76
2077,815,2025-04-28,4,3,Olinda,Olinda,Loja,9,Papel higiênico,Higiene,3,15.9,8.7,0.0,47.7,26.1,21.6
2078,816,2025-07-15,7,1,Recife Centro,Recife,Loja,5,Suco 1L,Bebidas,3,8.5,5.2,0.0,25.5,15.6,9.9
2079,816,2025-07-15,7,1,Recife Centro,Recife,Loja,2,Arroz 5kg,Alimentos,3,27.5,18.3,0.1,74.25,54.9,19.35
2080,817,2025-09-20,9,3,Olinda,Olinda,Loja,4,Leite 1L,Bebidas,1,5.5,3.7,0.0,5.5,3.7,1.8
2081,817,2025-09-20,9,3,Olinda,Olinda,Loja,2,Arroz 5kg,Alimentos,1,27.5,18.3,0.1,24.75,18.3,6.45
2082,817,2025-09-20,9,3,Olinda,Olinda,Loja,9,Papel higiênico,Higiene,2,15.9,8.7,0.0,31.8,17.4,14.4
2083,818,2025-04-11,4,3,Olinda,Olinda,Loja,5,Suco 1L,Bebidas,5,8.5,5.2,0.0,42.5,26.0,16.5
2084,818,2025-04-11,4,3,Olinda,Olinda,Loja,4,Leite 1L,Bebidas,1,5.5,3.7,0.0,5.5,3.7,1.8
2085,818,2025-04-11,4,3,Olinda,Olinda,Loja,3,Feijão 1kg,Alimentos,3,9.9,6.1,0.0,29.7,18.3,11.4
2086,819,2025-07-26,7,2,Boa Viagem,Recife,Online,8,Sabão em pó,Limpeza,5,16.9,9.8,0.0,84.5,49.0,35.5
2087,820,2025-07-23,7,1,Recife Centro,Recife,Loja,8,Sabão em pó,Limpeza,5,16.9,9.8,0.1,76.05,49.0,27.05
2088,820,2025-07-23,7,1,Recife Centro,Recife,Loja,4,Leite 1L,Bebidas,5,5.5,3.7,0.05,26.13,18.5,7.62
2089,821,2025-08-25,8,2,Boa Viagem,Recife,Online,4,Leite 1L,Bebidas,2,5.5,3.7,0.05,10.45,7.4,3.05
2090,821,2025-08-25,8,2,Boa Viagem,Recife,Online,7,Detergente,Limpeza,4,3.9,2.0,0.1,14.04,8.0,6.04
2091,821,2025-08-25,8,2,Boa Viagem,Recife,Online,9,Papel higiênico,Higiene,1,15.9,8.7,0.0,15.9,8.7,7.2
2092,822,2025-03-13,3,3,Olinda,Olinda,Online,1,Café 500g,Alimentos,3,18.9,10.2,0.0,56.7,30.6,26.1
2093,822,2025-03-13,3,3,Olinda,Olinda,Online,8,Sabão em pó,Limpeza,4,16.9,9.8,0.05,64.22,39.2,25.02
2094,822,2025-03-13,3,3,Olinda,Olinda,Online,6,Refrigerante 2L,Bebidas,4,11.9,7.0,0.15,40.46,28.0,12.46
2095,823,2025-10-03,10,2,Boa Viagem,Recife,Loja,10,Shampoo,Higiene,1,19.9,11.3,0.0,19.9,11.3,8.6
2096,824,2025-03-20,3,2,Boa Viagem,Recife,Loja,7,Detergente,Limpeza,5,3.9,2.0,0.05,18.52,10.0,8.52
2097,824,2025-03-20,3,2,Boa Viagem,Recife,Loja,4,Leite 1L,Bebidas,2,5.5,3.7,0.05,10.45,7.4,3.05
2098,824,2025-03-20,3,2,Boa Viagem,Recife,Loja,10,Shampoo,Higiene,1,19.9,11.3,0.0,19.9,11.3,8.6
2099,824,2025-03-20,3,2,Boa Viagem,Recife,Loja,1,Café 500g,Alimentos,5,18.9,10.2,0.05,89.77,51.0,38.77
2100,825,2025-11-24,11,2,Boa Viagem,Recife,Loja,9,Papel higiênico,Higiene,2,15.9,8.7,0.0,31.8,17.4,14.4
2101,826,2025-12-19,12,3,Olinda,Olinda,Loja,4,Leite 1L,Bebidas,4,5.5,3.7,0.0,22.0,14.8,7.2
2102,826,2025-12-19,12,3,Olinda,Olinda,Loja,2,Arroz 5kg,Alimentos,2,27.5,18.3,0.0,55.0,36.6,18.4
2103,827,2025-05-30,5,3,Olinda,Olinda,Loja,1,Café 500g,Alimentos,3,18.9,10.2,0.05,53.86,30.6,23.26
2104,827,2025-05-30,5,3,Olinda,Olinda,Loja,6,Refrigerante 2L,Bebidas,4,11.9,7.0,0.0,47.6,28.0,19.6
2105,827,2025-05-30,5,3,Olinda,Olinda,Loja,10,Shampoo,Higiene,1,19.9,11.3,0.0,19.9,11.3,8.6
2106,827,2025-05-30,5,3,Olinda,Olinda,Loja,2,Arroz 5kg,Alimentos,5,27.5,18.3,0.05,130.63,91.5,39.13
2107,828,2025-09-02,9,3,Olinda,Olinda,Loja,3,Feijão 1kg,Alimentos,3,9.9,6.1,0.05,28.21,18.3,9.91
2108,828,2025-09-02,9,3,Olinda,Olinda,Loja,4,Leite 1L,Bebidas,4,5.5,3.7,0.0,22.0,14.8,7.2
2109,829,2025-11-06,11,3,Olinda,Olinda,Online,9,Papel higiênico,Higiene,3,15.9,8.7,0.0,47.7,26.1,21.6
2110,829,2025-11-06,11,3,Olinda,Olinda,Online,8,Sabão em pó,Limpeza,1,16.9,9.8,0.0,16.9,9.8,7.1
2111,830,2025-08-17,8,1,Recife Centro,Recife,Online,9,Papel higiênico,Higiene,5,15.9,8.7,0.05,75.52,43.5,32.03
2112,830,2025-08-17,8,1,Recife Centro,Recife,Online,6,Refrigerante 2L,Bebidas,4,11.9,7.0,0.05,45.22,28.0,17.22
2113,831,2025-10-22,10,1,Recife Centro,Recife,Loja,8,Sabão em pó,Limpeza,4,16.9,9.8,0.1,60.84,39.2,21.64
2114,831,2025-10-22,10,1,Recife Centro,Recife,Loja,6,Refrigerante 2L,Bebidas,2,11.9,7.0,0.05,22.61,14.0,8.61
2115,831,2025-10-22,10,1,Recife Centro,Recife,Loja,5,Suco 1L,Bebidas,2,8.5,5.2,0.0,17.0,10.4,6.6
2116,832,2025-11-13,11,3,Olinda,Olinda,Loja,3,Feijão 1kg,Alimentos,1,9.9,6.1,0.0,9.9,6.1,3.8
2117,832,2025-11-13,11,3,Olinda,Olinda,Loja,2,Arroz 5kg,Alimentos,2,27.5,18.3,0.0,55.0,36.6,18.4
2118,832,2025-11-13,11,3,Olinda,Olinda,Loja,7,Detergente,Limpeza,5,3.9,2.0,0.0,19.5,10.0,9.5
2119,832,2025-11-13,11,3,Olinda,Olinda,Loja,6,Refrigerante 2L,Bebidas,1,11.9,7.0,0.15,10.12,7.0,3.12
2120,833,2025-04-22,4,2,Boa Viagem,Recife,Loja,6,Refrigerante 2L,Bebidas,1,11.9,7.0,0.0,11.9,7.0,4.9
2121,834,2025-09-16,9,2,Boa Viagem,Recife,Loja,5,Suco 1L,Bebidas,5,8.5,5.2,0.0,42.5,26.0,16.5
2122,834,2025-09-16,9,2,Boa Viagem,Recife,Loja,4,Leite 1L,Bebidas,4,5.5,3.7,0.0,22.0,14.8,7.2
2123,835,2025-02-07,2,3,Olinda,Olinda,Loja,7,Detergente,Limpeza,2,3.9,2.0,0.05,7.41,4.0,3.41
2124,835,2025-02-07,2,3,Olinda,Olinda,Loja,6,Refrigerante 2L,Bebidas,1,11.9,7.0,0.0,11.9,7.0,4.9
2125,835,2025-02-07,2,3,Olinda,Olinda,Loja,10,Shampoo,Higiene,3,19.9,11.3,0.0,59.7,33.9,25.8
2126,835,2025-02-07,2,3,Olinda,Olinda,Loja,8,Sabão em pó,Limpeza,2,16.9,9.8,0.0,33.8,19.6,14.2
2127,836,2025-12-10,12,3,Olinda,Olinda,Loja,2,Arroz 5kg,Alimentos,4,27.5,18.3,0.0,110.0,73.2,36.8
2128,836,2025-12-10,12,3,Olinda,Olinda,Loja,10,Shampoo,Higiene,4,19.9,11.3,0.0,79.6,45.2,34.4
2129,836,2025-12-10,12,3,Olinda,Olinda,Loja,4,Leite 1L,Bebidas,2,5.5,3.7,0.0,11.0,7.4,3.6
2130,836,2025-12-10,12,3,Olinda,Olinda,Loja,6,Refrigerante 2L,Bebidas,1,11.9,7.0,0.1,10.71,7.0,3.71
2131,837,2025-02-21,2,1,Recife Centro,Recife,Loja,3,Feijão 1kg,Alimentos,3,9.9,6.1,0.0,29.7,18.3,11.4
2132,837,2025-02-21,2,1,Recife Centro,Recife,Loja,2,Arroz 5kg,Alimentos,4,27.5,18.3,0.0,110.0,73.2,36.8
2133,837,2025-02-21,2,1,Recife Centro,Recife,Loja,1,Café 500g,Alimentos,2,18.9,10.2,0.0,37.8,20.4,17.4
2134,837,2025-02-21,2,1,Recife Centro,Recife,Loja,6,Refrigerante 2L,Bebidas,1,11.9,7.0,0.15,10.12,7.0,3.12
2135,838,2025-09-30,9,1,Recife Centro,Recife,Loja,9,Papel higiênico,Higiene,1,15.9,8.7,0.05,15.11,8.7,6.41
2136,839,2025-12-20,12,2,Boa Viagem,Recife,Loja,1,Café 500g,Alimentos,4,18.9,10.2,0.0,75.6,40.8,34.8
2137,840,2025-05-08,5,2,Boa Viagem,Recife,Online,2,Arroz 5kg,Alimentos,4,27.5,18.3,0.0,110.0,73.2,36.8
2138,840,2025-05-08,5,2,Boa Viagem,Recife,Online,1,Café 500g,Alimentos,1,18.9,10.2,0.0,18.9,10.2,8.7
2139,841,2025-04-09,4,3,Olinda,Olinda,Loja,2,Arroz 5kg,Alimentos,2,27.5,18.3,0.0,55.0,36.6,18.4
2140,841,2025-04-09,4,3,Olinda,Olinda,Loja,3,Feijão 1kg,Alimentos,4,9.9,6.1,0.1,35.64,24.4,11.24
2141,842,2025-02-25,2,2,Boa Viagem,Recife,Loja,10,Shampoo,Higiene,5,19.9,11.3,0.05,94.52,56.5,38.02
2142,842,2025-02-25,2,2,Boa Viagem,Recife,Loja,4,Leite 1L,Bebidas,4,5.5,3.7,0.0,22.0,14.8,7.2
2143,843,2025-04-29,4,1,Recife Centro,Recife,Loja,3,Feijão 1kg,Alimentos,3,9.9,6.1,0.0,29.7,18.3,11.4
2144,843,2025-04-29,4,1,Recife Centro,Recife,Loja,1,Café 500g,Alimentos,4,18.9,10.2,0.0,75.6,40.8,34.8
2145,843,2025-04-29,4,1,Recife Centro,Recife,Loja,7,Detergente,Limpeza,4,3.9,2.0,0.0,15.6,8.0,7.6
2146,844,2025-02-03,2,3,Olinda,Olinda,Online,1,Café 500g,Alimentos,4,18.9,10.2,0.0,75.6,40.8,34.8
2147,844,2025-02-03,2,3,Olinda,Olinda,Online,2,Arroz 5kg,Alimentos,5,27.5,18.3,0.05,130.63,91.5,39.13
2148,844,2025-02-03,2,3,Olinda,Olinda,Online,4,Leite 1L,Bebidas,1,5.5,3.7,0.15,4.67,3.7,0.97
2149,845,2025-10-02,10,3,Olinda,Olinda,Loja,10,Shampoo,Higiene,3,19.9,11.3,0.15,50.74,33.9,16.84
2150,846,2025-12-23,12,2,Boa Viagem,Recife,Loja,6,Refrigerante 2L,Bebidas,3,11.9,7.0,0.15,30.35,21.0,9.35
2151,846,2025-12-23,12,2,Boa Viagem,Recife,Loja,3,Feijão 1kg,Alimentos,4,9.9,6.1,0.0,39.6,24.4,15.2
2152,847,2025-06-21,6,1,Recife Centro,Recife,Loja,7,Detergente,Limpeza,5,3.9,2.0,0.15,16.57,10.0,6.57
2153,847,2025-06-21,6,1,Recife Centro,Recife,Loja,9,Papel higiênico,Higiene,1,15.9,8.7,0.0,15.9,8.7,7.2
2154,847,2025-06-21,6,1,Recife Centro,Recife,Loja,4,Leite 1L,Bebidas,1,5.5,3.7,0.1,4.95,3.7,1.25
2155,847,2025-06-21,6,1,Recife Centro,Recife,Loja,5,Suco 1L,Bebidas,1,8.5,5.2,0.0,8.5,5.2,3.3
2156,848,2025-05-02,5,3,Olinda,Olinda,Loja,10,Shampoo,Higiene,1,19.9,11.3,0.0,19.9,11.3,8.6
2157,848,2025-05-02,5,3,Olinda,Olinda,Loja,2,Arroz 5kg,Alimentos,3,27.5,18.3,0.05,78.38,54.9,23.47
2158,849,2025-06-01,6,1,Recife Centro,Recife,Loja,1,Café 500g,Alimentos,5,18.9,10.2,0.05,89.77,51.0,38.77
2159,849,2025-06-01,6,1,Recife Centro,Recife,Loja,4,Leite 1L,Bebidas,3,5.5,3.7,0.0,16.5,11.1,5.4
2160,850,2025-05-23,5,2,Boa Viagem,Recife,Loja,9,Papel higiênico,Higiene,4,15.9,8.7,0.15,54.06,34.8,19.26
2161,851,2025-05-28,5,1,Recife Centro,Recife,Loja,6,Refrigerante 2L,Bebidas,5,11.9,7.0,0.0,59.5,35.0,24.5
2162,851,2025-05-28,5,1,Recife Centro,Recife,Loja,4,Leite 1L,Bebidas,2,5.5,3.7,0.15,9.35,7.4,1.95
2163,851,2025-05-28,5,1,Recife Centro,Recife,Loja,9,Papel higiênico,Higiene,2,15.9,8.7,0.1,28.62,17.4,11.22
2164,852,2025-07-15,7,3,Olinda,Olinda,Loja,1,Café 500g,Alimentos,2,18.9,10.2,0.0,37.8,20.4,17.4
2165,852,2025-07-15,7,3,Olinda,Olinda,Loja,2,Arroz 5kg,Alimentos,2,27.5,18.3,0.0,55.0,36.6,18.4
2166,852,2025-07-15,7,3,Olinda,Olinda,Loja,8,Sabão em pó,Limpeza,2,16.9,9.8,0.0,33.8,19.6,14.2
2167,852,2025-07-15,7,3,Olinda,Olinda,Loja,10,Shampoo,Higiene,2,19.9,11.3,0.1,35.82,22.6,13.22
2168,853,2025-10-09,10,1,Recife Centro,Recife,Loja,7,Detergente,Limpeza,4,3.9,2.0,0.0,15.6,8.0,7.6
2169,854,2025-03-26,3,3,Olinda,Olinda,Loja,3,Feijão 1kg,Alimentos,5,9.9,6.1,0.05,47.02,30.5,16.52
2170,854,2025-03-26,3,3,Olinda,Olinda,Loja,4,Leite 1L,Bebidas,2,5.5,3.7,0.0,11.0,7.4,3.6
2171,854,2025-03-26,3,3,Olinda,Olinda,Loja,5,Suco 1L,Bebidas,4,8.5,5.2,0.0,34.0,20.8,13.2
2172,854,2025-03-26,3,3,Olinda,Olinda,Loja,10,Shampoo,Higiene,3,19.9,11.3,0.05,56.71,33.9,22.81
2173,855,2025-07-13,7,1,Recife Centro,Recife,Loja,9,Papel higiênico,Higiene,4,15.9,8.7,0.0,63.6,34.8,28.8
2174,855,2025-07-13,7,1,Recife Centro,Recife,Loja,7,Detergente,Limpeza,4,3.9,2.0,0.05,14.82,8.0,6.82
2175,855,2025-07-13,7,1,Recife Centro,Recife,Loja,3,Feijão 1kg,Alimentos,1,9.9,6.1,0.0,9.9,6.1,3.8
2176,855,2025-07-13,7,1,Recife Centro,Recife,Loja,10,Shampoo,Higiene,5,19.9,11.3,0.1,89.55,56.5,33.05
2177,856,2025-03-20,3,3,Olinda,Olinda,Loja,7,Detergente,Limpeza,4,3.9,2.0,0.0,15.6,8.0,7.6
2178,856,2025-03-20,3,3,Olinda,Olinda,Loja,8,Sabão em pó,Limpeza,4,16.9,9.8,0.1,60.84,39.2,21.64
2179,856,2025-03-20,3,3,Olinda,Olinda,Loja,5,Suco 1L,Bebidas,5,8.5,5.2,0.05,40.38,26.0,14.37
2180,857,2025-02-06,2,2,Boa Viagem,Recife,Loja,4,Leite 1L,Bebidas,1,5.5,3.7,0.1,4.95,3.7,1.25
2181,857,2025-02-06,2,2,Boa Viagem,Recife,Loja,3,Feijão 1kg,Alimentos,3,9.9,6.1,0.05,28.21,18.3,9.91
2182,857,2025-02-06,2,2,Boa Viagem,Recife,Loja,10,Shampoo,Higiene,4,19.9,11.3,0.05,75.62,45.2,30.42
2183,857,2025-02-06,2,2,Boa Viagem,Recife,Loja,1,Café 500g,Alimentos,4,18.9,10.2,0.15,64.26,40.8,23.46
2184,858,2025-07-11,7,2,Boa Viagem,Recife,Loja,7,Detergente,Limpeza,1,3.9,2.0,0.0,3.9,2.0,1.9
2185,859,2025-07-17,7,3,Olinda,Olinda,Loja,5,Suco 1L,Bebidas,3,8.5,5.2,0.15,21.68,15.6,6.07
2186,859,2025-07-17,7,3,Olinda,Olinda,Loja,6,Refrigerante 2L,Bebidas,1,11.9,7.0,0.15,10.12,7.0,3.12
2187,859,2025-07-17,7,3,Olinda,Olinda,Loja,8,Sabão em pó,Limpeza,4,16.9,9.8,0.05,64.22,39.2,25.02
2188,859,2025-07-17,7,3,Olinda,Olinda,Loja,9,Papel higiênico,Higiene,2,15.9,8.7,0.0,31.8,17.4,14.4
2189,860,2025-09-02,9,1,Recife Centro,Recife,Online,1,Café 500g,Alimentos,5,18.9,10.2,0.05,89.77,51.0,38.77
2190,860,2025-09-02,9,1,Recife Centro,Recife,Online,3,Feijão 1kg,Alimentos,2,9.9,6.1,0.0,19.8,12.2,7.6
2191,860,2025-09-02,9,1,Recife Centro,Recife,Online,5,Suco 1L,Bebidas,2,8.5,5.2,0.1,15.3,10.4,4.9
2192,861,2025-10-24,10,3,Olinda,Olinda,Online,2,Arroz 5kg,Alimentos,1,27.5,18.3,0.15,23.38,18.3,5.07
2193,862,2025-12-31,12,2,Boa Viagem,Recife,Loja,9,Papel higiênico,Higiene,2,15.9,8.7,0.05,30.21,17.4,12.81
2194,863,2025-03-26,3,2,Boa Viagem,Recife,Loja,9,Papel higiênico,Higiene,5,15.9,8.7,0.0,79.5,43.5,36.0
2195,863,2025-03-26,3,2,Boa Viagem,Recife,Loja,10,Shampoo,Higiene,4,19.9,11.3,0.15,67.66,45.2,22.46
2196,863,2025-03-26,3,2,Boa Viagem,Recife,Loja,7,Detergente,Limpeza,1,3.9,2.0,0.0,3.9,2.0,1.9
2197,864,2025-11-22,11,3,Olinda,Olinda,Online,3,Feijão 1kg,Alimentos,4,9.9,6.1,0.15,33.66,24.4,9.26
2198,864,2025-11-22,11,3,Olinda,Olinda,Online,5,Suco 1L,Bebidas,3,8.5,5.2,0.0,25.5,15.6,9.9
2199,864,2025-11-22,11,3,Olinda,Olinda,Online,4,Leite 1L,Bebidas,2,5.5,3.7,0.05,10.45,7.4,3.05
2200,865,2025-01-01,1,1,Recife Centro,Recife,Loja,9,Papel higiênico,Higiene,4,15.9,8.7,0.0,63.6,34.8,28.8
2201,865,2025-01-01,1,1,Recife Centro,Recife,Loja,7,Detergente,Limpeza,2,3.9,2.0,0.0,7.8,4.0,3.8
2202,865,2025-01-01,1,1,Recife Centro,Recife,Loja,5,Suco 1L,Bebidas,2,8.5,5.2,0.15,14.45,10.4,4.05
2203,865,2025-01-01,1,1,Recife Centro,Recife,Loja,6,Refrigerante 2L,Bebidas,2,11.9,7.0,0.0,23.8,14.0,9.8
2204,866,2025-09-07,9,1,Recife Centro,Recife,Loja,8,Sabão em pó,Limpeza,5,16.9,9.8,0.0,84.5,49.0,35.5
2205,867,2025-04-06,4,1,Recife Centro,Recife,Loja,4,Leite 1L,Bebidas,4,5.5,3.7,0.05,20.9,14.8,6.1
2206,867,2025-04-06,4,1,Recife Centro,Recife,Loja,5,Suco 1L,Bebidas,5,8.5,5.2,0.0,42.5,26.0,16.5
2207,868,2025-11-22,11,1,Recife Centro,Recife,Loja,7,Detergente,Limpeza,1,3.9,2.0,0.0,3.9,2.0,1.9
2208,869,2025-02-02,2,2,Boa Viagem,Recife,Loja,8,Sabão em pó,Limpeza,1,16.9,9.8,0.0,16.9,9.8,7.1
2209,869,2025-02-02,2,2,Boa Viagem,Recife,Loja,10,Shampoo,Higiene,1,19.9,11.3,0.0,19.9,11.3,8.6
2210,870,2025-01-04,1,3,Olinda,Olinda,Loja,2,Arroz 5kg,Alimentos,2,27.5,18.3,0.1,49.5,36.6,12.9
2211,871,2025-01-04,1,2,Boa Viagem,Recife,Loja,8,Sabão em pó,Limpeza,5,16.9,9.8,0.05,80.27,49.0,31.27
2212,871,2025-01-04,1,2,Boa Viagem,Recife,Loja,10,Shampoo,Higiene,3,19.9,11.3,0.0,59.7,33.9,25.8
2213,871,2025-01-04,1,2,Boa Viagem,Recife,Loja,6,Refrigerante 2L,Bebidas,3,11.9,7.0,0.0,35.7,21.0,14.7
2214,872,2025-05-03,5,2,Boa Viagem,Recife,Loja,10,Shampoo,Higiene,3,19.9,11.3,0.0,59.7,33.9,25.8
2215,872,2025-05-03,5,2,Boa Viagem,Recife,Loja,1,Café 500g,Alimentos,1,18.9,10.2,0.05,17.95,10.2,7.75
2216,872,2025-05-03,5,2,Boa Viagem,Recife,Loja,6,Refrigerante 2L,Bebidas,4,11.9,7.0,0.15,40.46,28.0,12.46
2217,872,2025-05-03,5,2,Boa Viagem,Recife,Loja,7,Detergente,Limpeza,2,3.9,2.0,0.0,7.8,4.0,3.8
2218,873,2025-11-05,11,1,Recife Centro,Recife,Online,4,Leite 1L,Bebidas,5,5.5,3.7,0.15,23.38,18.5,4.87
2219,873,2025-11-05,11,1,Recife Centro,Recife,Online,6,Refrigerante 2L,Bebidas,4,11.9,7.0,0.1,42.84,28.0,14.84
2220,873,2025-11-05,11,1,Recife Centro,Recife,Online,8,Sabão em pó,Limpeza,4,16.9,9.8,0.15,57.46,39.2,18.26
2221,874,2025-04-07,4,1,Recife Centro,Recife,Online,1,Café 500g,Alimentos,3,18.9,10.2,0.15,48.19,30.6,17.59
2222,874,2025-04-07,4,1,Recife Centro,Recife,Online,6,Refrigerante 2L,Bebidas,4,11.9,7.0,0.0,47.6,28.0,19.6
2223,874,2025-04-07,4,1,Recife Centro,Recife,Online,10,Shampoo,Higiene,5,19.9,11.3,0.05,94.52,56.5,38.02
2224,875,2025-07-24,7,3,Olinda,Olinda,Loja,6,Refrigerante 2L,Bebidas,4,11.9,7.0,0.05,45.22,28.0,17.22
2225,876,2025-12-04,12,3,Olinda,Olinda,Online,5,Suco 1L,Bebidas,5,8.5,5.2,0.1,38.25,26.0,12.25
2226,876,2025-12-04,12,3,Olinda,Olinda,Online,4,Leite 1L,Bebidas,5,5.5,3.7,0.0,27.5,18.5,9.0
2227,876,2025-12-04,12,3,Olinda,Olinda,Online,3,Feijão 1kg,Alimentos,2,9.9,6.1,0.05,18.81,12.2,6.61
2228,876,2025-12-04,12,3,Olinda,Olinda,Online,7,Detergente,Limpeza,1,3.9,2.0,0.0,3.9,2.0,1.9
2229,877,2025-12-11,12,3,Olinda,Olinda,Online,3,Feijão 1kg,Alimentos,5,9.9,6.1,0.0,49.5,30.5,19.0
2230,877,2025-12-11,12,3,Olinda,Olinda,Online,8,Sabão em pó,Limpeza,2,16.9,9.8,0.0,33.8,19.6,14.2
2231,877,2025-12-11,12,3,Olinda,Olinda,Online,2,Arroz 5kg,Alimentos,2,27.5,18.3,0.15,46.75,36.6,10.15
2232,877,2025-12-11,12,3,Olinda,Olinda,Online,4,Leite 1L,Bebidas,1,5.5,3.7,0.0,5.5,3.7,1.8
2233,878,2025-08-11,8,3,Olinda,Olinda,Loja,7,Detergente,Limpeza,3,3.9,2.0,0.15,9.94,6.0,3.94
2234,878,2025-08-11,8,3,Olinda,Olinda,Loja,5,Suco 1L,Bebidas,4,8.5,5.2,0.15,28.9,20.8,8.1
2235,878,2025-08-11,8,3,Olinda,Olinda,Loja,4,Leite 1L,Bebidas,1,5.5,3.7,0.15,4.67,3.7,0.97
2236,879,2025-03-11,3,3,Olinda,Olinda,Loja,2,Arroz 5kg,Alimentos,5,27.5,18.3,0.0,137.5,91.5,46.0
2237,879,2025-03-11,3,3,Olinda,Olinda,Loja,6,Refrigerante 2L,Bebidas,3,11.9,7.0,0.05,33.91,21.0,12.91
2238,879,2025-03-11,3,3,Olinda,Olinda,Loja,4,Leite 1L,Bebidas,4,5.5,3.7,0.15,18.7,14.8,3.9
2239,879,2025-03-11,3,3,Olinda,Olinda,Loja,5,Suco 1L,Bebidas,5,8.5,5.2,0.05,40.38,26.0,14.37
2240,880,2025-04-30,4,1,Recife Centro,Recife,Loja,2,Arroz 5kg,Alimentos,3,27.5,18.3,0.15,70.13,54.9,15.22
2241,880,2025-04-30,4,1,Recife Centro,Recife,Loja,10,Shampoo,Higiene,5,19.9,11.3,0.0,99.5,56.5,43.0
2242,880,2025-04-30,4,1,Recife Centro,Recife,Loja,9,Papel higiênico,Higiene,1,15.9,8.7,0.1,14.31,8.7,5.61
2243,881,2025-07-08,7,1,Recife Centro,Recife,Online,10,Shampoo,Higiene,5,19.9,11.3,0.1,89.55,56.5,33.05
2244,881,2025-07-08,7,1,Recife Centro,Recife,Online,1,Café 500g,Alimentos,2,18.9,10.2,0.05,35.91,20.4,15.51
2245,881,2025-07-08,7,1,Recife Centro,Recife,Online,5,Suco 1L,Bebidas,4,8.5,5.2,0.0,34.0,20.8,13.2
2246,881,2025-07-08,7,1,Recife Centro,Recife,Online,9,Papel higiênico,Higiene,3,15.9,8.7,0.15,40.55,26.1,14.45
2247,882,2025-03-06,3,3,Olinda,Olinda,Loja,2,Arroz 5kg,Alimentos,1,27.5,18.3,0.1,24.75,18.3,6.45
2248,882,2025-03-06,3,3,Olinda,Olinda,Loja,7,Detergente,Limpeza,4,3.9,2.0,0.0,15.6,8.0,7.6
2249,883,2025-03-16,3,2,Boa Viagem,Recife,Online,8,Sabão em pó,Limpeza,1,16.9,9.8,0.1,15.21,9.8,5.41
2250,883,2025-03-16,3,2,Boa Viagem,Recife,Online,3,Feijão 1kg,Alimentos,3,9.9,6.1,0.0,29.7,18.3,11.4
2251,883,2025-03-16,3,2,Boa Viagem,Recife,Online,5,Suco 1L,Bebidas,5,8.5,5.2,0.15,36.13,26.0,10.12
2252,883,2025-03-16,3,2,Boa Viagem,Recife,Online,2,Arroz 5kg,Alimentos,1,27.5,18.3,0.0,27.5,18.3,9.2
2253,884,2025-12-28,12,3,Olinda,Olinda,Loja,8,Sabão em pó,Limpeza,4,16.9,9.8,0.0,67.6,39.2,28.4
2254,884,2025-12-28,12,3,Olinda,Olinda,Loja,5,Suco 1L,Bebidas,3,8.5,5.2,0.0,25.5,15.6,9.9
2255,885,2025-04-18,4,3,Olinda,Olinda,Online,1,Café 500g,Alimentos,4,18.9,10.2,0.15,64.26,40.8,23.46
2256,885,2025-04-18,4,3,Olinda,Olinda,Online,3,Feijão 1kg,Alimentos,4,9.9,6.1,0.0,39.6,24.4,15.2
2257,886,2025-12-04,12,1,Recife Centro,Recife,Online,6,Refrigerante 2L,Bebidas,4,11.9,7.0,0.05,45.22,28.0,17.22
2258,886,2025-12-04,12,1,Recife Centro,Recife,Online,7,Detergente,Limpeza,1,3.9,2.0,0.1,3.51,2.0,1.51
2259,886,2025-12-04,12,1,Recife Centro,Recife,Online,8,Sabão em pó,Limpeza,3,16.9,9.8,0.0,50.7,29.4,21.3
2260,886,2025-12-04,12,1,Recife Centro,Recife,Online,3,Feijão 1kg,Alimentos,2,9.9,6.1,0.15,16.83,12.2,4.63
2261,887,2025-10-08,10,2,Boa Viagem,Recife,Loja,10,Shampoo,Higiene,4,19.9,11.3,0.15,67.66,45.2,22.46
2262,887,2025-10-08,10,2,Boa Viagem,Recife,Loja,1,Café 500g,Alimentos,2,18.9,10.2,0.1,34.02,20.4,13.62
2263,887,2025-10-08,10,2,Boa Viagem,Recife,Loja,5,Suco 1L,Bebidas,2,8.5,5.2,0.05,16.15,10.4,5.75
2264,888,2025-12-23,12,2,Boa Viagem,Recife,Loja,4,Leite 1L,Bebidas,2,5.5,3.7,0.15,9.35,7.4,1.95
2265,888,2025-12-23,12,2,Boa Viagem,Recife,Loja,10,Shampoo,Higiene,1,19.9,11.3,0.0,19.9,11.3,8.6
2266,889,2025-10-22,10,1,Recife Centro,Recife,Loja,7,Detergente,Limpeza,2,3.9,2.0,0.0,7.8,4.0,3.8
2267,889,2025-10-22,10,1,Recife Centro,Recife,Loja,10,Shampoo,Higiene,1,19.9,11.3,0.0,19.9,11.3,8.6
2268,890,2025-08-31,8,1,Recife Centro,Recife,Online,9,Papel higiênico,Higiene,3,15.9,8.7,0.1,42.93,26.1,16.83
2269,891,2025-08-11,8,1,Recife Centro,Recife,Loja,4,Leite 1L,Bebidas,4,5.5,3.7,0.05,20.9,14.8,6.1
2270,891,2025-08-11,8,1,Recife Centro,Recife,Loja,1,Café 500g,Alimentos,3,18.9,10.2,0.15,48.19,30.6,17.59
2271,891,2025-08-11,8,1,Recife Centro,Recife,Loja,2,Arroz 5kg,Alimentos,5,27.5,18.3,0.0,137.5,91.5,46.0
2272,891,2025-08-11,8,1,Recife Centro,Recife,Loja,8,Sabão em pó,Limpeza,4,16.9,9.8,0.15,57.46,39.2,18.26
2273,892,2025-12-10,12,3,Olinda,Olinda,Loja,7,Detergente,Limpeza,1,3.9,2.0,0.0,3.9,2.0,1.9
2274,892,2025-12-10,12,3,Olinda,Olinda,Loja,5,Suco 1L,Bebidas,1,8.5,5.2,0.0,8.5,5.2,3.3
2275,892,2025-12-10,12,3,Olinda,Olinda,Loja,8,Sabão em pó,Limpeza,1,16.9,9.8,0.05,16.05,9.8,6.25
2276,892,2025-12-10,12,3,Olinda,Olinda,Loja,3,Feijão 1kg,Alimentos,5,9.9,6.1,0.0,49.5,30.5,19.0
2277,893,2025-01-12,1,3,Olinda,Olinda,Loja,5,Suco 1L,Bebidas,4,8.5,5.2,0.15,28.9,20.8,8.1
2278,893,2025-01-12,1,3,Olinda,Olinda,Loja,2,Arroz 5kg,Alimentos,4,27.5,18.3,0.0,110.0,73.2,36.8
2279,893,2025-01-12,1,3,Olinda,Olinda,Loja,3,Feijão 1kg,Alimentos,5,9.9,6.1,0.0,49.5,30.5,19.0
2280,893,2025-01-12,1,3,Olinda,Olinda,Loja,4,Leite 1L,Bebidas,1,5.5,3.7,0.0,5.5,3.7,1.8
2281,894,2025-02-02,2,3,Olinda,Olinda,Online,7,Detergente,Limpeza,4,3.9,2.0,0.1,14.04,8.0,6.04
2282,894,2025-02-02,2,3,Olinda,Olinda,Online,1,Café 500g,Alimentos,5,18.9,10.2,0.1,85.05,51.0,34.05
2283,895,2025-09-08,9,1,Recife Centro,Recife,Loja,4,Leite 1L,Bebidas,1,5.5,3.7,0.0,5.5,3.7,1.8
2284,896,2025-11-03,11,3,Olinda,Olinda,Loja,6,Refrigerante 2L,Bebidas,5,11.9,7.0,0.0,59.5,35.0,24.5
2285,896,2025-11-03,11,3,Olinda,Olinda,Loja,2,Arroz 5kg,Alimentos,2,27.5,18.3,0.0,55.0,36.6,18.4
2286,896,2025-11-03,11,3,Olinda,Olinda,Loja,1,Café 500g,Alimentos,5,18.9,10.2,0.0,94.5,51.0,43.5
2287,896,2025-11-03,11,3,Olinda,Olinda,Loja,9,Papel higiênico,Higiene,1,15.9,8.7,0.0,15.9,8.7,7.2
2288,897,2025-03-05,3,3,Olinda,Olinda,Loja,7,Detergente,Limpeza,2,3.9,2.0,0.0,7.8,4.0,3.8
2289,897,2025-03-05,3,3,Olinda,Olinda,Loja,1,Café 500g,Alimentos,1,18.9,10.2,0.1,17.01,10.2,6.81
2290,898,2025-05-31,5,3,Olinda,Olinda,Loja,10,Shampoo,Higiene,3,19.9,11.3,0.1,53.73,33.9,19.83
2291,898,2025-05-31,5,3,Olinda,Olinda,Loja,8,Sabão em pó,Limpeza,3,16.9,9.8,0.1,45.63,29.4,16.23
2292,899,2025-10-03,10,3,Olinda,Olinda,Loja,1,Café 500g,Alimentos,2,18.9,10.2,0.0,37.8,20.4,17.4
2293,900,2025-04-07,4,1,Recife Centro,Recife,Loja,3,Feijão 1kg,Alimentos,2,9.9,6.1,0.1,17.82,12.2,5.62
2294,900,2025-04-07,4,1,Recife Centro,Recife,Loja,9,Papel higiênico,Higiene,3,15.9,8.7,0.0,47.7,26.1,21.6
2295,901,2025-03-07,3,3,Olinda,Olinda,Loja,9,Papel higiênico,Higiene,3,15.9,8.7,0.0,47.7,26.1,21.6
2296,902,2025-07-15,7,3,Olinda,Olinda,Online,8,Sabão em pó,Limpeza,4,16.9,9.8,0.15,57.46,39.2,18.26
2297,902,2025-07-15,7,3,Olinda,Olinda,Online,2,Arroz 5kg,Alimentos,2,27.5,18.3,0.1,49.5,36.6,12.9
2298,902,2025-07-15,7,3,Olinda,Olinda,Online,5,Suco 1L,Bebidas,2,8.5,5.2,0.0,17.0,10.4,6.6
2299,902,2025-07-15,7,3,Olinda,Olinda,Online,6,Refrigerante 2L,Bebidas,3,11.9,7.0,0.15,30.35,21.0,9.35
2300,903,2025-12-23,12,3,Olinda,Olinda,Loja,10,Shampoo,Higiene,4,19.9,11.3,0.0,79.6,45.2,34.4
2301,903,2025-12-23,12,3,Olinda,Olinda,Loja,9,Papel higiênico,Higiene,3,15.9,8.7,0.05,45.31,26.1,19.22
2302,903,2025-12-23,12,3,Olinda,Olinda,Loja,3,Feijão 1kg,Alimentos,4,9.9,6.1,0.0,39.6,24.4,15.2
2303,904,2025-11-06,11,1,Recife Centro,Recife,Loja,9,Papel higiênico,Higiene,1,15.9,8.7,0.15,13.52,8.7,4.82
2304,905,2025-10-08,10,2,Boa Viagem,Recife,Loja,6,Refrigerante 2L,Bebidas,3,11.9,7.0,0.0,35.7,21.0,14.7
2305,906,2025-03-16,3,1,Recife Centro,Recife,Loja,7,Detergente,Limpeza,2,3.9,2.0,0.05,7.41,4.0,3.41
2306,907,2025-02-23,2,1,Recife Centro,Recife,Loja,10,Shampoo,Higiene,5,19.9,11.3,0.0,99.5,56.5,43.0
2307,907,2025-02-23,2,1,Recife Centro,Recife,Loja,8,Sabão em pó,Limpeza,5,16.9,9.8,0.0,84.5,49.0,35.5
2308,907,2025-02-23,2,1,Recife Centro,Recife,Loja,2,Arroz 5kg,Alimentos,5,27.5,18.3,0.0,137.5,91.5,46.0
2309,908,2025-11-08,11,1,Recife Centro,Recife,Online,6,Refrigerante 2L,Bebidas,2,11.9,7.0,0.0,23.8,14.0,9.8
2310,908,2025-11-08,11,1,Recife Centro,Recife,Online,7,Detergente,Limpeza,5,3.9,2.0,0.1,17.55,10.0,7.55
2311,909,2025-11-01,11,2,Boa Viagem,Recife,Loja,5,Suco 1L,Bebidas,5,8.5,5.2,0.15,36.13,26.0,10.12
2312,909,2025-11-01,11,2,Boa Viagem,Recife,Loja,1,Café 500g,Alimentos,2,18.9,10.2,0.15,32.13,20.4,11.73
2313,910,2025-03-06,3,1,Recife Centro,Recife,Loja,1,Café 500g,Alimentos,5,18.9,10.2,0.05,89.77,51.0,38.77
2314,910,2025-03-06,3,1,Recife Centro,Recife,Loja,6,Refrigerante 2L,Bebidas,4,11.9,7.0,0.0,47.6,28.0,19.6
2315,910,2025-03-06,3,1,Recife Centro,Recife,Loja,4,Leite 1L,Bebidas,4,5.5,3.7,0.0,22.0,14.8,7.2
2316,911,2025-08-28,8,3,Olinda,Olinda,Loja,9,Papel higiênico,Higiene,1,15.9,8.7,0.0,15.9,8.7,7.2
2317,911,2025-08-28,8,3,Olinda,Olinda,Loja,4,Leite 1L,Bebidas,4,5.5,3.7,0.0,22.0,14.8,7.2
2318,911,2025-08-28,8,3,Olinda,Olinda,Loja,5,Suco 1L,Bebidas,1,8.5,5.2,0.15,7.22,5.2,2.02
2319,911,2025-08-28,8,3,Olinda,Olinda,Loja,6,Refrigerante 2L,Bebidas,1,11.9,7.0,0.0,11.9,7.0,4.9
2320,912,2025-05-03,5,1,Recife Centro,Recife,Loja,2,Arroz 5kg,Alimentos,3,27.5,18.3,0.1,74.25,54.9,19.35
2321,913,2025-09-10,9,1,Recife Centro,Recife,Online,9,Papel higiênico,Higiene,5,15.9,8.7,0.15,67.58,43.5,24.08
2322,913,2025-09-10,9,1,Recife Centro,Recife,Online,3,Feijão 1kg,Alimentos,5,9.9,6.1,0.15,42.07,30.5,11.58
2323,913,2025-09-10,9,1,Recife Centro,Recife,Online,8,Sabão em pó,Limpeza,1,16.9,9.8,0.05,16.05,9.8,6.25
2324,913,2025-09-10,9,1,Recife Centro,Recife,Online,4,Leite 1L,Bebidas,1,5.5,3.7,0.1,4.95,3.7,1.25
2325,914,2025-04-08,4,3,Olinda,Olinda,Loja,9,Papel higiênico,Higiene,5,15.9,8.7,0.15,67.58,43.5,24.08
2326,914,2025-04-08,4,3,Olinda,Olinda,Loja,6,Refrigerante 2L,Bebidas,5,11.9,7.0,0.0,59.5,35.0,24.5
2327,914,2025-04-08,4,3,Olinda,Olinda,Loja,4,Leite 1L,Bebidas,5,5.5,3.7,0.05,26.13,18.5,7.62
2328,914,2025-04-08,4,3,Olinda,Olinda,Loja,10,Shampoo,Higiene,2,19.9,11.3,0.15,33.83,22.6,11.23
2329,915,2025-09-26,9,1,Recife Centro,Recife,Loja,3,Feijão 1kg,Alimentos,1,9.9,6.1,0.05,9.4,6.1,3.3
2330,915,2025-09-26,9,1,Recife Centro,Recife,Loja,9,Papel higiênico,Higiene,4,15.9,8.7,0.05,60.42,34.8,25.62
2331,915,2025-09-26,9,1,Recife Centro,Recife,Loja,6,Refrigerante 2L,Bebidas,2,11.9,7.0,0.0,23.8,14.0,9.8
2332,916,2025-02-27,2,2,Boa Viagem,Recife,Online,9,Papel higiênico,Higiene,3,15.9,8.7,0.0,47.7,26.1,21.6
2333,916,2025-02-27,2,2,Boa Viagem,Recife,Online,2,Arroz 5kg,Alimentos,4,27.5,18.3,0.0,110.0,73.2,36.8
2334,917,2025-05-16,5,1,Recife Centro,Recife,Loja,4,Leite 1L,Bebidas,5,5.5,3.7,0.05,26.13,18.5,7.62
2335,917,2025-05-16,5,1,Recife Centro,Recife,Loja,5,Suco 1L,Bebidas,1,8.5,5.2,0.0,8.5,5.2,3.3
2336,917,2025-05-16,5,1,Recife Centro,Recife,Loja,1,Café 500g,Alimentos,1,18.9,10.2,0.1,17.01,10.2,6.81
2337,917,2025-05-16,5,1,Recife Centro,Recife,Loja,10,Shampoo,Higiene,4,19.9,11.3,0.0,79.6,45.2,34.4
2338,918,2025-06-02,6,2,Boa Viagem,Recife,Loja,3,Feijão 1kg,Alimentos,1,9.9,6.1,0.0,9.9,6.1,3.8
2339,918,2025-06-02,6,2,Boa Viagem,Recife,Loja,7,Detergente,Limpeza,4,3.9,2.0,0.05,14.82,8.0,6.82
2340,918,2025-06-02,6,2,Boa Viagem,Recife,Loja,6,Refrigerante 2L,Bebidas,2,11.9,7.0,0.0,23.8,14.0,9.8
2341,919,2025-09-28,9,3,Olinda,Olinda,Online,2,Arroz 5kg,Alimentos,3,27.5,18.3,0.0,82.5,54.9,27.6
2342,919,2025-09-28,9,3,Olinda,Olinda,Online,8,Sabão em pó,Limpeza,4,16.9,9.8,0.05,64.22,39.2,25.02
2343,919,2025-09-28,9,3,Olinda,Olinda,Online,1,Café 500g,Alimentos,3,18.9,10.2,0.0,56.7,30.6,26.1
2344,919,2025-09-28,9,3,Olinda,Olinda,Online,10,Shampoo,Higiene,3,19.9,11.3,0.05,56.71,33.9,22.81
2345,920,2025-04-04,4,3,Olinda,Olinda,Online,8,Sabão em pó,Limpeza,4,16.9,9.8,0.0,67.6,39.2,28.4
2346,921,2025-03-13,3,2,Boa Viagem,Recife,Loja,6,Refrigerante 2L,Bebidas,2,11.9,7.0,0.0,23.8,14.0,9.8
2347,922,2025-04-08,4,2,Boa Viagem,Recife,Loja,7,Detergente,Limpeza,2,3.9,2.0,0.05,7.41,4.0,3.41
2348,922,2025-04-08,4,2,Boa Viagem,Recife,Loja,6,Refrigerante 2L,Bebidas,3,11.9,7.0,0.0,35.7,21.0,14.7
2349,922,2025-04-08,4,2,Boa Viagem,Recife,Loja,1,Café 500g,Alimentos,4,18.9,10.2,0.05,71.82,40.8,31.02
2350,922,2025-04-08,4,2,Boa Viagem,Recife,Loja,2,Arroz 5kg,Alimentos,5,27.5,18.3,0.05,130.63,91.5,39.13
2351,923,2025-12-16,12,3,Olinda,Olinda,Loja,9,Papel higiênico,Higiene,1,15.9,8.7,0.0,15.9,8.7,7.2
2352,923,2025-12-16,12,3,Olinda,Olinda,Loja,7,Detergente,Limpeza,2,3.9,2.0,0.0,7.8,4.0,3.8
2353,923,2025-12-16,12,3,Olinda,Olinda,Loja,3,Feijão 1kg,Alimentos,3,9.9,6.1,0.1,26.73,18.3,8.43
2354,923,2025-12-16,12,3,Olinda,Olinda,Loja,1,Café 500g,Alimentos,1,18.9,10.2,0.15,16.06,10.2,5.86
2355,924,2025-05-02,5,1,Recife Centro,Recife,Loja,7,Detergente,Limpeza,4,3.9,2.0,0.0,15.6,8.0,7.6
2356,924,2025-05-02,5,1,Recife Centro,Recife,Loja,1,Café 500g,Alimentos,3,18.9,10.2,0.05,53.86,30.6,23.26
2357,924,2025-05-02,5,1,Recife Centro,Recife,Loja,10,Shampoo,Higiene,1,19.9,11.3,0.05,18.9,11.3,7.6
2358,925,2025-05-07,5,3,Olinda,Olinda,Loja,4,Leite 1L,Bebidas,1,5.5,3.7,0.0,5.5,3.7,1.8
2359,925,2025-05-07,5,3,Olinda,Olinda,Loja,5,Suco 1L,Bebidas,2,8.5,5.2,0.15,14.45,10.4,4.05
2360,926,2025-08-08,8,1,Recife Centro,Recife,Loja,9,Papel higiênico,Higiene,5,15.9,8.7,0.0,79.5,43.5,36.0
2361,927,2025-04-07,4,3,Olinda,Olinda,Loja,4,Leite 1L,Bebidas,2,5.5,3.7,0.05,10.45,7.4,3.05
2362,927,2025-04-07,4,3,Olinda,Olinda,Loja,2,Arroz 5kg,Alimentos,1,27.5,18.3,0.0,27.5,18.3,9.2
2363,928,2025-04-09,4,1,Recife Centro,Recife,Loja,2,Arroz 5kg,Alimentos,4,27.5,18.3,0.05,104.5,73.2,31.3
2364,928,2025-04-09,4,1,Recife Centro,Recife,Loja,1,Café 500g,Alimentos,5,18.9,10.2,0.0,94.5,51.0,43.5
2365,929,2025-12-25,12,3,Olinda,Olinda,Online,6,Refrigerante 2L,Bebidas,4,11.9,7.0,0.0,47.6,28.0,19.6
2366,929,2025-12-25,12,3,Olinda,Olinda,Online,7,Detergente,Limpeza,5,3.9,2.0,0.05,18.52,10.0,8.52
2367,930,2025-11-26,11,1,Recife Centro,Recife,Loja,6,Refrigerante 2L,Bebidas,4,11.9,7.0,0.0,47.6,28.0,19.6
2368,930,2025-11-26,11,1,Recife Centro,Recife,Loja,5,Suco 1L,Bebidas,3,8.5,5.2,0.0,25.5,15.6,9.9
2369,930,2025-11-26,11,1,Recife Centro,Recife,Loja,10,Shampoo,Higiene,2,19.9,11.3,0.0,39.8,22.6,17.2
2370,931,2025-01-01,1,1,Recife Centro,Recife,Loja,4,Leite 1L,Bebidas,3,5.5,3.7,0.1,14.85,11.1,3.75
2371,931,2025-01-01,1,1,Recife Centro,Recife,Loja,5,Suco 1L,Bebidas,1,8.5,5.2,0.05,8.07,5.2,2.87
2372,931,2025-01-01,1,1,Recife Centro,Recife,Loja,8,Sabão em pó,Limpeza,2,16.9,9.8,0.0,33.8,19.6,14.2
2373,932,2025-09-09,9,2,Boa Viagem,Recife,Loja,2,Arroz 5kg,Alimentos,1,27.5,18.3,0.15,23.38,18.3,5.07
2374,933,2025-10-10,10,1,Recife Centro,Recife,Loja,10,Shampoo,Higiene,2,19.9,11.3,0.15,33.83,22.6,11.23
2375,933,2025-10-10,10,1,Recife Centro,Recife,Loja,9,Papel higiênico,Higiene,3,15.9,8.7,0.0,47.7,26.1,21.6
2376,933,2025-10-10,10,1,Recife Centro,Recife,Loja,6,Refrigerante 2L,Bebidas,5,11.9,7.0,0.05,56.52,35.0,21.52
2377,934,2025-02-14,2,1,Recife Centro,Recife,Loja,1,Café 500g,Alimentos,5,18.9,10.2,0.15,80.33,51.0,29.32
2378,935,2025-04-08,4,1,Recife Centro,Recife,Loja,2,Arroz 5kg,Alimentos,5,27.5,18.3,0.1,123.75,91.5,32.25
2379,936,2025-06-25,6,2,Boa Viagem,Recife,Loja,9,Papel higiênico,Higiene,1,15.9,8.7,0.0,15.9,8.7,7.2
2380,936,2025-06-25,6,2,Boa Viagem,Recife,Loja,3,Feijão 1kg,Alimentos,2,9.9,6.1,0.05,18.81,12.2,6.61
2381,937,2025-10-09,10,3,Olinda,Olinda,Loja,6,Refrigerante 2L,Bebidas,4,11.9,7.0,0.0,47.6,28.0,19.6
2382,937,2025-10-09,10,3,Olinda,Olinda,Loja,8,Sabão em pó,Limpeza,4,16.9,9.8,0.05,64.22,39.2,25.02
2383,937,2025-10-09,10,3,Olinda,Olinda,Loja,2,Arroz 5kg,Alimentos,5,27.5,18.3,0.1,123.75,91.5,32.25
2384,938,2025-01-12,1,1,Recife Centro,Recife,Loja,5,Suco 1L,Bebidas,5,8.5,5.2,0.0,42.5,26.0,16.5
2385,938,2025-01-12,1,1,Recife Centro,Recife,Loja,1,Café 500g,Alimentos,2,18.9,10.2,0.15,32.13,20.4,11.73
2386,939,2025-07-23,7,2,Boa Viagem,Recife,Loja,3,Feijão 1kg,Alimentos,4,9.9,6.1,0.1,35.64,24.4,11.24
2387,940,2025-07-16,7,3,Olinda,Olinda,Online,10,Shampoo,Higiene,1,19.9,11.3,0.0,19.9,11.3,8.6
2388,940,2025-07-16,7,3,Olinda,Olinda,Online,5,Suco 1L,Bebidas,5,8.5,5.2,0.0,42.5,26.0,16.5
2389,940,2025-07-16,7,3,Olinda,Olinda,Online,4,Leite 1L,Bebidas,5,5.5,3.7,0.15,23.38,18.5,4.87
2390,940,2025-07-16,7,3,Olinda,Olinda,Online,2,Arroz 5kg,Alimentos,1,27.5,18.3,0.1,24.75,18.3,6.45
2391,941,2025-08-22,8,3,Olinda,Olinda,Loja,5,Suco 1L,Bebidas,3,8.5,5.2,0.1,22.95,15.6,7.35
2392,941,2025-08-22,8,3,Olinda,Olinda,Loja,4,Leite 1L,Bebidas,1,5.5,3.7,0.0,5.5,3.7,1.8
2393,941,2025-08-22,8,3,Olinda,Olinda,Loja,10,Shampoo,Higiene,2,19.9,11.3,0.0,39.8,22.6,17.2
2394,942,2025-10-01,10,1,Recife Centro,Recife,Loja,5,Suco 1L,Bebidas,3,8.5,5.2,0.0,25.5,15.6,9.9
2395,942,2025-10-01,10,1,Recife Centro,Recife,Loja,3,Feijão 1kg,Alimentos,2,9.9,6.1,0.0,19.8,12.2,7.6
2396,943,2025-10-01,10,1,Recife Centro,Recife,Loja,10,Shampoo,Higiene,1,19.9,11.3,0.15,16.91,11.3,5.61
2397,943,2025-10-01,10,1,Recife Centro,Recife,Loja,6,Refrigerante 2L,Bebidas,5,11.9,7.0,0.0,59.5,35.0,24.5
2398,943,2025-10-01,10,1,Recife Centro,Recife,Loja,9,Papel higiênico,Higiene,2,15.9,8.7,0.05,30.21,17.4,12.81
2399,944,2025-11-10,11,2,Boa Viagem,Recife,Loja,1,Café 500g,Alimentos,3,18.9,10.2,0.0,56.7,30.6,26.1
2400,945,2025-05-24,5,1,Recife Centro,Recife,Loja,9,Papel higiênico,Higiene,5,15.9,8.7,0.0,79.5,43.5,36.0
2401,946,2025-12-19,12,2,Boa Viagem,Recife,Online,10,Shampoo,Higiene,4,19.9,11.3,0.0,79.6,45.2,34.4
2402,946,2025-12-19,12,2,Boa Viagem,Recife,Online,9,Papel higiênico,Higiene,3,15.9,8.7,0.0,47.7,26.1,21.6
2403,946,2025-12-19,12,2,Boa Viagem,Recife,Online,4,Leite 1L,Bebidas,2,5.5,3.7,0.1,9.9,7.4,2.5
2404,947,2025-11-19,11,2,Boa Viagem,Recife,Loja,7,Detergente,Limpeza,2,3.9,2.0,0.05,7.41,4.0,3.41
2405,947,2025-11-19,11,2,Boa Viagem,Recife,Loja,6,Refrigerante 2L,Bebidas,1,11.9,7.0,0.05,11.3,7.0,4.3
2406,948,2025-04-03,4,2,Boa Viagem,Recife,Loja,4,Leite 1L,Bebidas,2,5.5,3.7,0.15,9.35,7.4,1.95
2407,948,2025-04-03,4,2,Boa Viagem,Recife,Loja,8,Sabão em pó,Limpeza,3,16.9,9.8,0.0,50.7,29.4,21.3
2408,949,2025-06-08,6,1,Recife Centro,Recife,Online,10,Shampoo,Higiene,1,19.9,11.3,0.05,18.9,11.3,7.6
2409,949,2025-06-08,6,1,Recife Centro,Recife,Online,4,Leite 1L,Bebidas,2,5.5,3.7,0.05,10.45,7.4,3.05
2410,949,2025-06-08,6,1,Recife Centro,Recife,Online,2,Arroz 5kg,Alimentos,4,27.5,18.3,0.0,110.0,73.2,36.8
2411,949,2025-06-08,6,1,Recife Centro,Recife,Online,8,Sabão em pó,Limpeza,5,16.9,9.8,0.0,84.5,49.0,35.5
2412,950,2025-01-07,1,3,Olinda,Olinda,Loja,1,Café 500g,Alimentos,1,18.9,10.2,0.0,18.9,10.2,8.7
2413,950,2025-01-07,1,3,Olinda,Olinda,Loja,2,Arroz 5kg,Alimentos,2,27.5,18.3,0.0,55.0,36.6,18.4
2414,950,2025-01-07,1,3,Olinda,Olinda,Loja,10,Shampoo,Higiene,3,19.9,11.3,0.0,59.7,33.9,25.8
2415,950,2025-01-07,1,3,Olinda,Olinda,Loja,7,Detergente,Limpeza,5,3.9,2.0,0.0,19.5,10.0,9.5
2416,951,2025-01-05,1,1,Recife Centro,Recife,Loja,2,Arroz 5kg,Alimentos,4,27.5,18.3,0.1,99.0,73.2,25.8
2417,951,2025-01-05,1,1,Recife Centro,Recife,Loja,4,Leite 1L,Bebidas,4,5.5,3.7,0.0,22.0,14.8,7.2
2418,951,2025-01-05,1,1,Recife Centro,Recife,Loja,3,Feijão 1kg,Alimentos,3,9.9,6.1,0.0,29.7,18.3,11.4
2419,952,2025-09-03,9,1,Recife Centro,Recife,Loja,9,Papel higiênico,Higiene,1,15.9,8.7,0.0,15.9,8.7,7.2
2420,952,2025-09-03,9,1,Recife Centro,Recife,Loja,2,Arroz 5kg,Alimentos,5,27.5,18.3,0.0,137.5,91.5,46.0
2421,952,2025-09-03,9,1,Recife Centro,Recife,Loja,1,Café 500g,Alimentos,1,18.9,10.2,0.1,17.01,10.2,6.81
2422,953,2025-08-01,8,1,Recife Centro,Recife,Loja,1,Café 500g,Alimentos,4,18.9,10.2,0.05,71.82,40.8,31.02
2423,953,2025-08-01,8,1,Recife Centro,Recife,Loja,4,Leite 1L,Bebidas,2,5.5,3.7,0.0,11.0,7.4,3.6
2424,954,2025-12-02,12,2,Boa Viagem,Recife,Loja,2,Arroz 5kg,Alimentos,2,27.5,18.3,0.0,55.0,36.6,18.4
2425,954,2025-12-02,12,2,Boa Viagem,Recife,Loja,8,Sabão em pó,Limpeza,3,16.9,9.8,0.0,50.7,29.4,21.3
2426,954,2025-12-02,12,2,Boa Viagem,Recife,Loja,3,Feijão 1kg,Alimentos,1,9.9,6.1,0.1,8.91,6.1,2.81
2427,954,2025-12-02,12,2,Boa Viagem,Recife,Loja,1,Café 500g,Alimentos,3,18.9,10.2,0.0,56.7,30.6,26.1
2428,955,2025-07-04,7,1,Recife Centro,Recife,Online,3,Feijão 1kg,Alimentos,5,9.9,6.1,0.0,49.5,30.5,19.0
2429,955,2025-07-04,7,1,Recife Centro,Recife,Online,7,Detergente,Limpeza,5,3.9,2.0,0.0,19.5,10.0,9.5
2430,956,2025-12-14,12,2,Boa Viagem,Recife,Loja,10,Shampoo,Higiene,1,19.9,11.3,0.0,19.9,11.3,8.6
2431,956,2025-12-14,12,2,Boa Viagem,Recife,Loja,5,Suco 1L,Bebidas,4,8.5,5.2,0.15,28.9,20.8,8.1
2432,956,2025-12-14,12,2,Boa Viagem,Recife,Loja,6,Refrigerante 2L,Bebidas,3,11.9,7.0,0.0,35.7,21.0,14.7
2433,957,2025-12-31,12,1,Recife Centro,Recife,Online,3,Feijão 1kg,Alimentos,2,9.9,6.1,0.05,18.81,12.2,6.61
2434,957,2025-12-31,12,1,Recife Centro,Recife,Online,6,Refrigerante 2L,Bebidas,4,11.9,7.0,0.15,40.46,28.0,12.46
2435,958,2025-09-02,9,1,Recife Centro,Recife,Loja,5,Suco 1L,Bebidas,2,8.5,5.2,0.0,17.0,10.4,6.6
2436,958,2025-09-02,9,1,Recife Centro,Recife,Loja,3,Feijão 1kg,Alimentos,4,9.9,6.1,0.0,39.6,24.4,15.2
2437,958,2025-09-02,9,1,Recife Centro,Recife,Loja,2,Arroz 5kg,Alimentos,3,27.5,18.3,0.05,78.38,54.9,23.47
2438,958,2025-09-02,9,1,Recife Centro,Recife,Loja,9,Papel higiênico,Higiene,4,15.9,8.7,0.05,60.42,34.8,25.62
2439,959,2025-12-22,12,2,Boa Viagem,Recife,Loja,3,Feijão 1kg,Alimentos,4,9.9,6.1,0.1,35.64,24.4,11.24
2440,959,2025-12-22,12,2,Boa Viagem,Recife,Loja,4,Leite 1L,Bebidas,4,5.5,3.7,0.1,19.8,14.8,5.0
2441,959,2025-12-22,12,2,Boa Viagem,Recife,Loja,7,Detergente,Limpeza,5,3.9,2.0,0.05,18.52,10.0,8.52
2442,960,2025-09-30,9,3,Olinda,Olinda,Online,2,Arroz 5kg,Alimentos,1,27.5,18.3,0.0,27.5,18.3,9.2
2443,960,2025-09-30,9,3,Olinda,Olinda,Online,7,Detergente,Limpeza,3,3.9,2.0,0.0,11.7,6.0,5.7
2444,960,2025-09-30,9,3,Olinda,Olinda,Online,4,Leite 1L,Bebidas,2,5.5,3.7,0.0,11.0,7.4,3.6
2445,960,2025-09-30,9,3,Olinda,Olinda,Online,6,Refrigerante 2L,Bebidas,3,11.9,7.0,0.1,32.13,21.0,11.13
2446,961,2025-08-31,8,1,Recife Centro,Recife,Online,6,Refrigerante 2L,Bebidas,3,11.9,7.0,0.0,35.7,21.0,14.7
2447,962,2025-05-31,5,2,Boa Viagem,Recife,Loja,4,Leite 1L,Bebidas,2,5.5,3.7,0.0,11.0,7.4,3.6
2448,962,2025-05-31,5,2,Boa Viagem,Recife,Loja,10,Shampoo,Higiene,2,19.9,11.3,0.05,37.81,22.6,15.21
2449,962,2025-05-31,5,2,Boa Viagem,Recife,Loja,9,Papel higiênico,Higiene,1,15.9,8.7,0.15,13.52,8.7,4.82
2450,962,2025-05-31,5,2,Boa Viagem,Recife,Loja,1,Café 500g,Alimentos,4,18.9,10.2,0.0,75.6,40.8,34.8
2451,963,2025-01-28,1,3,Olinda,Olinda,Loja,8,Sabão em pó,Limpeza,5,16.9,9.8,0.0,84.5,49.0,35.5
2452,964,2025-01-16,1,1,Recife Centro,Recife,Loja,4,Leite 1L,Bebidas,1,5.5,3.7,0.0,5.5,3.7,1.8
2453,965,2025-10-19,10,2,Boa Viagem,Recife,Loja,8,Sabão em pó,Limpeza,5,16.9,9.8,0.15,71.83,49.0,22.82
2454,965,2025-10-19,10,2,Boa Viagem,Recife,Loja,3,Feijão 1kg,Alimentos,3,9.9,6.1,0.05,28.21,18.3,9.91
2455,966,2025-07-30,7,3,Olinda,Olinda,Loja,5,Suco 1L,Bebidas,1,8.5,5.2,0.0,8.5,5.2,3.3
2456,967,2025-01-31,1,3,Olinda,Olinda,Loja,9,Papel higiênico,Higiene,1,15.9,8.7,0.05,15.11,8.7,6.41
2457,967,2025-01-31,1,3,Olinda,Olinda,Loja,3,Feijão 1kg,Alimentos,4,9.9,6.1,0.15,33.66,24.4,9.26
2458,968,2025-08-21,8,3,Olinda,Olinda,Loja,10,Shampoo,Higiene,2,19.9,11.3,0.05,37.81,22.6,15.21
2459,968,2025-08-21,8,3,Olinda,Olinda,Loja,9,Papel higiênico,Higiene,2,15.9,8.7,0.0,31.8,17.4,14.4
2460,968,2025-08-21,8,3,Olinda,Olinda,Loja,5,Suco 1L,Bebidas,1,8.5,5.2,0.1,7.65,5.2,2.45
2461,969,2025-07-13,7,1,Recife Centro,Recife,Loja,10,Shampoo,Higiene,2,19.9,11.3,0.15,33.83,22.6,11.23
2462,969,2025-07-13,7,1,Recife Centro,Recife,Loja,1,Café 500g,Alimentos,5,18.9,10.2,0.1,85.05,51.0,34.05
2463,969,2025-07-13,7,1,Recife Centro,Recife,Loja,4,Leite 1L,Bebidas,1,5.5,3.7,0.15,4.67,3.7,0.97
2464,969,2025-07-13,7,1,Recife Centro,Recife,Loja,8,Sabão em pó,Limpeza,4,16.9,9.8,0.05,64.22,39.2,25.02
2465,970,2025-06-10,6,3,Olinda,Olinda,Loja,3,Feijão 1kg,Alimentos,4,9.9,6.1,0.0,39.6,24.4,15.2
2466,970,2025-06-10,6,3,Olinda,Olinda,Loja,1,Café 500g,Alimentos,3,18.9,10.2,0.0,56.7,30.6,26.1
2467,970,2025-06-10,6,3,Olinda,Olinda,Loja,6,Refrigerante 2L,Bebidas,1,11.9,7.0,0.0,11.9,7.0,4.9
2468,970,2025-06-10,6,3,Olinda,Olinda,Loja,8,Sabão em pó,Limpeza,3,16.9,9.8,0.1,45.63,29.4,16.23
2469,971,2025-06-21,6,1,Recife Centro,Recife,Loja,9,Papel higiênico,Higiene,1,15.9,8.7,0.0,15.9,8.7,7.2
2470,971,2025-06-21,6,1,Recife Centro,Recife,Loja,2,Arroz 5kg,Alimentos,5,27.5,18.3,0.0,137.5,91.5,46.0
2471,972,2025-06-08,6,1,Recife Centro,Recife,Loja,4,Leite 1L,Bebidas,3,5.5,3.7,0.0,16.5,11.1,5.4
2472,973,2025-10-19,10,3,Olinda,Olinda,Loja,1,Café 500g,Alimentos,3,18.9,10.2,0.0,56.7,30.6,26.1
2473,973,2025-10-19,10,3,Olinda,Olinda,Loja,10,Shampoo,Higiene,3,19.9,11.3,0.0,59.7,33.9,25.8
2474,973,2025-10-19,10,3,Olinda,Olinda,Loja,6,Refrigerante 2L,Bebidas,4,11.9,7.0,0.1,42.84,28.0,14.84
2475,973,2025-10-19,10,3,Olinda,Olinda,Loja,9,Papel higiênico,Higiene,2,15.9,8.7,0.0,31.8,17.4,14.4
2476,974,2025-07-20,7,3,Olinda,Olinda,Loja,2,Arroz 5kg,Alimentos,4,27.5,18.3,0.15,93.5,73.2,20.3
2477,974,2025-07-20,7,3,Olinda,Olinda,Loja,6,Refrigerante 2L,Bebidas,5,11.9,7.0,0.0,59.5,35.0,24.5
2478,975,2025-09-15,9,1,Recife Centro,Recife,Loja,8,Sabão em pó,Limpeza,2,16.9,9.8,0.15,28.73,19.6,9.13
2479,975,2025-09-15,9,1,Recife Centro,Recife,Loja,1,Café 500g,Alimentos,4,18.9,10.2,0.0,75.6,40.8,34.8
2480,975,2025-09-15,9,1,Recife Centro,Recife,Loja,5,Suco 1L,Bebidas,1,8.5,5.2,0.15,7.22,5.2,2.02
2481,975,2025-09-15,9,1,Recife Centro,Recife,Loja,2,Arroz 5kg,Alimentos,2,27.5,18.3,0.0,55.0,36.6,18.4
2482,976,2025-12-15,12,3,Olinda,Olinda,Loja,9,Papel higiênico,Higiene,5,15.9,8.7,0.15,67.58,43.5,24.08
2483,976,2025-12-15,12,3,Olinda,Olinda,Loja,10,Shampoo,Higiene,5,19.9,11.3,0.0,99.5,56.5,43.0
2484,977,2025-08-18,8,1,Recife Centro,Recife,Loja,10,Shampoo,Higiene,4,19.9,11.3,0.0,79.6,45.2,34.4
2485,977,2025-08-18,8,1,Recife Centro,Recife,Loja,7,Detergente,Limpeza,2,3.9,2.0,0.1,7.02,4.0,3.02
2486,977,2025-08-18,8,1,Recife Centro,Recife,Loja,1,Café 500g,Alimentos,5,18.9,10.2,0.0,94.5,51.0,43.5
2487,978,2025-03-20,3,3,Olinda,Olinda,Loja,2,Arroz 5kg,Alimentos,3,27.5,18.3,0.1,74.25,54.9,19.35
2488,978,2025-03-20,3,3,Olinda,Olinda,Loja,1,Café 500g,Alimentos,1,18.9,10.2,0.05,17.95,10.2,7.75
2489,978,2025-03-20,3,3,Olinda,Olinda,Loja,3,Feijão 1kg,Alimentos,1,9.9,6.1,0.05,9.4,6.1,3.3
2490,978,2025-03-20,3,3,Olinda,Olinda,Loja,7,Detergente,Limpeza,3,3.9,2.0,0.0,11.7,6.0,5.7
2491,979,2025-06-01,6,1,Recife Centro,Recife,Loja,6,Refrigerante 2L,Bebidas,2,11.9,7.0,0.15,20.23,14.0,6.23
2492,979,2025-06-01,6,1,Recife Centro,Recife,Loja,2,Arroz 5kg,Alimentos,4,27.5,18.3,0.0,110.0,73.2,36.8
2493,979,2025-06-01,6,1,Recife Centro,Recife,Loja,9,Papel higiênico,Higiene,4,15.9,8.7,0.0,63.6,34.8,28.8
2494,980,2025-08-15,8,3,Olinda,Olinda,Online,10,Shampoo,Higiene,4,19.9,11.3,0.0,79.6,45.2,34.4
2495,981,2025-07-06,7,2,Boa Viagem,Recife,Loja,8,Sabão em pó,Limpeza,5,16.9,9.8,0.1,76.05,49.0,27.05
2496,981,2025-07-06,7,2,Boa Viagem,Recife,Loja,6,Refrigerante 2L,Bebidas,3,11.9,7.0,0.0,35.7,21.0,14.7
2497,982,2025-02-12,2,3,Olinda,Olinda,Loja,5,Suco 1L,Bebidas,2,8.5,5.2,0.15,14.45,10.4,4.05
2498,982,2025-02-12,2,3,Olinda,Olinda,Loja,1,Café 500g,Alimentos,5,18.9,10.2,0.0,94.5,51.0,43.5
2499,982,2025-02-12,2,3,Olinda,Olinda,Loja,9,Papel higiênico,Higiene,2,15.9,8.7,0.0,31.8,17.4,14.4
2500,982,2025-02-12,2,3,Olinda,Olinda,Loja,6,Refrigerante 2L,Bebidas,3,11.9,7.0,0.05,33.91,21.0,12.91
2501,983,2025-03-23,3,3,Olinda,Olinda,Loja,4,Leite 1L,Bebidas,4,5.5,3.7,0.05,20.9,14.8,6.1
2502,984,2025-12-09,12,1,Recife Centro,Recife,Loja,9,Papel higiênico,Higiene,2,15.9,8.7,0.15,27.03,17.4,9.63
2503,984,2025-12-09,12,1,Recife Centro,Recife,Loja,8,Sabão em pó,Limpeza,1,16.9,9.8,0.05,16.05,9.8,6.25
2504,984,2025-12-09,12,1,Recife Centro,Recife,Loja,2,Arroz 5kg,Alimentos,4,27.5,18.3,0.0,110.0,73.2,36.8
2505,984,2025-12-09,12,1,Recife Centro,Recife,Loja,1,Café 500g,Alimentos,4,18.9,10.2,0.0,75.6,40.8,34.8
2506,985,2025-02-03,2,2,Boa Viagem,Recife,Loja,4,Leite 1L,Bebidas,4,5.5,3.7,0.0,22.0,14.8,7.2
2507,985,2025-02-03,2,2,Boa Viagem,Recife,Loja,8,Sabão em pó,Limpeza,5,16.9,9.8,0.0,84.5,49.0,35.5
2508,985,2025-02-03,2,2,Boa Viagem,Recife,Loja,2,Arroz 5kg,Alimentos,4,27.5,18.3,0.0,110.0,73.2,36.8
2509,985,2025-02-03,2,2,Boa Viagem,Recife,Loja,3,Feijão 1kg,Alimentos,2,9.9,6.1,0.0,19.8,12.2,7.6
2510,986,2025-10-18,10,1,Recife Centro,Recife,Online,1,Café 500g,Alimentos,2,18.9,10.2,0.0,37.8,20.4,17.4
2511,986,2025-10-18,10,1,Recife Centro,Recife,Online,6,Refrigerante 2L,Bebidas,2,11.9,7.0,0.0,23.8,14.0,9.8
2512,986,2025-10-18,10,1,Recife Centro,Recife,Online,7,Detergente,Limpeza,4,3.9,2.0,0.0,15.6,8.0,7.6
2513,986,2025-10-18,10,1,Recife Centro,Recife,Online,4,Leite 1L,Bebidas,3,5.5,3.7,0.15,14.03,11.1,2.92
2514,987,2025-04-01,4,1,Recife Centro,Recife,Loja,7,Detergente,Limpeza,4,3.9,2.0,0.05,14.82,8.0,6.82
2515,987,2025-04-01,4,1,Recife Centro,Recife,Loja,2,Arroz 5kg,Alimentos,5,27.5,18.3,0.0,137.5,91.5,46.0
2516,987,2025-04-01,4,1,Recife Centro,Recife,Loja,5,Suco 1L,Bebidas,3,8.5,5.2,0.0,25.5,15.6,9.9
2517,988,2025-01-28,1,1,Recife Centro,Recife,Online,6,Refrigerante 2L,Bebidas,3,11.9,7.0,0.05,33.91,21.0,12.91
2518,988,2025-01-28,1,1,Recife Centro,Recife,Online,5,Suco 1L,Bebidas,4,8.5,5.2,0.05,32.3,20.8,11.5
2519,988,2025-01-28,1,1,Recife Centro,Recife,Online,3,Feijão 1kg,Alimentos,5,9.9,6.1,0.15,42.07,30.5,11.58
2520,988,2025-01-28,1,1,Recife Centro,Recife,Online,2,Arroz 5kg,Alimentos,2,27.5,18.3,0.15,46.75,36.6,10.15
2521,989,2025-08-12,8,2,Boa Viagem,Recife,Online,1,Café 500g,Alimentos,5,18.9,10.2,0.1,85.05,51.0,34.05
2522,989,2025-08-12,8,2,Boa Viagem,Recife,Online,9,Papel higiênico,Higiene,2,15.9,8.7,0.0,31.8,17.4,14.4
2523,989,2025-08-12,8,2,Boa Viagem,Recife,Online,4,Leite 1L,Bebidas,3,5.5,3.7,0.0,16.5,11.1,5.4
2524,989,2025-08-12,8,2,Boa Viagem,Recife,Online,10,Shampoo,Higiene,2,19.9,11.3,0.05,37.81,22.6,15.21
2525,990,2025-03-17,3,2,Boa Viagem,Recife,Online,7,Detergente,Limpeza,3,3.9,2.0,0.1,10.53,6.0,4.53
2526,991,2025-01-02,1,2,Boa Viagem,Recife,Online,8,Sabão em pó,Limpeza,1,16.9,9.8,0.0,16.9,9.8,7.1
2527,991,2025-01-02,1,2,Boa Viagem,Recife,Online,2,Arroz 5kg,Alimentos,2,27.5,18.3,0.05,52.25,36.6,15.65
2528,992,2025-12-23,12,3,Olinda,Olinda,Online,4,Leite 1L,Bebidas,5,5.5,3.7,0.0,27.5,18.5,9.0
2529,992,2025-12-23,12,3,Olinda,Olinda,Online,6,Refrigerante 2L,Bebidas,3,11.9,7.0,0.0,35.7,21.0,14.7
2530,992,2025-12-23,12,3,Olinda,Olinda,Online,10,Shampoo,Higiene,1,19.9,11.3,0.0,19.9,11.3,8.6
2531,992,2025-12-23,12,3,Olinda,Olinda,Online,2,Arroz 5kg,Alimentos,3,27.5,18.3,0.1,74.25,54.9,19.35
2532,993,2025-03-05,3,3,Olinda,Olinda,Loja,7,Detergente,Limpeza,5,3.9,2.0,0.05,18.52,10.0,8.52
2533,993,2025-03-05,3,3,Olinda,Olinda,Loja,10,Shampoo,Higiene,5,19.9,11.3,0.0,99.5,56.5,43.0
2534,993,2025-03-05,3,3,Olinda,Olinda,Loja,6,Refrigerante 2L,Bebidas,1,11.9,7.0,0.0,11.9,7.0,4.9
2535,993,2025-03-05,3,3,Olinda,Olinda,Loja,3,Feijão 1kg,Alimentos,4,9.9,6.1,0.05,37.62,24.4,13.22
2536,994,2025-07-11,7,1,Recife Centro,Recife,Loja,9,Papel higiênico,Higiene,4,15.9,8.7,0.0,63.6,34.8,28.8
2537,994,2025-07-11,7,1,Recife Centro,Recife,Loja,7,Detergente,Limpeza,4,3.9,2.0,0.15,13.26,8.0,5.26
2538,995,2025-05-26,5,3,Olinda,Olinda,Loja,2,Arroz 5kg,Alimentos,1,27.5,18.3,0.0,27.5,18.3,9.2
2539,996,2025-11-29,11,1,Recife Centro,Recife,Loja,2,Arroz 5kg,Alimentos,4,27.5,18.3,0.1,99.0,73.2,25.8
2540,996,2025-11-29,11,1,Recife Centro,Recife,Loja,8,Sabão em pó,Limpeza,5,16.9,9.8,0.0,84.5,49.0,35.5
2541,996,2025-11-29,11,1,Recife Centro,Recife,Loja,10,Shampoo,Higiene,3,19.9,11.3,0.05,56.71,33.9,22.81
2542,996,2025-11-29,11,1,Recife Centro,Recife,Loja,6,Refrigerante 2L,Bebidas,2,11.9,7.0,0.0,23.8,14.0,9.8
2543,997,2025-08-21,8,3,Olinda,Olinda,Loja,8,Sabão em pó,Limpeza,3,16.9,9.8,0.05,48.16,29.4,18.76
2544,997,2025-08-21,8,3,Olinda,Olinda,Loja,2,Arroz 5kg,Alimentos,4,27.5,18.3,0.15,93.5,73.2,20.3
2545,998,2025-12-27,12,3,Olinda,Olinda,Loja,4,Leite 1L,Bebidas,3,5.5,3.7,0.15,14.03,11.1,2.92
2546,998,2025-12-27,12,3,Olinda,Olinda,Loja,9,Papel higiênico,Higiene,3,15.9,8.7,0.0,47.7,26.1,21.6
2547,998,2025-12-27,12,3,Olinda,Olinda,Loja,5,Suco 1L,Bebidas,4,8.5,5.2,0.15,28.9,20.8,8.1
2548,999,2025-05-04,5,1,Recife Centro,Recife,Online,1,Café 500g,Alimentos,3,18.9,10.2,0.1,51.03,30.6,20.43
2549,999,2025-05-04,5,1,Recife Centro,Recife,Online,10,Shampoo,Higiene,5,19.9,11.3,0.0,99.5,56.5,43.0
2550,999,2025-05-04,5,1,Recife Centro,Recife,Online,9,Papel higiênico,Higiene,3,15.9,8.7,0.0,47.7,26.1,21.6
2551,999,2025-05-04,5,1,Recife Centro,Recife,Online,2,Arroz 5kg,Alimentos,5,27.5,18.3,0.05,130.63,91.5,39.13
2552,1000,2025-05-04,5,3,Olinda,Olinda,Online,10,Shampoo,Higiene,1,19.9,11.3,0.1,17.91,11.3,6.61
2553,1000,2025-05-04,5,3,Olinda,Olinda,Online,7,Detergente,Limpeza,4,3.9,2.0,0.0,15.6,8.0,7.6
2554,1001,2025-11-22,11,2,Boa Viagem,Recife,Online,7,Detergente,Limpeza,5,3.9,2.0,0.0,19.5,10.0,9.5
2555,1001,2025-11-22,11,2,Boa Viagem,Recife,Online,6,Refrigerante 2L,Bebidas,4,11.9,7.0,0.0,47.6,28.0,19.6
2556,1002,2025-02-20,2,3,Olinda,Olinda,Online,10,Shampoo,Higiene,4,19.9,11.3,0.15,67.66,45.2,22.46
2557,1003,2025-05-14,5,3,Olinda,Olinda,Loja,4,Leite 1L,Bebidas,1,5.5,3.7,0.05,5.22,3.7,1.52
2558,1003,2025-05-14,5,3,Olinda,Olinda,Loja,2,Arroz 5kg,Alimentos,1,27.5,18.3,0.15,23.38,18.3,5.07
2559,1003,2025-05-14,5,3,Olinda,Olinda,Loja,9,Papel higiênico,Higiene,5,15.9,8.7,0.0,79.5,43.5,36.0
2560,1004,2025-01-15,1,3,Olinda,Olinda,Loja,10,Shampoo,Higiene,4,19.9,11.3,0.0,79.6,45.2,34.4
2561,1005,2025-03-08,3,2,Boa Viagem,Recife,Loja,3,Feijão 1kg,Alimentos,3,9.9,6.1,0.0,29.7,18.3,11.4
2562,1005,2025-03-08,3,2,Boa Viagem,Recife,Loja,4,Leite 1L,Bebidas,5,5.5,3.7,0.0,27.5,18.5,9.0
2563,1005,2025-03-08,3,2,Boa Viagem,Recife,Loja,9,Papel higiênico,Higiene,4,15.9,8.7,0.0,63.6,34.8,28.8
2564,1006,2025-12-04,12,1,Recife Centro,Recife,Loja,1,Café 500g,Alimentos,1,18.9,10.2,0.05,17.95,10.2,7.75
2565,1006,2025-12-04,12,1,Recife Centro,Recife,Loja,2,Arroz 5kg,Alimentos,5,27.5,18.3,0.0,137.5,91.5,46.0
2566,1007,2025-02-24,2,1,Recife Centro,Recife,Loja,2,Arroz 5kg,Alimentos,4,27.5,18.3,0.0,110.0,73.2,36.8
2567,1007,2025-02-24,2,1,Recife Centro,Recife,Loja,10,Shampoo,Higiene,2,19.9,11.3,0.05,37.81,22.6,15.21
2568,1008,2025-02-21,2,2,Boa Viagem,Recife,Online,2,Arroz 5kg,Alimentos,4,27.5,18.3,0.05,104.5,73.2,31.3
2569,1008,2025-02-21,2,2,Boa Viagem,Recife,Online,8,Sabão em pó,Limpeza,3,16.9,9.8,0.15,43.09,29.4,13.69
2570,1008,2025-02-21,2,2,Boa Viagem,Recife,Online,10,Shampoo,Higiene,4,19.9,11.3,0.0,79.6,45.2,34.4
2571,1008,2025-02-21,2,2,Boa Viagem,Recife,Online,9,Papel higiênico,Higiene,2,15.9,8.7,0.0,31.8,17.4,14.4
2572,1009,2025-01-06,1,1,Recife Centro,Recife,Loja,2,Arroz 5kg,Alimentos,3,27.5,18.3,0.0,82.5,54.9,27.6
2573,1010,2025-09-05,9,3,Olinda,Olinda,Loja,3,Feijão 1kg,Alimentos,5,9.9,6.1,0.15,42.07,30.5,11.58
2574,1011,2025-05-11,5,1,Recife Centro,Recife,Loja,9,Papel higiênico,Higiene,1,15.9,8.7,0.1,14.31,8.7,5.61
2575,1012,2025-09-20,9,1,Recife Centro,Recife,Loja,2,Arroz 5kg,Alimentos,3,27.5,18.3,0.0,82.5,54.9,27.6
2576,1012,2025-09-20,9,1,Recife Centro,Recife,Loja,4,Leite 1L,Bebidas,2,5.5,3.7,0.0,11.0,7.4,3.6
2577,1012,2025-09-20,9,1,Recife Centro,Recife,Loja,1,Café 500g,Alimentos,2,18.9,10.2,0.0,37.8,20.4,17.4
2578,1013,2025-05-21,5,2,Boa Viagem,Recife,Loja,6,Refrigerante 2L,Bebidas,5,11.9,7.0,0.15,50.57,35.0,15.58
2579,1014,2025-05-31,5,2,Boa Viagem,Recife,Loja,7,Detergente,Limpeza,3,3.9,2.0,0.0,11.7,6.0,5.7
2580,1014,2025-05-31,5,2,Boa Viagem,Recife,Loja,9,Papel higiênico,Higiene,2,15.9,8.7,0.15,27.03,17.4,9.63
2581,1014,2025-05-31,5,2,Boa Viagem,Recife,Loja,10,Shampoo,Higiene,3,19.9,11.3,0.05,56.71,33.9,22.81
2582,1014,2025-05-31,5,2,Boa Viagem,Recife,Loja,2,Arroz 5kg,Alimentos,1,27.5,18.3,0.1,24.75,18.3,6.45
2583,1015,2025-10-28,10,2,Boa Viagem,Recife,Loja,8,Sabão em pó,Limpeza,4,16.9,9.8,0.05,64.22,39.2,25.02
2584,1015,2025-10-28,10,2,Boa Viagem,Recife,Loja,7,Detergente,Limpeza,5,3.9,2.0,0.15,16.57,10.0,6.57
2585,1016,2025-05-20,5,2,Boa Viagem,Recife,Loja,7,Detergente,Limpeza,1,3.9,2.0,0.05,3.7,2.0,1.7
2586,1016,2025-05-20,5,2,Boa Viagem,Recife,Loja,4,Leite 1L,Bebidas,2,5.5,3.7,0.0,11.0,7.4,3.6
2587,1016,2025-05-20,5,2,Boa Viagem,Recife,Loja,6,Refrigerante 2L,Bebidas,5,11.9,7.0,0.0,59.5,35.0,24.5
2588,1016,2025-05-20,5,2,Boa Viagem,Recife,Loja,3,Feijão 1kg,Alimentos,5,9.9,6.1,0.05,47.02,30.5,16.52
2589,1017,2025-05-31,5,3,Olinda,Olinda,Online,7,Detergente,Limpeza,2,3.9,2.0,0.0,7.8,4.0,3.8
2590,1017,2025-05-31,5,3,Olinda,Olinda,Online,1,Café 500g,Alimentos,4,18.9,10.2,0.0,75.6,40.8,34.8
2591,1017,2025-05-31,5,3,Olinda,Olinda,Online,2,Arroz 5kg,Alimentos,3,27.5,18.3,0.0,82.5,54.9,27.6
2592,1018,2025-02-07,2,1,Recife Centro,Recife,Loja,3,Feijão 1kg,Alimentos,1,9.9,6.1,0.0,9.9,6.1,3.8
2593,1018,2025-02-07,2,1,Recife Centro,Recife,Loja,6,Refrigerante 2L,Bebidas,1,11.9,7.0,0.15,10.12,7.0,3.12
2594,1018,2025-02-07,2,1,Recife Centro,Recife,Loja,2,Arroz 5kg,Alimentos,3,27.5,18.3,0.0,82.5,54.9,27.6
2595,1019,2025-08-27,8,3,Olinda,Olinda,Online,9,Papel higiênico,Higiene,4,15.9,8.7,0.0,63.6,34.8,28.8
2596,1019,2025-08-27,8,3,Olinda,Olinda,Online,2,Arroz 5kg,Alimentos,5,27.5,18.3,0.0,137.5,91.5,46.0
2597,1020,2025-09-27,9,1,Recife Centro,Recife,Loja,10,Shampoo,Higiene,4,19.9,11.3,0.0,79.6,45.2,34.4
2598,1020,2025-09-27,9,1,Recife Centro,Recife,Loja,2,Arroz 5kg,Alimentos,3,27.5,18.3,0.0,82.5,54.9,27.6
2599,1020,2025-09-27,9,1,Recife Centro,Recife,Loja,7,Detergente,Limpeza,2,3.9,2.0,0.0,7.8,4.0,3.8
2600,1021,2025-09-10,9,2,Boa Viagem,Recife,Loja,7,Detergente,Limpeza,4,3.9,2.0,0.0,15.6,8.0,7.6
2601,1021,2025-09-10,9,2,Boa Viagem,Recife,Loja,2,Arroz 5kg,Alimentos,5,27.5,18.3,0.0,137.5,91.5,46.0
2602,1021,2025-09-10,9,2,Boa Viagem,Recife,Loja,9,Papel higiênico,Higiene,5,15.9,8.7,0.05,75.52,43.5,32.03
2603,1022,2025-05-02,5,3,Olinda,Olinda,Loja,10,Shampoo,Higiene,1,19.9,11.3,0.05,18.9,11.3,7.6
2604,1023,2025-05-26,5,1,Recife Centro,Recife,Online,1,Café 500g,Alimentos,1,18.9,10.2,0.0,18.9,10.2,8.7
2605,1023,2025-05-26,5,1,Recife Centro,Recife,Online,9,Papel higiênico,Higiene,4,15.9,8.7,0.0,63.6,34.8,28.8
2606,1023,2025-05-26,5,1,Recife Centro,Recife,Online,10,Shampoo,Higiene,4,19.9,11.3,0.15,67.66,45.2,22.46
2607,1023,2025-05-26,5,1,Recife Centro,Recife,Online,3,Feijão 1kg,Alimentos,3,9.9,6.1,0.0,29.7,18.3,11.4
2608,1024,2025-06-12,6,2,Boa Viagem,Recife,Loja,8,Sabão em pó,Limpeza,3,16.9,9.8,0.15,43.09,29.4,13.69
2609,1024,2025-06-12,6,2,Boa Viagem,Recife,Loja,1,Café 500g,Alimentos,4,18.9,10.2,0.05,71.82,40.8,31.02
2610,1024,2025-06-12,6,2,Boa Viagem,Recife,Loja,7,Detergente,Limpeza,1,3.9,2.0,0.0,3.9,2.0,1.9
2611,1025,2025-11-13,11,1,Recife Centro,Recife,Loja,1,Café 500g,Alimentos,2,18.9,10.2,0.0,37.8,20.4,17.4
2612,1026,2025-06-15,6,3,Olinda,Olinda,Loja,3,Feijão 1kg,Alimentos,2,9.9,6.1,0.15,16.83,12.2,4.63
2613,1026,2025-06-15,6,3,Olinda,Olinda,Loja,2,Arroz 5kg,Alimentos,3,27.5,18.3,0.1,74.25,54.9,19.35
2614,1027,2025-01-03,1,3,Olinda,Olinda,Online,1,Café 500g,Alimentos,3,18.9,10.2,0.0,56.7,30.6,26.1
2615,1027,2025-01-03,1,3,Olinda,Olinda,Online,2,Arroz 5kg,Alimentos,3,27.5,18.3,0.0,82.5,54.9,27.6
2616,1027,2025-01-03,1,3,Olinda,Olinda,Online,10,Shampoo,Higiene,5,19.9,11.3,0.05,94.52,56.5,38.02
2617,1028,2025-05-19,5,3,Olinda,Olinda,Loja,10,Shampoo,Higiene,1,19.9,11.3,0.0,19.9,11.3,8.6
2618,1028,2025-05-19,5,3,Olinda,Olinda,Loja,8,Sabão em pó,Limpeza,3,16.9,9.8,0.0,50.7,29.4,21.3
2619,1029,2025-10-27,10,2,Boa Viagem,Recife,Loja,9,Papel higiênico,Higiene,5,15.9,8.7,0.0,79.5,43.5,36.0
2620,1030,2025-10-23,10,2,Boa Viagem,Recife,Loja,6,Refrigerante 2L,Bebidas,1,11.9,7.0,0.0,11.9,7.0,4.9
2621,1030,2025-10-23,10,2,Boa Viagem,Recife,Loja,8,Sabão em pó,Limpeza,3,16.9,9.8,0.15,43.09,29.4,13.69
2622,1030,2025-10-23,10,2,Boa Viagem,Recife,Loja,4,Leite 1L,Bebidas,1,5.5,3.7,0.0,5.5,3.7,1.8
2623,1031,2025-10-13,10,1,Recife Centro,Recife,Loja,2,Arroz 5kg,Alimentos,4,27.5,18.3,0.0,110.0,73.2,36.8
2624,1031,2025-10-13,10,1,Recife Centro,Recife,Loja,10,Shampoo,Higiene,2,19.9,11.3,0.0,39.8,22.6,17.2
2625,1032,2025-12-10,12,1,Recife Centro,Recife,Loja,4,Leite 1L,Bebidas,2,5.5,3.7,0.1,9.9,7.4,2.5
2626,1032,2025-12-10,12,1,Recife Centro,Recife,Loja,8,Sabão em pó,Limpeza,5,16.9,9.8,0.1,76.05,49.0,27.05
2627,1032,2025-12-10,12,1,Recife Centro,Recife,Loja,2,Arroz 5kg,Alimentos,3,27.5,18.3,0.0,82.5,54.9,27.6
2628,1032,2025-12-10,12,1,Recife Centro,Recife,Loja,3,Feijão 1kg,Alimentos,4,9.9,6.1,0.15,33.66,24.4,9.26
2629,1033,2025-03-20,3,3,Olinda,Olinda,Loja,4,Leite 1L,Bebidas,4,5.5,3.7,0.05,20.9,14.8,6.1
2630,1033,2025-03-20,3,3,Olinda,Olinda,Loja,6,Refrigerante 2L,Bebidas,5,11.9,7.0,0.1,53.55,35.0,18.55
2631,1034,2025-04-14,4,2,Boa Viagem,Recife,Loja,7,Detergente,Limpeza,5,3.9,2.0,0.15,16.57,10.0,6.57
2632,1034,2025-04-14,4,2,Boa Viagem,Recife,Loja,3,Feijão 1kg,Alimentos,1,9.9,6.1,0.0,9.9,6.1,3.8
2633,1034,2025-04-14,4,2,Boa Viagem,Recife,Loja,5,Suco 1L,Bebidas,4,8.5,5.2,0.0,34.0,20.8,13.2
2634,1035,2025-02-26,2,1,Recife Centro,Recife,Loja,3,Feijão 1kg,Alimentos,5,9.9,6.1,0.05,47.02,30.5,16.52
2635,1035,2025-02-26,2,1,Recife Centro,Recife,Loja,5,Suco 1L,Bebidas,3,8.5,5.2,0.0,25.5,15.6,9.9
2636,1035,2025-02-26,2,1,Recife Centro,Recife,Loja,1,Café 500g,Alimentos,1,18.9,10.2,0.1,17.01,10.2,6.81
2637,1035,2025-02-26,2,1,Recife Centro,Recife,Loja,4,Leite 1L,Bebidas,1,5.5,3.7,0.0,5.5,3.7,1.8
2638,1036,2025-08-09,8,1,Recife Centro,Recife,Loja,9,Papel higiênico,Higiene,3,15.9,8.7,0.0,47.7,26.1,21.6
2639,1036,2025-08-09,8,1,Recife Centro,Recife,Loja,6,Refrigerante 2L,Bebidas,1,11.9,7.0,0.0,11.9,7.0,4.9
2640,1036,2025-08-09,8,1,Recife Centro,Recife,Loja,1,Café 500g,Alimentos,4,18.9,10.2,0.15,64.26,40.8,23.46
2641,1036,2025-08-09,8,1,Recife Centro,Recife,Loja,4,Leite 1L,Bebidas,4,5.5,3.7,0.0,22.0,14.8,7.2
2642,1037,2025-05-31,5,1,Recife Centro,Recife,Loja,9,Papel higiênico,Higiene,1,15.9,8.7,0.15,13.52,8.7,4.82
2643,1037,2025-05-31,5,1,Recife Centro,Recife,Loja,8,Sabão em pó,Limpeza,1,16.9,9.8,0.15,14.36,9.8,4.56
2644,1037,2025-05-31,5,1,Recife Centro,Recife,Loja,7,Detergente,Limpeza,2,3.9,2.0,0.0,7.8,4.0,3.8
2645,1038,2025-04-23,4,1,Recife Centro,Recife,Loja,10,Shampoo,Higiene,3,19.9,11.3,0.0,59.7,33.9,25.8
2646,1039,2025-02-03,2,3,Olinda,Olinda,Loja,10,Shampoo,Higiene,4,19.9,11.3,0.05,75.62,45.2,30.42
2647,1039,2025-02-03,2,3,Olinda,Olinda,Loja,7,Detergente,Limpeza,1,3.9,2.0,0.0,3.9,2.0,1.9
2648,1040,2025-12-21,12,2,Boa Viagem,Recife,Loja,4,Leite 1L,Bebidas,3,5.5,3.7,0.15,14.03,11.1,2.92
2649,1040,2025-12-21,12,2,Boa Viagem,Recife,Loja,6,Refrigerante 2L,Bebidas,5,11.9,7.0,0.0,59.5,35.0,24.5
2650,1041,2025-01-02,1,1,Recife Centro,Recife,Loja,5,Suco 1L,Bebidas,1,8.5,5.2,0.0,8.5,5.2,3.3
2651,1041,2025-01-02,1,1,Recife Centro,Recife,Loja,4,Leite 1L,Bebidas,2,5.5,3.7,0.0,11.0,7.4,3.6
2652,1041,2025-01-02,1,1,Recife Centro,Recife,Loja,3,Feijão 1kg,Alimentos,4,9.9,6.1,0.0,39.6,24.4,15.2
2653,1041,2025-01-02,1,1,Recife Centro,Recife,Loja,8,Sabão em pó,Limpeza,1,16.9,9.8,0.15,14.36,9.8,4.56
2654,1042,2025-08-31,8,2,Boa Viagem,Recife,Loja,5,Suco 1L,Bebidas,2,8.5,5.2,0.15,14.45,10.4,4.05
2655,1042,2025-08-31,8,2,Boa Viagem,Recife,Loja,2,Arroz 5kg,Alimentos,1,27.5,18.3,0.1,24.75,18.3,6.45
2656,1043,2025-06-30,6,2,Boa Viagem,Recife,Loja,4,Leite 1L,Bebidas,1,5.5,3.7,0.1,4.95,3.7,1.25
2657,1043,2025-06-30,6,2,Boa Viagem,Recife,Loja,8,Sabão em pó,Limpeza,3,16.9,9.8,0.0,50.7,29.4,21.3
2658,1043,2025-06-30,6,2,Boa Viagem,Recife,Loja,2,Arroz 5kg,Alimentos,5,27.5,18.3,0.1,123.75,91.5,32.25
2659,1043,2025-06-30,6,2,Boa Viagem,Recife,Loja,1,Café 500g,Alimentos,2,18.9,10.2,0.0,37.8,20.4,17.4
2660,1044,2025-02-18,2,1,Recife Centro,Recife,Loja,8,Sabão em pó,Limpeza,5,16.9,9.8,0.0,84.5,49.0,35.5
2661,1044,2025-02-18,2,1,Recife Centro,Recife,Loja,10,Shampoo,Higiene,4,19.9,11.3,0.0,79.6,45.2,34.4
2662,1044,2025-02-18,2,1,Recife Centro,Recife,Loja,6,Refrigerante 2L,Bebidas,3,11.9,7.0,0.05,33.91,21.0,12.91
2663,1045,2025-01-07,1,2,Boa Viagem,Recife,Loja,9,Papel higiênico,Higiene,3,15.9,8.7,0.15,40.55,26.1,14.45
2664,1045,2025-01-07,1,2,Boa Viagem,Recife,Loja,8,Sabão em pó,Limpeza,5,16.9,9.8,0.15,71.83,49.0,22.82
2665,1045,2025-01-07,1,2,Boa Viagem,Recife,Loja,2,Arroz 5kg,Alimentos,1,27.5,18.3,0.0,27.5,18.3,9.2
2666,1046,2025-07-30,7,1,Recife Centro,Recife,Loja,6,Refrigerante 2L,Bebidas,1,11.9,7.0,0.0,11.9,7.0,4.9
2667,1046,2025-07-30,7,1,Recife Centro,Recife,Loja,8,Sabão em pó,Limpeza,5,16.9,9.8,0.15,71.83,49.0,22.82
2668,1047,2025-12-23,12,2,Boa Viagem,Recife,Loja,4,Leite 1L,Bebidas,4,5.5,3.7,0.15,18.7,14.8,3.9
2669,1048,2025-02-25,2,2,Boa Viagem,Recife,Online,9,Papel higiênico,Higiene,3,15.9,8.7,0.0,47.7,26.1,21.6
2670,1048,2025-02-25,2,2,Boa Viagem,Recife,Online,3,Feijão 1kg,Alimentos,4,9.9,6.1,0.1,35.64,24.4,11.24
2671,1048,2025-02-25,2,2,Boa Viagem,Recife,Online,5,Suco 1L,Bebidas,4,8.5,5.2,0.0,34.0,20.8,13.2
2672,1048,2025-02-25,2,2,Boa Viagem,Recife,Online,6,Refrigerante 2L,Bebidas,3,11.9,7.0,0.0,35.7,21.0,14.7
2673,1049,2025-01-22,1,3,Olinda,Olinda,Loja,10,Shampoo,Higiene,4,19.9,11.3,0.1,71.64,45.2,26.44
2674,1049,2025-01-22,1,3,Olinda,Olinda,Loja,2,Arroz 5kg,Alimentos,3,27.5,18.3,0.0,82.5,54.9,27.6
2675,1049,2025-01-22,1,3,Olinda,Olinda,Loja,7,Detergente,Limpeza,1,3.9,2.0,0.0,3.9,2.0,1.9
2676,1050,2025-09-13,9,3,Olinda,Olinda,Loja,9,Papel higiênico,Higiene,5,15.9,8.7,0.1,71.55,43.5,28.05
2677,1050,2025-09-13,9,3,Olinda,Olinda,Loja,5,Suco 1L,Bebidas,2,8.5,5.2,0.0,17.0,10.4,6.6
2678,1051,2025-09-07,9,2,Boa Viagem,Recife,Loja,1,Café 500g,Alimentos,2,18.9,10.2,0.0,37.8,20.4,17.4
2679,1051,2025-09-07,9,2,Boa Viagem,Recife,Loja,8,Sabão em pó,Limpeza,5,16.9,9.8,0.0,84.5,49.0,35.5
2680,1051,2025-09-07,9,2,Boa Viagem,Recife,Loja,10,Shampoo,Higiene,1,19.9,11.3,0.05,18.9,11.3,7.6
2681,1052,2025-06-06,6,1,Recife Centro,Recife,Loja,1,Café 500g,Alimentos,3,18.9,10.2,0.0,56.7,30.6,26.1
2682,1053,2025-06-29,6,2,Boa Viagem,Recife,Online,2,Arroz 5kg,Alimentos,2,27.5,18.3,0.15,46.75,36.6,10.15
2683,1053,2025-06-29,6,2,Boa Viagem,Recife,Online,5,Suco 1L,Bebidas,2,8.5,5.2,0.05,16.15,10.4,5.75
2684,1054,2025-10-27,10,1,Recife Centro,Recife,Loja,8,Sabão em pó,Limpeza,3,16.9,9.8,0.0,50.7,29.4,21.3
2685,1055,2025-12-14,12,3,Olinda,Olinda,Loja,2,Arroz 5kg,Alimentos,3,27.5,18.3,0.0,82.5,54.9,27.6
2686,1055,2025-12-14,12,3,Olinda,Olinda,Loja,5,Suco 1L,Bebidas,5,8.5,5.2,0.05,40.38,26.0,14.37
2687,1055,2025-12-14,12,3,Olinda,Olinda,Loja,9,Papel higiênico,Higiene,3,15.9,8.7,0.1,42.93,26.1,16.83
2688,1055,2025-12-14,12,3,Olinda,Olinda,Loja,8,Sabão em pó,Limpeza,2,16.9,9.8,0.15,28.73,19.6,9.13
2689,1056,2025-04-13,4,2,Boa Viagem,Recife,Loja,5,Suco 1L,Bebidas,1,8.5,5.2,0.0,8.5,5.2,3.3
2690,1056,2025-04-13,4,2,Boa Viagem,Recife,Loja,10,Shampoo,Higiene,5,19.9,11.3,0.15,84.58,56.5,28.07
2691,1057,2025-08-25,8,3,Olinda,Olinda,Loja,2,Arroz 5kg,Alimentos,3,27.5,18.3,0.1,74.25,54.9,19.35
2692,1057,2025-08-25,8,3,Olinda,Olinda,Loja,3,Feijão 1kg,Alimentos,3,9.9,6.1,0.05,28.21,18.3,9.91
2693,1057,2025-08-25,8,3,Olinda,Olinda,Loja,8,Sabão em pó,Limpeza,3,16.9,9.8,0.05,48.16,29.4,18.76
2694,1057,2025-08-25,8,3,Olinda,Olinda,Loja,6,Refrigerante 2L,Bebidas,4,11.9,7.0,0.05,45.22,28.0,17.22
2695,1058,2025-07-30,7,2,Boa Viagem,Recife,Loja,7,Detergente,Limpeza,1,3.9,2.0,0.0,3.9,2.0,1.9
2696,1059,2025-11-11,11,2,Boa Viagem,Recife,Online,3,Feijão 1kg,Alimentos,1,9.9,6.1,0.05,9.4,6.1,3.3
2697,1059,2025-11-11,11,2,Boa Viagem,Recife,Online,9,Papel higiênico,Higiene,2,15.9,8.7,0.05,30.21,17.4,12.81
2698,1059,2025-11-11,11,2,Boa Viagem,Recife,Online,5,Suco 1L,Bebidas,1,8.5,5.2,0.05,8.07,5.2,2.87
2699,1060,2025-09-23,9,2,Boa Viagem,Recife,Online,1,Café 500g,Alimentos,3,18.9,10.2,0.15,48.19,30.6,17.59
2700,1061,2025-02-24,2,2,Boa Viagem,Recife,Loja,10,Shampoo,Higiene,1,19.9,11.3,0.0,19.9,11.3,8.6
2701,1061,2025-02-24,2,2,Boa Viagem,Recife,Loja,8,Sabão em pó,Limpeza,5,16.9,9.8,0.15,71.83,49.0,22.82
2702,1061,2025-02-24,2,2,Boa Viagem,Recife,Loja,6,Refrigerante 2L,Bebidas,5,11.9,7.0,0.15,50.57,35.0,15.58
2703,1062,2025-01-28,1,3,Olinda,Olinda,Loja,9,Papel higiênico,Higiene,2,15.9,8.7,0.0,31.8,17.4,14.4
2704,1062,2025-01-28,1,3,Olinda,Olinda,Loja,8,Sabão em pó,Limpeza,2,16.9,9.8,0.0,33.8,19.6,14.2
2705,1063,2025-11-18,11,2,Boa Viagem,Recife,Loja,8,Sabão em pó,Limpeza,5,16.9,9.8,0.15,71.83,49.0,22.82
2706,1064,2025-04-13,4,1,Recife Centro,Recife,Loja,10,Shampoo,Higiene,5,19.9,11.3,0.0,99.5,56.5,43.0
2707,1064,2025-04-13,4,1,Recife Centro,Recife,Loja,2,Arroz 5kg,Alimentos,2,27.5,18.3,0.0,55.0,36.6,18.4
2708,1065,2025-02-23,2,2,Boa Viagem,Recife,Loja,7,Detergente,Limpeza,4,3.9,2.0,0.05,14.82,8.0,6.82
2709,1065,2025-02-23,2,2,Boa Viagem,Recife,Loja,1,Café 500g,Alimentos,2,18.9,10.2,0.0,37.8,20.4,17.4
2710,1065,2025-02-23,2,2,Boa Viagem,Recife,Loja,2,Arroz 5kg,Alimentos,5,27.5,18.3,0.0,137.5,91.5,46.0
2711,1065,2025-02-23,2,2,Boa Viagem,Recife,Loja,3,Feijão 1kg,Alimentos,5,9.9,6.1,0.15,42.07,30.5,11.58
2712,1066,2025-08-13,8,3,Olinda,Olinda,Loja,3,Feijão 1kg,Alimentos,2,9.9,6.1,0.0,19.8,12.2,7.6
2713,1066,2025-08-13,8,3,Olinda,Olinda,Loja,1,Café 500g,Alimentos,5,18.9,10.2,0.15,80.33,51.0,29.32
2714,1066,2025-08-13,8,3,Olinda,Olinda,Loja,10,Shampoo,Higiene,5,19.9,11.3,0.0,99.5,56.5,43.0
2715,1066,2025-08-13,8,3,Olinda,Olinda,Loja,2,Arroz 5kg,Alimentos,4,27.5,18.3,0.05,104.5,73.2,31.3
2716,1067,2025-05-29,5,2,Boa Viagem,Recife,Loja,6,Refrigerante 2L,Bebidas,1,11.9,7.0,0.05,11.3,7.0,4.3
2717,1067,2025-05-29,5,2,Boa Viagem,Recife,Loja,5,Suco 1L,Bebidas,4,8.5,5.2,0.05,32.3,20.8,11.5
2718,1067,2025-05-29,5,2,Boa Viagem,Recife,Loja,7,Detergente,Limpeza,2,3.9,2.0,0.0,7.8,4.0,3.8
2719,1067,2025-05-29,5,2,Boa Viagem,Recife,Loja,4,Leite 1L,Bebidas,3,5.5,3.7,0.05,15.67,11.1,4.57
2720,1068,2025-03-03,3,3,Olinda,Olinda,Loja,1,Café 500g,Alimentos,3,18.9,10.2,0.0,56.7,30.6,26.1
2721,1068,2025-03-03,3,3,Olinda,Olinda,Loja,8,Sabão em pó,Limpeza,4,16.9,9.8,0.15,57.46,39.2,18.26
2722,1068,2025-03-03,3,3,Olinda,Olinda,Loja,10,Shampoo,Higiene,4,19.9,11.3,0.0,79.6,45.2,34.4
2723,1069,2025-01-05,1,1,Recife Centro,Recife,Loja,6,Refrigerante 2L,Bebidas,4,11.9,7.0,0.1,42.84,28.0,14.84
2724,1069,2025-01-05,1,1,Recife Centro,Recife,Loja,9,Papel higiênico,Higiene,1,15.9,8.7,0.0,15.9,8.7,7.2
2725,1070,2025-12-02,12,1,Recife Centro,Recife,Loja,8,Sabão em pó,Limpeza,3,16.9,9.8,0.05,48.16,29.4,18.76
2726,1070,2025-12-02,12,1,Recife Centro,Recife,Loja,3,Feijão 1kg,Alimentos,1,9.9,6.1,0.15,8.42,6.1,2.32
2727,1070,2025-12-02,12,1,Recife Centro,Recife,Loja,5,Suco 1L,Bebidas,4,8.5,5.2,0.05,32.3,20.8,11.5
2728,1071,2025-08-30,8,3,Olinda,Olinda,Loja,3,Feijão 1kg,Alimentos,5,9.9,6.1,0.1,44.55,30.5,14.05
2729,1071,2025-08-30,8,3,Olinda,Olinda,Loja,6,Refrigerante 2L,Bebidas,4,11.9,7.0,0.0,47.6,28.0,19.6
2730,1071,2025-08-30,8,3,Olinda,Olinda,Loja,9,Papel higiênico,Higiene,1,15.9,8.7,0.0,15.9,8.7,7.2
2731,1072,2025-03-23,3,1,Recife Centro,Recife,Loja,8,Sabão em pó,Limpeza,4,16.9,9.8,0.0,67.6,39.2,28.4
2732,1073,2025-04-29,4,3,Olinda,Olinda,Online,3,Feijão 1kg,Alimentos,4,9.9,6.1,0.05,37.62,24.4,13.22
2733,1074,2025-02-02,2,1,Recife Centro,Recife,Loja,1,Café 500g,Alimentos,1,18.9,10.2,0.05,17.95,10.2,7.75
2734,1075,2025-07-11,7,3,Olinda,Olinda,Loja,3,Feijão 1kg,Alimentos,3,9.9,6.1,0.0,29.7,18.3,11.4
2735,1076,2025-12-24,12,2,Boa Viagem,Recife,Loja,4,Leite 1L,Bebidas,4,5.5,3.7,0.05,20.9,14.8,6.1
2736,1076,2025-12-24,12,2,Boa Viagem,Recife,Loja,5,Suco 1L,Bebidas,3,8.5,5.2,0.0,25.5,15.6,9.9
2737,1077,2025-04-14,4,3,Olinda,Olinda,Loja,2,Arroz 5kg,Alimentos,1,27.5,18.3,0.0,27.5,18.3,9.2
2738,1077,2025-04-14,4,3,Olinda,Olinda,Loja,1,Café 500g,Alimentos,1,18.9,10.2,0.0,18.9,10.2,8.7
2739,1078,2025-01-03,1,2,Boa Viagem,Recife,Online,6,Refrigerante 2L,Bebidas,2,11.9,7.0,0.15,20.23,14.0,6.23
2740,1079,2025-11-25,11,3,Olinda,Olinda,Loja,10,Shampoo,Higiene,5,19.9,11.3,0.0,99.5,56.5,43.0
2741,1079,2025-11-25,11,3,Olinda,Olinda,Loja,8,Sabão em pó,Limpeza,3,16.9,9.8,0.1,45.63,29.4,16.23
2742,1080,2025-10-14,10,1,Recife Centro,Recife,Online,7,Detergente,Limpeza,1,3.9,2.0,0.0,3.9,2.0,1.9
2743,1080,2025-10-14,10,1,Recife Centro,Recife,Online,10,Shampoo,Higiene,5,19.9,11.3,0.0,99.5,56.5,43.0
2744,1080,2025-10-14,10,1,Recife Centro,Recife,Online,2,Arroz 5kg,Alimentos,1,27.5,18.3,0.0,27.5,18.3,9.2
2745,1080,2025-10-14,10,1,Recife Centro,Recife,Online,5,Suco 1L,Bebidas,4,8.5,5.2,0.0,34.0,20.8,13.2
2746,1081,2025-01-27,1,3,Olinda,Olinda,Loja,4,Leite 1L,Bebidas,3,5.5,3.7,0.0,16.5,11.1,5.4
2747,1082,2025-07-19,7,3,Olinda,Olinda,Loja,5,Suco 1L,Bebidas,5,8.5,5.2,0.1,38.25,26.0,12.25
2748,1082,2025-07-19,7,3,Olinda,Olinda,Loja,2,Arroz 5kg,Alimentos,2,27.5,18.3,0.1,49.5,36.6,12.9
2749,1083,2025-11-09,11,3,Olinda,Olinda,Loja,9,Papel higiênico,Higiene,1,15.9,8.7,0.1,14.31,8.7,5.61
2750,1084,2025-08-30,8,2,Boa Viagem,Recife,Loja,6,Refrigerante 2L,Bebidas,4,11.9,7.0,0.0,47.6,28.0,19.6
2751,1085,2025-04-13,4,2,Boa Viagem,Recife,Online,3,Feijão 1kg,Alimentos,2,9.9,6.1,0.1,17.82,12.2,5.62
2752,1086,2025-06-18,6,3,Olinda,Olinda,Online,4,Leite 1L,Bebidas,4,5.5,3.7,0.0,22.0,14.8,7.2
2753,1087,2025-10-16,10,3,Olinda,Olinda,Loja,6,Refrigerante 2L,Bebidas,1,11.9,7.0,0.05,11.3,7.0,4.3
2754,1088,2025-11-03,11,3,Olinda,Olinda,Loja,9,Papel higiênico,Higiene,4,15.9,8.7,0.0,63.6,34.8,28.8
2755,1089,2025-05-19,5,3,Olinda,Olinda,Loja,8,Sabão em pó,Limpeza,5,16.9,9.8,0.0,84.5,49.0,35.5
2756,1090,2025-11-29,11,2,Boa Viagem,Recife,Loja,4,Leite 1L,Bebidas,1,5.5,3.7,0.0,5.5,3.7,1.8
2757,1090,2025-11-29,11,2,Boa Viagem,Recife,Loja,1,Café 500g,Alimentos,5,18.9,10.2,0.1,85.05,51.0,34.05
2758,1090,2025-11-29,11,2,Boa Viagem,Recife,Loja,9,Papel higiênico,Higiene,4,15.9,8.7,0.15,54.06,34.8,19.26
2759,1091,2025-12-17,12,3,Olinda,Olinda,Loja,1,Café 500g,Alimentos,2,18.9,10.2,0.05,35.91,20.4,15.51
2760,1091,2025-12-17,12,3,Olinda,Olinda,Loja,7,Detergente,Limpeza,4,3.9,2.0,0.1,14.04,8.0,6.04
2761,1091,2025-12-17,12,3,Olinda,Olinda,Loja,9,Papel higiênico,Higiene,2,15.9,8.7,0.0,31.8,17.4,14.4
2762,1091,2025-12-17,12,3,Olinda,Olinda,Loja,6,Refrigerante 2L,Bebidas,4,11.9,7.0,0.0,47.6,28.0,19.6
2763,1092,2025-11-12,11,2,Boa Viagem,Recife,Loja,7,Detergente,Limpeza,2,3.9,2.0,0.0,7.8,4.0,3.8
2764,1092,2025-11-12,11,2,Boa Viagem,Recife,Loja,1,Café 500g,Alimentos,5,18.9,10.2,0.0,94.5,51.0,43.5
2765,1092,2025-11-12,11,2,Boa Viagem,Recife,Loja,4,Leite 1L,Bebidas,2,5.5,3.7,0.05,10.45,7.4,3.05
2766,1093,2025-10-02,10,3,Olinda,Olinda,Loja,4,Leite 1L,Bebidas,1,5.5,3.7,0.0,5.5,3.7,1.8
2767,1094,2025-01-30,1,1,Recife Centro,Recife,Loja,1,Café 500g,Alimentos,5,18.9,10.2,0.15,80.33,51.0,29.32
2768,1094,2025-01-30,1,1,Recife Centro,Recife,Loja,6,Refrigerante 2L,Bebidas,2,11.9,7.0,0.0,23.8,14.0,9.8
2769,1094,2025-01-30,1,1,Recife Centro,Recife,Loja,9,Papel higiênico,Higiene,2,15.9,8.7,0.1,28.62,17.4,11.22
2770,1095,2025-07-23,7,2,Boa Viagem,Recife,Loja,2,Arroz 5kg,Alimentos,3,27.5,18.3,0.1,74.25,54.9,19.35
2771,1096,2025-04-16,4,2,Boa Viagem,Recife,Loja,4,Leite 1L,Bebidas,3,5.5,3.7,0.1,14.85,11.1,3.75
2772,1096,2025-04-16,4,2,Boa Viagem,Recife,Loja,8,Sabão em pó,Limpeza,3,16.9,9.8,0.15,43.09,29.4,13.69
2773,1096,2025-04-16,4,2,Boa Viagem,Recife,Loja,5,Suco 1L,Bebidas,2,8.5,5.2,0.1,15.3,10.4,4.9
2774,1097,2025-05-17,5,2,Boa Viagem,Recife,Loja,1,Café 500g,Alimentos,3,18.9,10.2,0.05,53.86,30.6,23.26
2775,1098,2025-12-28,12,3,Olinda,Olinda,Loja,4,Leite 1L,Bebidas,2,5.5,3.7,0.1,9.9,7.4,2.5
2776,1099,2025-04-29,4,2,Boa Viagem,Recife,Loja,2,Arroz 5kg,Alimentos,2,27.5,18.3,0.0,55.0,36.6,18.4
2777,1099,2025-04-29,4,2,Boa Viagem,Recife,Loja,6,Refrigerante 2L,Bebidas,2,11.9,7.0,0.15,20.23,14.0,6.23
2778,1100,2025-08-14,8,3,Olinda,Olinda,Online,1,Café 500g,Alimentos,4,18.9,10.2,0.0,75.6,40.8,34.8
2779,1101,2025-05-19,5,2,Boa Viagem,Recife,Loja,2,Arroz 5kg,Alimentos,5,27.5,18.3,0.05,130.63,91.5,39.13
2780,1101,2025-05-19,5,2,Boa Viagem,Recife,Loja,1,Café 500g,Alimentos,4,18.9,10.2,0.0,75.6,40.8,34.8
2781,1101,2025-05-19,5,2,Boa Viagem,Recife,Loja,5,Suco 1L,Bebidas,4,8.5,5.2,0.05,32.3,20.8,11.5
2782,1102,2025-08-16,8,1,Recife Centro,Recife,Loja,3,Feijão 1kg,Alimentos,3,9.9,6.1,0.0,29.7,18.3,11.4
2783,1102,2025-08-16,8,1,Recife Centro,Recife,Loja,7,Detergente,Limpeza,5,3.9,2.0,0.0,19.5,10.0,9.5
2784,1102,2025-08-16,8,1,Recife Centro,Recife,Loja,1,Café 500g,Alimentos,1,18.9,10.2,0.1,17.01,10.2,6.81
2785,1102,2025-08-16,8,1,Recife Centro,Recife,Loja,6,Refrigerante 2L,Bebidas,3,11.9,7.0,0.0,35.7,21.0,14.7
2786,1103,2025-10-30,10,1,Recife Centro,Recife,Online,10,Shampoo,Higiene,1,19.9,11.3,0.0,19.9,11.3,8.6
2787,1103,2025-10-30,10,1,Recife Centro,Recife,Online,7,Detergente,Limpeza,5,3.9,2.0,0.05,18.52,10.0,8.52
2788,1103,2025-10-30,10,1,Recife Centro,Recife,Online,9,Papel higiênico,Higiene,3,15.9,8.7,0.1,42.93,26.1,16.83
2789,1104,2025-08-26,8,2,Boa Viagem,Recife,Loja,3,Feijão 1kg,Alimentos,2,9.9,6.1,0.0,19.8,12.2,7.6
2790,1104,2025-08-26,8,2,Boa Viagem,Recife,Loja,7,Detergente,Limpeza,1,3.9,2.0,0.0,3.9,2.0,1.9
2791,1104,2025-08-26,8,2,Boa Viagem,Recife,Loja,8,Sabão em pó,Limpeza,3,16.9,9.8,0.0,50.7,29.4,21.3
2792,1105,2025-05-08,5,3,Olinda,Olinda,Loja,1,Café 500g,Alimentos,3,18.9,10.2,0.15,48.19,30.6,17.59
2793,1105,2025-05-08,5,3,Olinda,Olinda,Loja,5,Suco 1L,Bebidas,5,8.5,5.2,0.0,42.5,26.0,16.5
2794,1105,2025-05-08,5,3,Olinda,Olinda,Loja,6,Refrigerante 2L,Bebidas,1,11.9,7.0,0.0,11.9,7.0,4.9
2795,1105,2025-05-08,5,3,Olinda,Olinda,Loja,3,Feijão 1kg,Alimentos,5,9.9,6.1,0.15,42.07,30.5,11.58
2796,1106,2025-06-14,6,2,Boa Viagem,Recife,Online,8,Sabão em pó,Limpeza,4,16.9,9.8,0.0,67.6,39.2,28.4
2797,1106,2025-06-14,6,2,Boa Viagem,Recife,Online,1,Café 500g,Alimentos,3,18.9,10.2,0.05,53.86,30.6,23.26
2798,1106,2025-06-14,6,2,Boa Viagem,Recife,Online,10,Shampoo,Higiene,5,19.9,11.3,0.0,99.5,56.5,43.0
2799,1106,2025-06-14,6,2,Boa Viagem,Recife,Online,9,Papel higiênico,Higiene,4,15.9,8.7,0.0,63.6,34.8,28.8
2800,1107,2025-10-24,10,1,Recife Centro,Recife,Loja,2,Arroz 5kg,Alimentos,3,27.5,18.3,0.0,82.5,54.9,27.6
2801,1107,2025-10-24,10,1,Recife Centro,Recife,Loja,8,Sabão em pó,Limpeza,3,16.9,9.8,0.05,48.16,29.4,18.76
2802,1107,2025-10-24,10,1,Recife Centro,Recife,Loja,3,Feijão 1kg,Alimentos,2,9.9,6.1,0.0,19.8,12.2,7.6
2803,1108,2025-11-19,11,1,Recife Centro,Recife,Loja,4,Leite 1L,Bebidas,1,5.5,3.7,0.15,4.67,3.7,0.97
2804,1109,2025-01-20,1,1,Recife Centro,Recife,Loja,10,Shampoo,Higiene,2,19.9,11.3,0.0,39.8,22.6,17.2
2805,1109,2025-01-20,1,1,Recife Centro,Recife,Loja,6,Refrigerante 2L,Bebidas,3,11.9,7.0,0.0,35.7,21.0,14.7
2806,1109,2025-01-20,1,1,Recife Centro,Recife,Loja,1,Café 500g,Alimentos,1,18.9,10.2,0.15,16.06,10.2,5.86
2807,1109,2025-01-20,1,1,Recife Centro,Recife,Loja,5,Suco 1L,Bebidas,3,8.5,5.2,0.1,22.95,15.6,7.35
2808,1110,2025-01-23,1,3,Olinda,Olinda,Loja,2,Arroz 5kg,Alimentos,5,27.5,18.3,0.05,130.63,91.5,39.13
2809,1111,2025-02-27,2,3,Olinda,Olinda,Loja,6,Refrigerante 2L,Bebidas,4,11.9,7.0,0.0,47.6,28.0,19.6
2810,1111,2025-02-27,2,3,Olinda,Olinda,Loja,10,Shampoo,Higiene,4,19.9,11.3,0.0,79.6,45.2,34.4
2811,1112,2025-03-15,3,1,Recife Centro,Recife,Loja,6,Refrigerante 2L,Bebidas,4,11.9,7.0,0.0,47.6,28.0,19.6
2812,1112,2025-03-15,3,1,Recife Centro,Recife,Loja,7,Detergente,Limpeza,5,3.9,2.0,0.0,19.5,10.0,9.5
2813,1112,2025-03-15,3,1,Recife Centro,Recife,Loja,10,Shampoo,Higiene,2,19.9,11.3,0.0,39.8,22.6,17.2
2814,1113,2025-01-23,1,2,Boa Viagem,Recife,Online,2,Arroz 5kg,Alimentos,5,27.5,18.3,0.0,137.5,91.5,46.0
2815,1114,2025-06-10,6,3,Olinda,Olinda,Loja,4,Leite 1L,Bebidas,2,5.5,3.7,0.05,10.45,7.4,3.05
2816,1114,2025-06-10,6,3,Olinda,Olinda,Loja,7,Detergente,Limpeza,1,3.9,2.0,0.0,3.9,2.0,1.9
2817,1114,2025-06-10,6,3,Olinda,Olinda,Loja,1,Café 500g,Alimentos,2,18.9,10.2,0.1,34.02,20.4,13.62
2818,1115,2025-09-15,9,3,Olinda,Olinda,Loja,9,Papel higiênico,Higiene,4,15.9,8.7,0.15,54.06,34.8,19.26
2819,1115,2025-09-15,9,3,Olinda,Olinda,Loja,2,Arroz 5kg,Alimentos,5,27.5,18.3,0.1,123.75,91.5,32.25
2820,1115,2025-09-15,9,3,Olinda,Olinda,Loja,1,Café 500g,Alimentos,4,18.9,10.2,0.0,75.6,40.8,34.8
2821,1115,2025-09-15,9,3,Olinda,Olinda,Loja,5,Suco 1L,Bebidas,3,8.5,5.2,0.0,25.5,15.6,9.9
2822,1116,2025-10-22,10,2,Boa Viagem,Recife,Online,4,Leite 1L,Bebidas,4,5.5,3.7,0.0,22.0,14.8,7.2
2823,1116,2025-10-22,10,2,Boa Viagem,Recife,Online,6,Refrigerante 2L,Bebidas,1,11.9,7.0,0.15,10.12,7.0,3.12
2824,1116,2025-10-22,10,2,Boa Viagem,Recife,Online,10,Shampoo,Higiene,2,19.9,11.3,0.05,37.81,22.6,15.21
2825,1117,2025-07-29,7,2,Boa Viagem,Recife,Loja,6,Refrigerante 2L,Bebidas,4,11.9,7.0,0.1,42.84,28.0,14.84
2826,1118,2025-04-28,4,2,Boa Viagem,Recife,Online,10,Shampoo,Higiene,5,19.9,11.3,0.0,99.5,56.5,43.0
2827,1118,2025-04-28,4,2,Boa Viagem,Recife,Online,3,Feijão 1kg,Alimentos,4,9.9,6.1,0.15,33.66,24.4,9.26
2828,1119,2025-10-27,10,3,Olinda,Olinda,Loja,5,Suco 1L,Bebidas,1,8.5,5.2,0.0,8.5,5.2,3.3
2829,1119,2025-10-27,10,3,Olinda,Olinda,Loja,6,Refrigerante 2L,Bebidas,4,11.9,7.0,0.05,45.22,28.0,17.22
2830,1119,2025-10-27,10,3,Olinda,Olinda,Loja,9,Papel higiênico,Higiene,5,15.9,8.7,0.0,79.5,43.5,36.0
2831,1120,2025-10-22,10,2,Boa Viagem,Recife,Loja,3,Feijão 1kg,Alimentos,1,9.9,6.1,0.0,9.9,6.1,3.8
2832,1120,2025-10-22,10,2,Boa Viagem,Recife,Loja,8,Sabão em pó,Limpeza,1,16.9,9.8,0.05,16.05,9.8,6.25
2833,1121,2025-05-15,5,3,Olinda,Olinda,Loja,2,Arroz 5kg,Alimentos,4,27.5,18.3,0.0,110.0,73.2,36.8
2834,1121,2025-05-15,5,3,Olinda,Olinda,Loja,3,Feijão 1kg,Alimentos,2,9.9,6.1,0.0,19.8,12.2,7.6
2835,1121,2025-05-15,5,3,Olinda,Olinda,Loja,1,Café 500g,Alimentos,2,18.9,10.2,0.1,34.02,20.4,13.62
2836,1121,2025-05-15,5,3,Olinda,Olinda,Loja,7,Detergente,Limpeza,5,3.9,2.0,0.05,18.52,10.0,8.52
2837,1122,2025-08-05,8,2,Boa Viagem,Recife,Loja,5,Suco 1L,Bebidas,3,8.5,5.2,0.0,25.5,15.6,9.9
2838,1122,2025-08-05,8,2,Boa Viagem,Recife,Loja,2,Arroz 5kg,Alimentos,5,27.5,18.3,0.1,123.75,91.5,32.25
2839,1123,2025-11-12,11,1,Recife Centro,Recife,Online,2,Arroz 5kg,Alimentos,3,27.5,18.3,0.05,78.38,54.9,23.47
2840,1124,2025-07-29,7,3,Olinda,Olinda,Loja,5,Suco 1L,Bebidas,2,8.5,5.2,0.15,14.45,10.4,4.05
2841,1124,2025-07-29,7,3,Olinda,Olinda,Loja,8,Sabão em pó,Limpeza,5,16.9,9.8,0.1,76.05,49.0,27.05
2842,1124,2025-07-29,7,3,Olinda,Olinda,Loja,3,Feijão 1kg,Alimentos,1,9.9,6.1,0.0,9.9,6.1,3.8
2843,1124,2025-07-29,7,3,Olinda,Olinda,Loja,6,Refrigerante 2L,Bebidas,1,11.9,7.0,0.1,10.71,7.0,3.71
2844,1125,2025-10-31,10,2,Boa Viagem,Recife,Loja,7,Detergente,Limpeza,5,3.9,2.0,0.15,16.57,10.0,6.57
2845,1125,2025-10-31,10,2,Boa Viagem,Recife,Loja,6,Refrigerante 2L,Bebidas,5,11.9,7.0,0.0,59.5,35.0,24.5
2846,1125,2025-10-31,10,2,Boa Viagem,Recife,Loja,8,Sabão em pó,Limpeza,1,16.9,9.8,0.0,16.9,9.8,7.1
2847,1125,2025-10-31,10,2,Boa Viagem,Recife,Loja,2,Arroz 5kg,Alimentos,3,27.5,18.3,0.05,78.38,54.9,23.47
2848,1126,2025-06-24,6,1,Recife Centro,Recife,Loja,5,Suco 1L,Bebidas,2,8.5,5.2,0.0,17.0,10.4,6.6
2849,1126,2025-06-24,6,1,Recife Centro,Recife,Loja,6,Refrigerante 2L,Bebidas,1,11.9,7.0,0.15,10.12,7.0,3.12
2850,1126,2025-06-24,6,1,Recife Centro,Recife,Loja,7,Detergente,Limpeza,2,3.9,2.0,0.05,7.41,4.0,3.41
2851,1126,2025-06-24,6,1,Recife Centro,Recife,Loja,3,Feijão 1kg,Alimentos,5,9.9,6.1,0.0,49.5,30.5,19.0
2852,1127,2025-10-22,10,3,Olinda,Olinda,Loja,5,Suco 1L,Bebidas,3,8.5,5.2,0.0,25.5,15.6,9.9
2853,1127,2025-10-22,10,3,Olinda,Olinda,Loja,3,Feijão 1kg,Alimentos,4,9.9,6.1,0.05,37.62,24.4,13.22
2854,1127,2025-10-22,10,3,Olinda,Olinda,Loja,2,Arroz 5kg,Alimentos,2,27.5,18.3,0.0,55.0,36.6,18.4
2855,1128,2025-05-28,5,2,Boa Viagem,Recife,Online,4,Leite 1L,Bebidas,3,5.5,3.7,0.0,16.5,11.1,5.4
2856,1129,2025-02-19,2,1,Recife Centro,Recife,Loja,1,Café 500g,Alimentos,5,18.9,10.2,0.1,85.05,51.0,34.05
2857,1129,2025-02-19,2,1,Recife Centro,Recife,Loja,10,Shampoo,Higiene,2,19.9,11.3,0.0,39.8,22.6,17.2
2858,1130,2025-09-08,9,1,Recife Centro,Recife,Loja,10,Shampoo,Higiene,5,19.9,11.3,0.0,99.5,56.5,43.0
2859,1130,2025-09-08,9,1,Recife Centro,Recife,Loja,7,Detergente,Limpeza,4,3.9,2.0,0.0,15.6,8.0,7.6
2860,1130,2025-09-08,9,1,Recife Centro,Recife,Loja,8,Sabão em pó,Limpeza,1,16.9,9.8,0.15,14.36,9.8,4.56
2861,1131,2025-12-28,12,1,Recife Centro,Recife,Loja,8,Sabão em pó,Limpeza,2,16.9,9.8,0.0,33.8,19.6,14.2
2862,1131,2025-12-28,12,1,Recife Centro,Recife,Loja,5,Suco 1L,Bebidas,1,8.5,5.2,0.0,8.5,5.2,3.3
2863,1131,2025-12-28,12,1,Recife Centro,Recife,Loja,2,Arroz 5kg,Alimentos,1,27.5,18.3,0.15,23.38,18.3,5.07
2864,1131,2025-12-28,12,1,Recife Centro,Recife,Loja,7,Detergente,Limpeza,2,3.9,2.0,0.15,6.63,4.0,2.63
2865,1132,2025-02-08,2,2,Boa Viagem,Recife,Loja,5,Suco 1L,Bebidas,3,8.5,5.2,0.0,25.5,15.6,9.9
2866,1132,2025-02-08,2,2,Boa Viagem,Recife,Loja,8,Sabão em pó,Limpeza,4,16.9,9.8,0.0,67.6,39.2,28.4
2867,1132,2025-02-08,2,2,Boa Viagem,Recife,Loja,2,Arroz 5kg,Alimentos,5,27.5,18.3,0.0,137.5,91.5,46.0
2868,1133,2025-04-08,4,3,Olinda,Olinda,Loja,1,Café 500g,Alimentos,2,18.9,10.2,0.0,37.8,20.4,17.4
2869,1134,2025-10-28,10,2,Boa Viagem,Recife,Online,4,Leite 1L,Bebidas,4,5.5,3.7,0.0,22.0,14.8,7.2
2870,1134,2025-10-28,10,2,Boa Viagem,Recife,Online,5,Suco 1L,Bebidas,4,8.5,5.2,0.0,34.0,20.8,13.2
2871,1135,2025-09-12,9,2,Boa Viagem,Recife,Loja,9,Papel higiênico,Higiene,2,15.9,8.7,0.0,31.8,17.4,14.4
2872,1136,2025-08-11,8,1,Recife Centro,Recife,Loja,3,Feijão 1kg,Alimentos,4,9.9,6.1,0.15,33.66,24.4,9.26
2873,1136,2025-08-11,8,1,Recife Centro,Recife,Loja,1,Café 500g,Alimentos,3,18.9,10.2,0.1,51.03,30.6,20.43
2874,1137,2025-07-14,7,3,Olinda,Olinda,Loja,8,Sabão em pó,Limpeza,3,16.9,9.8,0.0,50.7,29.4,21.3
2875,1137,2025-07-14,7,3,Olinda,Olinda,Loja,9,Papel higiênico,Higiene,3,15.9,8.7,0.15,40.55,26.1,14.45
2876,1137,2025-07-14,7,3,Olinda,Olinda,Loja,3,Feijão 1kg,Alimentos,4,9.9,6.1,0.05,37.62,24.4,13.22
2877,1138,2025-11-19,11,2,Boa Viagem,Recife,Loja,5,Suco 1L,Bebidas,3,8.5,5.2,0.05,24.22,15.6,8.62
2878,1138,2025-11-19,11,2,Boa Viagem,Recife,Loja,2,Arroz 5kg,Alimentos,4,27.5,18.3,0.0,110.0,73.2,36.8
2879,1138,2025-11-19,11,2,Boa Viagem,Recife,Loja,4,Leite 1L,Bebidas,2,5.5,3.7,0.15,9.35,7.4,1.95
2880,1138,2025-11-19,11,2,Boa Viagem,Recife,Loja,1,Café 500g,Alimentos,4,18.9,10.2,0.0,75.6,40.8,34.8
2881,1139,2025-04-01,4,2,Boa Viagem,Recife,Online,6,Refrigerante 2L,Bebidas,4,11.9,7.0,0.15,40.46,28.0,12.46
2882,1140,2025-03-07,3,2,Boa Viagem,Recife,Online,10,Shampoo,Higiene,3,19.9,11.3,0.0,59.7,33.9,25.8
2883,1140,2025-03-07,3,2,Boa Viagem,Recife,Online,7,Detergente,Limpeza,5,3.9,2.0,0.0,19.5,10.0,9.5
2884,1140,2025-03-07,3,2,Boa Viagem,Recife,Online,4,Leite 1L,Bebidas,4,5.5,3.7,0.0,22.0,14.8,7.2
2885,1140,2025-03-07,3,2,Boa Viagem,Recife,Online,1,Café 500g,Alimentos,5,18.9,10.2,0.0,94.5,51.0,43.5
2886,1141,2025-05-14,5,3,Olinda,Olinda,Loja,8,Sabão em pó,Limpeza,1,16.9,9.8,0.0,16.9,9.8,7.1
2887,1141,2025-05-14,5,3,Olinda,Olinda,Loja,7,Detergente,Limpeza,4,3.9,2.0,0.15,13.26,8.0,5.26
2888,1141,2025-05-14,5,3,Olinda,Olinda,Loja,9,Papel higiênico,Higiene,2,15.9,8.7,0.0,31.8,17.4,14.4
2889,1141,2025-05-14,5,3,Olinda,Olinda,Loja,3,Feijão 1kg,Alimentos,1,9.9,6.1,0.0,9.9,6.1,3.8
2890,1142,2025-08-18,8,2,Boa Viagem,Recife,Loja,9,Papel higiênico,Higiene,1,15.9,8.7,0.1,14.31,8.7,5.61
2891,1142,2025-08-18,8,2,Boa Viagem,Recife,Loja,4,Leite 1L,Bebidas,5,5.5,3.7,0.0,27.5,18.5,9.0
2892,1143,2025-03-08,3,3,Olinda,Olinda,Loja,7,Detergente,Limpeza,1,3.9,2.0,0.15,3.31,2.0,1.31
2893,1144,2025-06-20,6,2,Boa Viagem,Recife,Online,1,Café 500g,Alimentos,5,18.9,10.2,0.0,94.5,51.0,43.5
2894,1145,2025-07-05,7,3,Olinda,Olinda,Loja,9,Papel higiênico,Higiene,2,15.9,8.7,0.0,31.8,17.4,14.4
2895,1145,2025-07-05,7,3,Olinda,Olinda,Loja,7,Detergente,Limpeza,2,3.9,2.0,0.0,7.8,4.0,3.8
2896,1146,2025-06-19,6,2,Boa Viagem,Recife,Loja,1,Café 500g,Alimentos,1,18.9,10.2,0.1,17.01,10.2,6.81
2897,1146,2025-06-19,6,2,Boa Viagem,Recife,Loja,10,Shampoo,Higiene,1,19.9,11.3,0.1,17.91,11.3,6.61
2898,1147,2025-07-23,7,2,Boa Viagem,Recife,Loja,5,Suco 1L,Bebidas,2,8.5,5.2,0.0,17.0,10.4,6.6
2899,1147,2025-07-23,7,2,Boa Viagem,Recife,Loja,1,Café 500g,Alimentos,3,18.9,10.2,0.15,48.19,30.6,17.59
2900,1147,2025-07-23,7,2,Boa Viagem,Recife,Loja,4,Leite 1L,Bebidas,1,5.5,3.7,0.05,5.22,3.7,1.52
2901,1148,2025-12-02,12,2,Boa Viagem,Recife,Loja,2,Arroz 5kg,Alimentos,5,27.5,18.3,0.15,116.88,91.5,25.37
2902,1148,2025-12-02,12,2,Boa Viagem,Recife,Loja,10,Shampoo,Higiene,4,19.9,11.3,0.0,79.6,45.2,34.4
2903,1148,2025-12-02,12,2,Boa Viagem,Recife,Loja,9,Papel higiênico,Higiene,1,15.9,8.7,0.15,13.52,8.7,4.82
2904,1149,2025-10-05,10,3,Olinda,Olinda,Online,10,Shampoo,Higiene,4,19.9,11.3,0.0,79.6,45.2,34.4
2905,1150,2025-11-07,11,2,Boa Viagem,Recife,Online,9,Papel higiênico,Higiene,4,15.9,8.7,0.0,63.6,34.8,28.8
2906,1150,2025-11-07,11,2,Boa Viagem,Recife,Online,1,Café 500g,Alimentos,1,18.9,10.2,0.0,18.9,10.2,8.7
2907,1150,2025-11-07,11,2,Boa Viagem,Recife,Online,5,Suco 1L,Bebidas,5,8.5,5.2,0.05,40.38,26.0,14.37
2908,1150,2025-11-07,11,2,Boa Viagem,Recife,Online,3,Feijão 1kg,Alimentos,4,9.9,6.1,0.0,39.6,24.4,15.2
2909,1151,2025-08-08,8,1,Recife Centro,Recife,Loja,9,Papel higiênico,Higiene,5,15.9,8.7,0.1,71.55,43.5,28.05
2910,1151,2025-08-08,8,1,Recife Centro,Recife,Loja,5,Suco 1L,Bebidas,2,8.5,5.2,0.05,16.15,10.4,5.75
2911,1151,2025-08-08,8,1,Recife Centro,Recife,Loja,8,Sabão em pó,Limpeza,1,16.9,9.8,0.05,16.05,9.8,6.25
2912,1151,2025-08-08,8,1,Recife Centro,Recife,Loja,3,Feijão 1kg,Alimentos,4,9.9,6.1,0.0,39.6,24.4,15.2
2913,1152,2025-10-07,10,3,Olinda,Olinda,Loja,10,Shampoo,Higiene,4,19.9,11.3,0.0,79.6,45.2,34.4
2914,1152,2025-10-07,10,3,Olinda,Olinda,Loja,1,Café 500g,Alimentos,4,18.9,10.2,0.0,75.6,40.8,34.8
2915,1153,2025-09-02,9,3,Olinda,Olinda,Loja,6,Refrigerante 2L,Bebidas,1,11.9,7.0,0.1,10.71,7.0,3.71
2916,1153,2025-09-02,9,3,Olinda,Olinda,Loja,3,Feijão 1kg,Alimentos,2,9.9,6.1,0.0,19.8,12.2,7.6
2917,1153,2025-09-02,9,3,Olinda,Olinda,Loja,2,Arroz 5kg,Alimentos,4,27.5,18.3,0.1,99.0,73.2,25.8
2918,1154,2025-05-08,5,1,Recife Centro,Recife,Loja,9,Papel higiênico,Higiene,4,15.9,8.7,0.0,63.6,34.8,28.8
2919,1154,2025-05-08,5,1,Recife Centro,Recife,Loja,4,Leite 1L,Bebidas,4,5.5,3.7,0.0,22.0,14.8,7.2
2920,1154,2025-05-08,5,1,Recife Centro,Recife,Loja,1,Café 500g,Alimentos,3,18.9,10.2,0.0,56.7,30.6,26.1
2921,1154,2025-05-08,5,1,Recife Centro,Recife,Loja,7,Detergente,Limpeza,1,3.9,2.0,0.0,3.9,2.0,1.9
2922,1155,2025-12-19,12,3,Olinda,Olinda,Loja,5,Suco 1L,Bebidas,2,8.5,5.2,0.1,15.3,10.4,4.9
2923,1156,2025-09-08,9,3,Olinda,Olinda,Loja,6,Refrigerante 2L,Bebidas,4,11.9,7.0,0.1,42.84,28.0,14.84
2924,1156,2025-09-08,9,3,Olinda,Olinda,Loja,8,Sabão em pó,Limpeza,5,16.9,9.8,0.15,71.83,49.0,22.82
2925,1157,2025-02-11,2,1,Recife Centro,Recife,Loja,7,Detergente,Limpeza,2,3.9,2.0,0.0,7.8,4.0,3.8
2926,1158,2025-03-24,3,3,Olinda,Olinda,Loja,4,Leite 1L,Bebidas,1,5.5,3.7,0.0,5.5,3.7,1.8
2927,1158,2025-03-24,3,3,Olinda,Olinda,Loja,8,Sabão em pó,Limpeza,4,16.9,9.8,0.05,64.22,39.2,25.02
2928,1159,2025-03-29,3,3,Olinda,Olinda,Online,3,Feijão 1kg,Alimentos,1,9.9,6.1,0.0,9.9,6.1,3.8
2929,1159,2025-03-29,3,3,Olinda,Olinda,Online,9,Papel higiênico,Higiene,1,15.9,8.7,0.05,15.11,8.7,6.41
2930,1159,2025-03-29,3,3,Olinda,Olinda,Online,7,Detergente,Limpeza,3,3.9,2.0,0.15,9.94,6.0,3.94
2931,1159,2025-03-29,3,3,Olinda,Olinda,Online,4,Leite 1L,Bebidas,3,5.5,3.7,0.1,14.85,11.1,3.75
2932,1160,2025-06-15,6,3,Olinda,Olinda,Online,3,Feijão 1kg,Alimentos,5,9.9,6.1,0.15,42.07,30.5,11.58
2933,1160,2025-06-15,6,3,Olinda,Olinda,Online,5,Suco 1L,Bebidas,2,8.5,5.2,0.1,15.3,10.4,4.9
2934,1161,2025-07-10,7,3,Olinda,Olinda,Loja,8,Sabão em pó,Limpeza,2,16.9,9.8,0.0,33.8,19.6,14.2
2935,1161,2025-07-10,7,3,Olinda,Olinda,Loja,4,Leite 1L,Bebidas,5,5.5,3.7,0.15,23.38,18.5,4.87
2936,1161,2025-07-10,7,3,Olinda,Olinda,Loja,6,Refrigerante 2L,Bebidas,4,11.9,7.0,0.0,47.6,28.0,19.6
2937,1161,2025-07-10,7,3,Olinda,Olinda,Loja,10,Shampoo,Higiene,3,19.9,11.3,0.05,56.71,33.9,22.81
2938,1162,2025-04-02,4,1,Recife Centro,Recife,Loja,5,Suco 1L,Bebidas,2,8.5,5.2,0.0,17.0,10.4,6.6
2939,1163,2025-12-22,12,1,Recife Centro,Recife,Loja,2,Arroz 5kg,Alimentos,5,27.5,18.3,0.0,137.5,91.5,46.0
2940,1163,2025-12-22,12,1,Recife Centro,Recife,Loja,1,Café 500g,Alimentos,1,18.9,10.2,0.0,18.9,10.2,8.7
2941,1163,2025-12-22,12,1,Recife Centro,Recife,Loja,8,Sabão em pó,Limpeza,5,16.9,9.8,0.0,84.5,49.0,35.5
2942,1164,2025-06-26,6,3,Olinda,Olinda,Loja,5,Suco 1L,Bebidas,4,8.5,5.2,0.1,30.6,20.8,9.8
2943,1164,2025-06-26,6,3,Olinda,Olinda,Loja,10,Shampoo,Higiene,3,19.9,11.3,0.0,59.7,33.9,25.8
2944,1165,2025-11-16,11,2,Boa Viagem,Recife,Online,2,Arroz 5kg,Alimentos,1,27.5,18.3,0.15,23.38,18.3,5.07
2945,1165,2025-11-16,11,2,Boa Viagem,Recife,Online,3,Feijão 1kg,Alimentos,2,9.9,6.1,0.0,19.8,12.2,7.6
2946,1166,2025-04-02,4,2,Boa Viagem,Recife,Loja,9,Papel higiênico,Higiene,3,15.9,8.7,0.1,42.93,26.1,16.83
2947,1166,2025-04-02,4,2,Boa Viagem,Recife,Loja,7,Detergente,Limpeza,5,3.9,2.0,0.1,17.55,10.0,7.55
2948,1167,2025-05-22,5,3,Olinda,Olinda,Online,4,Leite 1L,Bebidas,2,5.5,3.7,0.0,11.0,7.4,3.6
2949,1167,2025-05-22,5,3,Olinda,Olinda,Online,3,Feijão 1kg,Alimentos,1,9.9,6.1,0.1,8.91,6.1,2.81
2950,1167,2025-05-22,5,3,Olinda,Olinda,Online,1,Café 500g,Alimentos,2,18.9,10.2,0.0,37.8,20.4,17.4
2951,1167,2025-05-22,5,3,Olinda,Olinda,Online,7,Detergente,Limpeza,2,3.9,2.0,0.05,7.41,4.0,3.41
2952,1168,2025-01-01,1,2,Boa Viagem,Recife,Loja,3,Feijão 1kg,Alimentos,5,9.9,6.1,0.05,47.02,30.5,16.52
2953,1169,2025-08-06,8,3,Olinda,Olinda,Loja,9,Papel higiênico,Higiene,5,15.9,8.7,0.05,75.52,43.5,32.03
2954,1169,2025-08-06,8,3,Olinda,Olinda,Loja,2,Arroz 5kg,Alimentos,4,27.5,18.3,0.05,104.5,73.2,31.3
2955,1169,2025-08-06,8,3,Olinda,Olinda,Loja,4,Leite 1L,Bebidas,4,5.5,3.7,0.0,22.0,14.8,7.2
2956,1170,2025-06-09,6,3,Olinda,Olinda,Loja,10,Shampoo,Higiene,2,19.9,11.3,0.0,39.8,22.6,17.2
2957,1171,2025-11-21,11,2,Boa Viagem,Recife,Loja,9,Papel higiênico,Higiene,3,15.9,8.7,0.15,40.55,26.1,14.45
2958,1171,2025-11-21,11,2,Boa Viagem,Recife,Loja,8,Sabão em pó,Limpeza,1,16.9,9.8,0.1,15.21,9.8,5.41
2959,1171,2025-11-21,11,2,Boa Viagem,Recife,Loja,10,Shampoo,Higiene,4,19.9,11.3,0.15,67.66,45.2,22.46
2960,1171,2025-11-21,11,2,Boa Viagem,Recife,Loja,6,Refrigerante 2L,Bebidas,3,11.9,7.0,0.0,35.7,21.0,14.7
2961,1172,2025-01-13,1,2,Boa Viagem,Recife,Online,7,Detergente,Limpeza,4,3.9,2.0,0.0,15.6,8.0,7.6
2962,1172,2025-01-13,1,2,Boa Viagem,Recife,Online,4,Leite 1L,Bebidas,2,5.5,3.7,0.15,9.35,7.4,1.95
2963,1172,2025-01-13,1,2,Boa Viagem,Recife,Online,9,Papel higiênico,Higiene,1,15.9,8.7,0.0,15.9,8.7,7.2
2964,1173,2025-08-15,8,2,Boa Viagem,Recife,Loja,10,Shampoo,Higiene,3,19.9,11.3,0.0,59.7,33.9,25.8
2965,1174,2025-02-18,2,2,Boa Viagem,Recife,Online,10,Shampoo,Higiene,3,19.9,11.3,0.0,59.7,33.9,25.8
2966,1175,2025-11-28,11,2,Boa Viagem,Recife,Loja,1,Café 500g,Alimentos,1,18.9,10.2,0.1,17.01,10.2,6.81
2967,1175,2025-11-28,11,2,Boa Viagem,Recife,Loja,5,Suco 1L,Bebidas,1,8.5,5.2,0.15,7.22,5.2,2.02
2968,1175,2025-11-28,11,2,Boa Viagem,Recife,Loja,9,Papel higiênico,Higiene,4,15.9,8.7,0.1,57.24,34.8,22.44
2969,1175,2025-11-28,11,2,Boa Viagem,Recife,Loja,6,Refrigerante 2L,Bebidas,4,11.9,7.0,0.05,45.22,28.0,17.22
2970,1176,2025-03-30,3,2,Boa Viagem,Recife,Loja,1,Café 500g,Alimentos,3,18.9,10.2,0.0,56.7,30.6,26.1
2971,1177,2025-11-10,11,3,Olinda,Olinda,Loja,3,Feijão 1kg,Alimentos,4,9.9,6.1,0.0,39.6,24.4,15.2
2972,1177,2025-11-10,11,3,Olinda,Olinda,Loja,2,Arroz 5kg,Alimentos,1,27.5,18.3,0.05,26.13,18.3,7.82
2973,1178,2025-11-23,11,3,Olinda,Olinda,Loja,9,Papel higiênico,Higiene,3,15.9,8.7,0.0,47.7,26.1,21.6
2974,1179,2025-12-02,12,3,Olinda,Olinda,Loja,6,Refrigerante 2L,Bebidas,5,11.9,7.0,0.0,59.5,35.0,24.5
2975,1179,2025-12-02,12,3,Olinda,Olinda,Loja,3,Feijão 1kg,Alimentos,4,9.9,6.1,0.05,37.62,24.4,13.22
2976,1179,2025-12-02,12,3,Olinda,Olinda,Loja,10,Shampoo,Higiene,1,19.9,11.3,0.0,19.9,11.3,8.6
2977,1180,2025-04-09,4,3,Olinda,Olinda,Loja,2,Arroz 5kg,Alimentos,1,27.5,18.3,0.0,27.5,18.3,9.2
2978,1180,2025-04-09,4,3,Olinda,Olinda,Loja,3,Feijão 1kg,Alimentos,5,9.9,6.1,0.0,49.5,30.5,19.0
2979,1180,2025-04-09,4,3,Olinda,Olinda,Loja,8,Sabão em pó,Limpeza,5,16.9,9.8,0.05,80.27,49.0,31.27
2980,1181,2025-03-30,3,3,Olinda,Olinda,Loja,5,Suco 1L,Bebidas,3,8.5,5.2,0.1,22.95,15.6,7.35
2981,1182,2025-06-29,6,1,Recife Centro,Recife,Loja,10,Shampoo,Higiene,4,19.9,11.3,0.0,79.6,45.2,34.4
2982,1183,2025-03-01,3,1,Recife Centro,Recife,Loja,3,Feijão 1kg,Alimentos,3,9.9,6.1,0.1,26.73,18.3,8.43
2983,1184,2025-11-17,11,1,Recife Centro,Recife,Online,4,Leite 1L,Bebidas,3,5.5,3.7,0.05,15.67,11.1,4.57
2984,1185,2025-02-11,2,3,Olinda,Olinda,Online,4,Leite 1L,Bebidas,1,5.5,3.7,0.05,5.22,3.7,1.52
2985,1185,2025-02-11,2,3,Olinda,Olinda,Online,3,Feijão 1kg,Alimentos,3,9.9,6.1,0.0,29.7,18.3,11.4
2986,1185,2025-02-11,2,3,Olinda,Olinda,Online,5,Suco 1L,Bebidas,3,8.5,5.2,0.0,25.5,15.6,9.9
2987,1186,2025-10-17,10,2,Boa Viagem,Recife,Loja,5,Suco 1L,Bebidas,2,8.5,5.2,0.0,17.0,10.4,6.6
2988,1186,2025-10-17,10,2,Boa Viagem,Recife,Loja,4,Leite 1L,Bebidas,3,5.5,3.7,0.15,14.03,11.1,2.92
2989,1187,2025-08-14,8,2,Boa Viagem,Recife,Loja,10,Shampoo,Higiene,5,19.9,11.3,0.05,94.52,56.5,38.02
2990,1187,2025-08-14,8,2,Boa Viagem,Recife,Loja,6,Refrigerante 2L,Bebidas,2,11.9,7.0,0.0,23.8,14.0,9.8
2991,1187,2025-08-14,8,2,Boa Viagem,Recife,Loja,9,Papel higiênico,Higiene,5,15.9,8.7,0.05,75.52,43.5,32.03
2992,1188,2025-03-21,3,3,Olinda,Olinda,Loja,6,Refrigerante 2L,Bebidas,5,11.9,7.0,0.1,53.55,35.0,18.55
2993,1188,2025-03-21,3,3,Olinda,Olinda,Loja,5,Suco 1L,Bebidas,3,8.5,5.2,0.0,25.5,15.6,9.9
2994,1188,2025-03-21,3,3,Olinda,Olinda,Loja,4,Leite 1L,Bebidas,5,5.5,3.7,0.0,27.5,18.5,9.0
2995,1188,2025-03-21,3,3,Olinda,Olinda,Loja,3,Feijão 1kg,Alimentos,3,9.9,6.1,0.0,29.7,18.3,11.4
2996,1189,2025-08-28,8,2,Boa Viagem,Recife,Loja,9,Papel higiênico,Higiene,2,15.9,8.7,0.05,30.21,17.4,12.81
2997,1190,2025-03-13,3,2,Boa Viagem,Recife,Loja,10,Shampoo,Higiene,3,19.9,11.3,0.15,50.74,33.9,16.84
2998,1190,2025-03-13,3,2,Boa Viagem,Recife,Loja,7,Detergente,Limpeza,1,3.9,2.0,0.15,3.31,2.0,1.31
2999,1190,2025-03-13,3,2,Boa Viagem,Recife,Loja,1,Café 500g,Alimentos,3,18.9,10.2,0.0,56.7,30.6,26.1
3000,1191,2025-03-23,3,2,Boa Viagem,Recife,Loja,2,Arroz 5kg,Alimentos,3,27.5,18.3,0.0,82.5,54.9,27.6
3001,1191,2025-03-23,3,2,Boa Viagem,Recife,Loja,3,Feijão 1kg,Alimentos,4,9.9,6.1,0.1,35.64,24.4,11.24
3002,1191,2025-03-23,3,2,Boa Viagem,Recife,Loja,6,Refrigerante 2L,Bebidas,2,11.9,7.0,0.0,23.8,14.0,9.8
3003,1192,2025-08-13,8,3,Olinda,Olinda,Loja,7,Detergente,Limpeza,3,3.9,2.0,0.1,10.53,6.0,4.53
3004,1192,2025-08-13,8,3,Olinda,Olinda,Loja,8,Sabão em pó,Limpeza,3,16.9,9.8,0.05,48.16,29.4,18.76
3005,1192,2025-08-13,8,3,Olinda,Olinda,Loja,4,Leite 1L,Bebidas,4,5.5,3.7,0.0,22.0,14.8,7.2
3006,1192,2025-08-13,8,3,Olinda,Olinda,Loja,3,Feijão 1kg,Alimentos,1,9.9,6.1,0.0,9.9,6.1,3.8
3007,1193,2025-09-17,9,1,Recife Centro,Recife,Loja,10,Shampoo,Higiene,2,19.9,11.3,0.1,35.82,22.6,13.22
3008,1193,2025-09-17,9,1,Recife Centro,Recife,Loja,7,Detergente,Limpeza,2,3.9,2.0,0.0,7.8,4.0,3.8
3009,1193,2025-09-17,9,1,Recife Centro,Recife,Loja,1,Café 500g,Alimentos,5,18.9,10.2,0.15,80.33,51.0,29.32
3010,1194,2025-09-26,9,1,Recife Centro,Recife,Online,3,Feijão 1kg,Alimentos,1,9.9,6.1,0.0,9.9,6.1,3.8
3011,1194,2025-09-26,9,1,Recife Centro,Recife,Online,6,Refrigerante 2L,Bebidas,3,11.9,7.0,0.0,35.7,21.0,14.7
3012,1195,2025-06-27,6,2,Boa Viagem,Recife,Loja,1,Café 500g,Alimentos,3,18.9,10.2,0.0,56.7,30.6,26.1
3013,1195,2025-06-27,6,2,Boa Viagem,Recife,Loja,3,Feijão 1kg,Alimentos,1,9.9,6.1,0.0,9.9,6.1,3.8
3014,1195,2025-06-27,6,2,Boa Viagem,Recife,Loja,4,Leite 1L,Bebidas,2,5.5,3.7,0.0,11.0,7.4,3.6
3015,1195,2025-06-27,6,2,Boa Viagem,Recife,Loja,2,Arroz 5kg,Alimentos,4,27.5,18.3,0.0,110.0,73.2,36.8
3016,1196,2025-05-06,5,1,Recife Centro,Recife,Loja,1,Café 500g,Alimentos,3,18.9,10.2,0.0,56.7,30.6,26.1
3017,1196,2025-05-06,5,1,Recife Centro,Recife,Loja,8,Sabão em pó,Limpeza,4,16.9,9.8,0.1,60.84,39.2,21.64
3018,1196,2025-05-06,5,1,Recife Centro,Recife,Loja,3,Feijão 1kg,Alimentos,4,9.9,6.1,0.15,33.66,24.4,9.26
3019,1197,2025-04-19,4,2,Boa Viagem,Recife,Loja,4,Leite 1L,Bebidas,3,5.5,3.7,0.0,16.5,11.1,5.4
3020,1197,2025-04-19,4,2,Boa Viagem,Recife,Loja,2,Arroz 5kg,Alimentos,4,27.5,18.3,0.0,110.0,73.2,36.8
3021,1197,2025-04-19,4,2,Boa Viagem,Recife,Loja,7,Detergente,Limpeza,3,3.9,2.0,0.15,9.94,6.0,3.94
3022,1197,2025-04-19,4,2,Boa Viagem,Recife,Loja,9,Papel higiênico,Higiene,4,15.9,8.7,0.1,57.24,34.8,22.44
3023,1198,2025-07-21,7,3,Olinda,Olinda,Loja,10,Shampoo,Higiene,2,19.9,11.3,0.0,39.8,22.6,17.2
3024,1198,2025-07-21,7,3,Olinda,Olinda,Loja,1,Café 500g,Alimentos,3,18.9,10.2,0.0,56.7,30.6,26.1
3025,1198,2025-07-21,7,3,Olinda,Olinda,Loja,4,Leite 1L,Bebidas,3,5.5,3.7,0.1,14.85,11.1,3.75
3026,1198,2025-07-21,7,3,Olinda,Olinda,Loja,5,Suco 1L,Bebidas,1,8.5,5.2,0.1,7.65,5.2,2.45
3027,1199,2025-11-03,11,2,Boa Viagem,Recife,Online,3,Feijão 1kg,Alimentos,2,9.9,6.1,0.0,19.8,12.2,7.6
3028,1199,2025-11-03,11,2,Boa Viagem,Recife,Online,8,Sabão em pó,Limpeza,2,16.9,9.8,0.0,33.8,19.6,14.2
3029,1200,2025-08-11,8,1,Recife Centro,Recife,Loja,7,Detergente,Limpeza,3,3.9,2.0,0.0,11.7,6.0,5.7
3030,1200,2025-08-11,8,1,Recife Centro,Recife,Loja,3,Feijão 1kg,Alimentos,4,9.9,6.1,0.15,33.66,24.4,9.26
